0.01,-19.56,89.25,0.44,0.03,0.06,0.01,0.04,0.14,0.16,-0.12,0.69,-0.12,0.7,-95.31,83.5,179.69,0.08,0.04,0.02,0.14,0.02,0.41,0.5,0.55,0.45,0.49,-171.5,2.5,5.87,0.06,0.02,0.06,0.05,0.27,0.25,-0.02,0.05,-1.0,0.08,-129.0,17.44,10.06,0.05,0.49,0.28,0.52,0.03,0.29,-0.1,0.14,-0.88,0.44
0.02,-19.56,89.19,0.44,0.03,0.06,0.01,0.05,0.06,0.27,-0.12,0.69,-0.12,0.7,-95.31,83.62,179.63,0.04,0.03,0.05,0.28,0.03,0.33,0.5,0.55,0.45,0.49,-171.44,2.37,5.75,0.1,0.02,0.09,0.02,0.13,0.12,-0.02,0.05,-1.0,0.08,-129.38,17.94,10.13,0.1,0.5,0.34,0.44,0.14,0.19,-0.1,0.15,-0.88,0.43
0.03,-19.62,89.13,0.44,0.01,0.04,0.01,0.04,0.1,0.32,-0.12,0.69,-0.12,0.7,-95.31,83.69,179.56,0.03,0.04,0.05,0.18,0.08,0.36,0.5,0.55,0.45,0.49,-171.25,2.37,5.62,0.14,0.04,0.17,0.06,0.18,0.01,-0.02,0.05,-1.0,0.08,-129.87,18.5,10.19,0.14,0.53,0.34,0.42,0.16,0.11,-0.11,0.15,-0.88,0.43
0.04,-19.62,89.13,0.44,0.01,0.01,0.01,0.07,0.1,0.33,-0.12,0.69,-0.12,0.7,-95.38,83.81,179.5,0.01,0.12,0.06,0.34,0.34,0.01,0.5,0.55,0.45,0.5,-170.81,2.44,5.44,0.07,0.02,0.27,0.01,0.09,0.02,-0.02,0.05,-1.0,0.08,-130.31,19.12,10.19,0.17,0.58,0.31,0.34,0.17,0.12,-0.11,0.15,-0.89,0.43
0.05,-19.56,89.06,0.5,0.02,0.02,0.02,0.06,0.01,0.38,-0.12,0.69,-0.12,0.7,-95.38,84.0,179.44,0.07,0.25,0.01,0.11,0.1,0.52,0.5,0.55,0.45,0.5,-170.56,2.37,5.37,0.05,0.07,0.27,0.08,0.05,0.05,-0.02,0.05,-1.0,0.08,-130.75,19.69,10.13,0.19,0.62,0.31,0.17,0.15,0.11,-0.12,0.15,-0.89,0.42
0.06,-19.56,88.94,0.44,0.02,0.06,0.02,0.04,0.01,0.33,-0.12,0.69,-0.12,0.7,-95.5,84.31,179.38,0.05,0.31,0.04,0.15,0.27,0.15,0.5,0.55,0.45,0.5,-170.25,2.25,5.31,0.03,0.1,0.23,0.1,0.1,0.17,-0.02,0.05,-1.0,0.09,-131.19,20.31,10.13,0.18,0.62,0.34,0.07,0.04,0.11,-0.12,0.15,-0.89,0.42
0.07,-19.56,88.87,0.44,0.02,0.05,0.02,0.06,0.01,0.3,-0.12,0.69,-0.12,0.7,-95.75,84.87,179.25,0.09,0.22,0.04,0.41,0.22,0.09,0.49,0.55,0.45,0.5,-170.06,2.06,5.37,0.05,0.15,0.1,0.04,0.14,0.17,-0.01,0.05,-0.99,0.09,-132.0,21.25,10.19,0.13,0.65,0.48,0.13,0.02,0.08,-0.13,0.15,-0.89,0.41
0.08,-19.56,88.75,0.44,0.01,0.06,0.02,0.27,0.01,0.26,-0.12,0.69,-0.12,0.7,-95.94,85.19,179.19,0.1,0.35,0.01,0.32,0.17,0.16,0.49,0.55,0.45,0.51,-170.0,1.94,5.44,0.08,0.15,0.06,0.06,0.37,0.03,-0.01,0.05,-0.99,0.09,-132.69,21.87,10.31,0.1,0.65,0.55,0.28,0.11,0.05,-0.14,0.16,-0.89,0.41
0.09,-19.56,88.62,0.38,0.02,0.11,0.01,0.25,0.02,0.24,-0.12,0.69,-0.12,0.71,-96.12,86.19,179.25,0.11,0.46,0.01,0.1,0.04,0.25,0.48,0.55,0.45,0.51,-169.94,1.75,5.56,0.16,0.15,0.06,0.13,0.44,0.14,-0.01,0.05,-0.99,0.09,-134.12,22.94,10.75,0.06,0.6,0.53,0.2,0.21,0.01,-0.15,0.16,-0.89,0.4
0.1,-19.62,88.44,0.38,0.03,0.15,0.01,0.19,0.03,0.22,-0.12,0.69,-0.12,0.71,-96.25,86.69,179.25,0.09,0.41,0.01,0.38,0.04,0.29,0.48,0.54,0.45,0.51,-169.87,1.56,5.75,0.23,0.18,0.04,0.27,0.34,0.01,-0.01,0.05,-0.99,0.09,-134.81,23.44,11.0,0.06,0.62,0.5,0.27,0.17,0.03,-0.15,0.16,-0.89,0.39
0.11,-19.75,88.0,0.38,0.06,0.23,0.02,0.3,0.06,0.12,-0.12,0.68,-0.12,0.71,-96.31,87.12,179.25,0.07,0.47,0.01,0.47,0.01,0.03,0.48,0.54,0.46,0.52,-170.0,1.06,6.44,0.33,0.26,0.12,0.11,0.42,0.02,-0.0,0.06,-0.99,0.09,-135.37,24.0,11.25,0.08,0.63,0.45,0.38,0.3,0.08,-0.16,0.17,-0.89,0.39
0.12,-19.81,87.69,0.38,0.06,0.29,0.02,0.3,0.06,0.09,-0.12,0.68,-0.12,0.71,-96.37,87.44,179.25,0.06,0.57,0.02,0.57,0.1,0.3,0.48,0.54,0.46,0.52,-170.25,0.75,6.81,0.34,0.27,0.17,0.11,0.36,0.03,-0.0,0.06,-0.99,0.09,-136.12,24.5,11.44,0.08,0.61,0.45,0.5,0.44,0.12,-0.16,0.17,-0.89,0.38
0.13,-19.87,87.37,0.44,0.07,0.35,0.02,0.11,0.09,0.11,-0.12,0.68,-0.12,0.71,-96.44,88.06,179.25,0.08,0.67,0.04,0.34,0.07,0.41,0.48,0.54,0.46,0.52,-170.44,0.5,7.19,0.29,0.26,0.14,0.14,0.36,0.51,0.0,0.06,-0.99,0.08,-136.69,25.0,11.69,0.07,0.54,0.43,0.42,0.64,0.49,-0.16,0.17,-0.89,0.38
0.14,-19.94,87.19,0.44,0.07,0.33,0.02,0.17,0.08,0.15,-0.12,0.68,-0.12,0.71,-96.44,88.75,179.31,0.08,0.73,0.06,0.18,0.11,0.05,0.47,0.54,0.46,0.52,-170.69,0.13,7.75,0.23,0.11,0.07,0.29,0.56,0.58,0.0,0.07,-0.99,0.08,-137.19,25.44,11.88,0.03,0.45,0.33,0.44,0.63,0.46,-0.17,0.17,-0.89,0.38
0.15,-20.0,86.81,0.44,0.07,0.38,0.03,0.36,0.09,0.26,-0.12,0.68,-0.12,0.72,-96.44,89.37,179.44,0.08,0.77,0.11,0.35,0.17,0.24,0.47,0.53,0.47,0.53,-170.69,0.13,8.0,0.21,0.02,0.04,0.23,0.35,0.5,0.0,0.07,-0.99,0.08,-137.81,25.81,12.06,0.02,0.41,0.24,0.33,0.5,0.24,-0.17,0.18,-0.9,0.37
0.16,-20.0,86.31,0.5,0.06,0.46,0.03,0.58,0.17,0.12,-0.12,0.67,-0.12,0.72,-96.37,88.44,179.63,0.04,0.72,0.08,0.61,0.18,0.38,0.48,0.54,0.46,0.52,-170.56,0.13,8.25,0.16,0.03,0.11,0.17,0.12,0.36,0.0,0.07,-0.99,0.08,-138.37,26.62,12.31,0.05,0.44,0.07,0.49,0.32,0.24,-0.18,0.18,-0.9,0.37
0.17,-20.06,85.81,0.5,0.06,0.58,0.04,0.74,0.23,0.3,-0.12,0.67,-0.12,0.72,-96.31,87.56,179.69,0.02,0.85,0.1,0.48,0.19,0.17,0.48,0.54,0.46,0.52,-170.5,0.13,8.31,0.1,0.05,0.13,0.24,0.05,0.24,0.0,0.07,-0.99,0.08,-138.62,26.94,12.5,0.03,0.39,0.15,0.59,0.41,0.26,-0.18,0.18,-0.9,0.37
0.18,-20.12,85.12,0.57,0.07,0.65,0.04,0.53,0.11,0.43,-0.11,0.67,-0.13,0.73,-96.19,86.5,179.81,0.04,1.03,0.13,0.56,0.18,0.19,0.49,0.54,0.46,0.51,-170.38,0.19,8.38,0.1,0.06,0.07,0.17,0.02,0.31,0.0,0.07,-0.99,0.08,-138.88,27.19,12.69,0.01,0.33,0.11,0.49,0.48,0.35,-0.18,0.18,-0.9,0.36
0.19,-20.12,84.37,0.63,0.08,0.72,0.06,0.1,0.1,0.05,-0.11,0.66,-0.13,0.73,-96.12,85.31,179.94,0.09,1.06,0.15,1.04,0.12,0.32,0.49,0.55,0.45,0.5,-170.31,0.25,8.5,0.12,0.07,0.02,0.17,0.05,0.54,0.0,0.07,-0.99,0.08,-139.25,27.37,13.0,0.06,0.27,0.07,0.42,0.51,0.33,-0.18,0.18,-0.9,0.36
0.2,-20.12,82.81,-0.62,0.02,0.67,0.05,0.53,0.11,0.34,-0.12,0.65,-0.13,0.74,-96.06,84.13,179.81,0.11,1.03,0.15,1.19,0.06,0.34,0.5,0.55,0.45,0.5,-170.31,0.37,8.69,0.13,0.07,0.03,0.19,0.04,0.58,0.0,0.08,-0.99,0.08,-139.31,27.5,13.13,0.07,0.25,0.02,0.37,0.33,0.09,-0.18,0.19,-0.9,0.36
0.21,-20.12,82.06,0.0,0.06,0.72,0.07,0.69,0.02,0.14,-0.11,0.65,-0.13,0.74,-96.0,82.88,177.25,0.05,1.21,0.16,1.18,0.17,0.43,0.49,0.57,0.43,0.5,-170.38,0.44,8.81,0.1,0.1,0.01,0.19,0.02,0.46,0.0,0.08,-0.99,0.08,-139.37,27.69,13.31,0.04,0.25,0.01,0.39,0.09,0.32,-0.18,0.19,-0.89,0.36
0.22,-20.12,79.81,0.57,0.09,0.85,0.09,0.77,0.14,0.12,-0.11,0.63,-0.13,0.76,-95.87,81.5,176.5,0.04,1.27,0.17,1.44,0.22,0.51,0.49,0.58,0.42,0.5,-170.31,0.62,8.94,0.09,0.14,0.02,0.19,0.02,0.43,0.0,0.08,-0.99,0.08,-139.75,27.94,13.44,0.07,0.21,0.02,0.32,0.28,0.72,-0.19,0.19,-0.9,0.36
0.23,-20.19,78.87,0.19,0.09,0.84,0.1,1.35,0.07,0.25,-0.11,0.63,-0.13,0.76,-95.75,80.12,175.94,0.12,1.2,0.18,1.43,0.23,0.67,0.5,0.58,0.41,0.5,-170.31,0.81,9.0,0.06,0.19,0.03,0.26,0.16,0.57,-0.0,0.08,-0.99,0.08,-139.75,28.12,13.56,0.14,0.16,0.07,0.95,0.05,0.53,-0.19,0.19,-0.89,0.36
0.24,-20.12,77.94,-0.44,0.07,0.85,0.15,1.42,0.14,0.22,-0.11,0.62,-0.14,0.77,-95.69,78.81,175.44,0.13,1.18,0.2,1.21,0.18,0.59,0.5,0.59,0.4,0.49,-170.19,1.12,9.0,0.06,0.26,0.07,0.32,0.28,0.57,-0.0,0.08,-0.99,0.09,-140.0,28.25,13.81,0.16,0.14,0.1,0.63,0.49,0.74,-0.19,0.19,-0.89,0.36
0.25,-20.0,76.87,-0.94,0.05,0.96,0.14,1.31,0.01,0.2,-0.11,0.61,-0.14,0.77,-95.44,76.44,174.62,0.01,1.0,0.18,0.97,0.2,0.26,0.51,0.6,0.39,0.48,-170.0,1.44,8.94,0.05,0.32,0.2,0.23,0.26,0.61,-0.01,0.08,-0.99,0.09,-139.94,28.56,14.19,0.2,0.24,0.12,0.36,0.17,0.4,-0.19,0.2,-0.89,0.36
0.26,-20.0,75.81,-1.31,0.07,0.96,0.11,1.07,0.4,0.06,-0.12,0.6,-0.14,0.78,-95.19,75.31,174.25,0.07,0.97,0.15,1.57,0.07,0.11,0.51,0.6,0.38,0.48,-169.81,1.62,8.94,0.03,0.33,0.43,0.03,0.3,0.8,-0.01,0.08,-0.99,0.09,-140.06,28.94,14.44,0.24,0.29,0.1,0.27,0.28,1.0,-0.19,0.2,-0.89,0.36
0.27,-19.94,74.75,-1.56,0.07,0.93,0.12,0.59,0.47,0.05,-0.12,0.6,-0.15,0.78,-94.87,74.19,174.06,0.08,1.02,0.12,1.53,0.07,0.24,0.52,0.61,0.38,0.47,-169.25,1.87,8.94,0.03,0.29,0.51,0.14,0.72,0.98,-0.01,0.08,-0.99,0.09,-139.94,29.19,14.63,0.09,0.17,0.14,0.73,0.79,1.12,-0.19,0.2,-0.89,0.36
0.28,-19.44,72.87,-2.37,0.15,0.8,0.14,1.52,0.19,0.07,-0.12,0.58,-0.15,0.79,-94.75,73.62,174.0,0.05,1.0,0.11,1.14,0.19,0.25,0.52,0.61,0.37,0.47,-168.69,2.06,8.94,0.09,0.28,0.54,0.2,1.07,1.48,-0.01,0.08,-0.99,0.1,-140.0,29.37,14.63,0.04,0.02,0.11,0.09,1.53,0.41,-0.19,0.2,-0.89,0.36
0.29,-18.94,72.0,-2.94,0.2,0.76,0.14,1.78,0.07,0.23,-0.12,0.58,-0.15,0.8,-94.5,72.56,173.94,0.01,0.94,0.1,1.01,0.22,0.15,0.52,0.61,0.37,0.46,-168.06,2.31,8.81,0.14,0.31,0.51,0.38,0.87,1.5,-0.01,0.08,-0.99,0.11,-139.69,29.5,14.56,0.23,0.16,0.81,0.47,1.08,0.09,-0.19,0.2,-0.89,0.36
0.3,-18.0,69.5,-3.68,0.07,0.97,0.07,1.38,0.46,0.58,-0.12,0.56,-0.15,0.81,-94.31,71.5,173.94,0.04,1.02,0.11,1.01,0.38,0.04,0.53,0.62,0.37,0.46,-166.94,2.81,8.56,0.04,0.2,0.25,0.06,1.02,0.85,-0.02,0.08,-0.99,0.12,-138.69,30.0,14.38,0.32,0.27,0.97,0.17,0.5,0.34,-0.2,0.2,-0.89,0.37
0.31,-17.94,68.94,-3.62,0.03,1.0,0.03,0.55,0.4,0.3,-0.11,0.55,-0.15,0.81,-94.25,70.31,174.0,0.12,1.14,0.1,0.38,0.34,0.22,0.53,0.62,0.36,0.45,-166.69,2.94,8.56,0.01,0.16,0.14,0.07,0.9,1.39,-0.02,0.08,-0.99,0.12,-137.69,30.5,14.13,0.26,0.17,0.93,1.15,1.98,1.04,-0.2,0.2,-0.88,0.38
0.32,-17.94,67.87,-3.44,0.11,1.0,0.02,0.39,0.24,0.37,-0.11,0.55,-0.15,0.82,-94.31,69.06,174.19,0.15,1.0,0.08,0.06,0.12,0.03,0.54,0.62,0.35,0.44,-166.75,3.06,8.56,0.04,0.09,0.12,0.07,0.81,2.05,-0.02,0.08,-0.99,0.12,-137.06,30.69,13.88,0.05,0.06,0.29,0.13,1.04,0.2,-0.2,0.2,-0.88,0.38
0.33,-18.12,66.75,-3.06,0.15,0.97,0.01,0.07,0.27,0.51,-0.11,0.54,-0.15,0.82,-94.37,68.0,174.44,0.15,0.92,0.09,0.07,0.27,0.1,0.54,0.63,0.35,0.44,-166.81,3.19,8.56,0.08,0.07,0.01,0.15,0.46,1.82,-0.02,0.08,-0.99,0.12,-137.0,30.69,13.81,0.14,0.16,0.24,0.07,0.4,0.44,-0.2,0.2,-0.88,0.38
0.34,-18.37,65.69,-2.75,0.19,0.85,0.01,0.27,0.57,0.44,-0.11,0.53,-0.15,0.83,-94.69,65.94,174.81,0.21,1.0,0.13,0.23,0.28,0.11,0.55,0.63,0.34,0.43,-166.81,3.25,8.63,0.11,0.03,0.11,0.11,0.39,0.88,-0.02,0.08,-0.99,0.12,-136.56,30.94,14.0,0.34,0.27,0.45,0.14,0.02,0.41,-0.2,0.21,-0.88,0.38
0.35,-18.62,64.81,-2.43,0.16,0.78,0.04,0.18,0.59,0.25,-0.1,0.53,-0.15,0.83,-94.62,64.69,174.69,0.08,1.08,0.22,0.88,0.13,0.31,0.55,0.64,0.33,0.42,-166.69,3.25,8.75,0.19,0.01,0.03,0.05,0.76,0.79,-0.02,0.08,-0.99,0.12,-136.0,31.37,14.06,0.26,0.34,0.5,0.57,1.21,0.18,-0.2,0.21,-0.87,0.39
0.36,-18.81,63.94,-2.25,0.12,0.73,0.04,0.13,0.44,0.35,-0.1,0.52,-0.15,0.84,-93.75,62.81,174.12,0.15,0.72,0.1,0.46,0.13,0.41,0.56,0.64,0.32,0.41,-166.69,3.25,8.94,0.16,0.02,0.06,0.09,0.7,0.72,-0.02,0.08,-0.99,0.12,-136.12,31.87,14.06,0.03,0.4,0.16,0.02,1.04,0.76,-0.21,0.21,-0.87,0.39
0.37,-18.69,62.06,-2.31,0.11,0.86,0.14,1.12,0.26,0.2,-0.1,0.51,-0.15,0.84,-93.5,62.0,174.06,0.03,0.73,0.06,0.66,0.07,0.29,0.57,0.64,0.32,0.41,-167.0,3.25,9.06,0.07,0.05,0.4,0.47,0.56,0.27,-0.02,0.08,-0.99,0.12,-136.5,32.63,14.25,0.08,0.31,0.03,0.11,1.14,1.16,-0.21,0.21,-0.87,0.39
0.38,-18.31,61.13,-2.62,0.1,0.79,0.19,0.85,0.08,0.12,-0.1,0.5,-0.15,0.85,-93.31,61.19,174.12,0.02,0.73,0.04,0.58,0.45,0.07,0.57,0.64,0.32,0.4,-167.5,3.25,9.13,0.13,0.04,0.5,0.37,0.39,0.2,-0.02,0.08,-0.99,0.11,-136.69,32.88,14.5,0.04,0.28,0.28,0.24,1.3,0.07,-0.22,0.22,-0.87,0.38
0.39,-17.75,60.44,-3.06,0.19,0.59,0.09,0.78,0.15,0.36,-0.1,0.49,-0.15,0.85,-93.25,60.44,174.19,0.01,0.68,0.07,0.6,0.46,0.05,0.57,0.64,0.31,0.4,-168.5,3.31,9.38,0.18,0.06,0.41,0.11,0.15,0.08,-0.02,0.08,-0.99,0.1,-137.19,32.94,14.87,0.05,0.16,0.45,0.14,1.47,0.49,-0.22,0.22,-0.87,0.38
0.4,-17.31,59.75,-3.37,0.14,0.59,0.09,0.53,0.12,0.36,-0.1,0.49,-0.14,0.85,-93.25,59.81,174.31,0.11,0.59,0.07,0.37,0.06,0.03,0.58,0.65,0.31,0.39,-169.0,3.31,9.56,0.21,0.07,0.46,0.12,0.04,0.21,-0.02,0.09,-0.99,0.1,-138.0,32.88,15.31,0.11,0.04,0.47,0.19,1.42,0.57,-0.22,0.22,-0.87,0.38
0.41,-17.0,59.19,-3.56,0.02,0.47,0.12,0.36,0.18,0.4,-0.1,0.48,-0.14,0.86,-93.31,59.13,174.38,0.11,0.64,0.12,0.59,0.05,0.05,0.58,0.65,0.31,0.39,-170.19,3.37,10.06,0.18,0.02,0.38,0.14,0.06,0.16,-0.02,0.09,-0.99,0.09,-138.56,32.81,15.75,0.06,0.08,0.52,0.06,0.83,1.0,-0.22,0.22,-0.88,0.37
0.42,-16.87,58.75,-3.75,0.02,0.35,0.15,0.29,0.02,0.39,-0.1,0.48,-0.14,0.86,-93.25,58.44,174.25,0.11,0.62,0.18,0.33,0.04,0.04,0.58,0.65,0.3,0.38,-170.56,3.5,10.25,0.11,0.02,0.08,0.02,0.19,0.74,-0.02,0.09,-0.99,0.08,-139.5,32.81,16.19,0.03,0.16,0.62,0.06,0.81,0.43,-0.22,0.22,-0.88,0.37
0.43,-16.75,58.31,-3.87,0.07,0.42,0.12,0.2,0.36,0.58,-0.1,0.48,-0.14,0.86,-92.94,57.19,174.12,0.01,0.52,0.04,0.42,0.05,0.04,0.59,0.65,0.3,0.38,-170.56,3.5,10.31,0.12,0.01,0.01,0.12,0.18,0.79,-0.02,0.09,-0.99,0.08,-140.19,32.81,16.69,0.07,0.21,0.55,0.15,0.88,0.53,-0.22,0.23,-0.88,0.36
0.44,-16.81,57.75,-3.87,0.12,0.55,0.09,0.56,0.15,0.32,-0.1,0.47,-0.14,0.86,-92.81,56.63,174.19,0.03,0.48,0.04,0.25,0.01,0.19,0.59,0.65,0.29,0.37,-170.56,3.5,10.44,0.09,0.03,0.11,0.19,0.79,0.94,-0.02,0.09,-0.99,0.08,-141.0,33.06,17.75,0.3,0.16,0.14,0.47,1.02,0.51,-0.22,0.23,-0.88,0.36
0.45,-16.81,57.19,-3.87,0.07,0.44,0.1,0.52,0.02,0.38,-0.1,0.47,-0.14,0.87,-92.94,56.06,174.25,0.12,0.53,0.06,0.41,0.01,0.21,0.59,0.66,0.29,0.37,-170.69,3.5,10.5,0.03,0.01,0.05,0.31,0.54,0.5,-0.02,0.09,-0.99,0.08,-141.31,33.19,17.94,0.08,0.16,0.2,0.69,0.61,0.47,-0.22,0.23,-0.88,0.36
0.46,-16.56,56.5,-4.0,0.03,0.35,0.02,0.05,0.14,0.75,-0.1,0.46,-0.14,0.87,-93.12,55.63,174.44,0.16,0.47,0.05,0.61,0.01,0.1,0.59,0.66,0.29,0.37,-170.75,3.5,10.5,0.04,0.06,0.13,0.21,0.31,0.26,-0.02,0.09,-0.99,0.08,-141.75,33.63,17.31,0.35,0.25,0.22,0.66,0.26,0.32,-0.22,0.23,-0.88,0.35
0.47,-16.56,56.0,-3.94,0.05,0.43,0.02,0.22,0.1,0.68,-0.1,0.46,-0.14,0.87,-93.37,55.19,174.62,0.14,0.36,0.02,0.2,0.2,0.05,0.59,0.66,0.29,0.37,-170.87,3.5,10.56,0.12,0.07,0.04,0.2,0.03,0.2,-0.02,0.09,-0.99,0.08,-141.69,33.94,16.75,0.4,0.18,0.16,1.13,0.28,0.71,-0.23,0.23,-0.88,0.35
0.48,-16.75,55.63,-3.68,0.16,0.26,0.03,0.5,0.05,0.71,-0.1,0.46,-0.14,0.87,-93.56,54.81,174.81,0.1,0.32,0.01,0.31,0.42,0.16,0.59,0.66,0.29,0.36,-170.94,3.37,10.69,0.12,0.04,0.1,0.39,0.24,0.37,-0.02,0.1,-0.99,0.08,-141.94,34.0,16.25,0.35,0.02,0.14,0.95,0.83,0.93,-0.23,0.22,-0.88,0.35
0.49,-17.19,55.38,-3.44,0.2,0.18,0.03,0.14,0.33,0.86,-0.1,0.46,-0.15,0.87,-93.62,54.69,174.87,0.1,0.3,0.03,0.53,0.57,0.4,0.59,0.66,0.29,0.36,-170.81,3.37,10.81,0.1,0.01,0.18,0.14,0.34,0.58,-0.02,0.1,-0.99,0.08,-141.94,34.0,16.06,0.09,0.21,0.05,0.98,0.56,0.58,-0.23,0.22,-0.88,0.35
0.5,-17.69,55.19,-3.06,0.24,0.17,0.03,0.05,0.45,0.66,-0.09,0.45,-0.15,0.87,-93.87,54.31,175.12,0.17,0.27,0.07,0.8,0.14,0.7,0.59,0.66,0.28,0.36,-170.5,3.25,10.94,0.05,0.08,0.32,0.05,0.17,0.49,-0.02,0.1,-0.99,0.09,-142.0,33.69,16.06,0.12,0.28,0.07,0.05,0.3,0.91,-0.23,0.22,-0.88,0.35
0.51,-18.19,55.0,-2.75,0.22,0.2,0.04,0.5,0.21,0.2,-0.09,0.45,-0.15,0.87,-94.31,54.06,175.44,0.16,0.22,0.04,0.5,0.21,0.57,0.59,0.66,0.28,0.36,-170.12,3.12,11.0,0.01,0.1,0.36,0.18,0.17,0.11,-0.02,0.1,-0.99,0.09,-142.37,33.38,16.19,0.03,0.21,0.1,0.03,0.36,1.17,-0.23,0.22,-0.88,0.34
0.52,-18.62,54.81,-2.43,0.15,0.16,0.11,1.04,0.38,0.48,-0.09,0.45,-0.15,0.87,-94.62,53.81,175.69,0.05,0.36,0.04,0.74,0.08,0.08,0.59,0.67,0.28,0.36,-169.75,2.94,11.0,0.02,0.1,0.35,0.18,0.28,0.02,-0.02,0.1,-0.99,0.09,-142.5,33.19,16.19,0.2,0.14,0.1,0.44,0.35,1.09,-0.22,0.22,-0.89,0.34
0.53,-19.06,54.75,-2.0,0.08,0.01,0.16,1.0,0.87,0.43,-0.09,0.45,-0.15,0.87,-94.56,53.38,175.69,0.01,0.4,0.05,0.78,0.01,0.07,0.59,0.67,0.28,0.35,-169.31,2.75,11.06,0.05,0.08,0.46,0.12,0.19,0.31,-0.01,0.1,-0.99,0.09,-143.25,32.75,15.81,0.22,0.06,0.37,0.01,1.18,0.46,-0.22,0.21,-0.89,0.34
0.54,-19.37,54.75,-1.75,0.02,0.01,0.02,0.46,0.98,0.21,-0.09,0.45,-0.16,0.87,-94.31,53.0,175.62,0.11,0.26,0.03,0.73,0.25,0.27,0.6,0.67,0.28,0.35,-168.81,2.56,11.12,0.05,0.09,0.46,0.07,0.26,0.55,-0.01,0.1,-0.99,0.1,-143.87,32.56,15.88,0.23,0.03,0.62,0.12,0.19,0.36,-0.22,0.21,-0.89,0.33
0.55,-19.25,54.75,-1.81,0.13,0.1,0.09,0.11,0.29,0.5,-0.09,0.45,-0.16,0.87,-94.13,52.75,175.56,0.06,0.19,0.04,0.51,0.28,0.36,0.6,0.67,0.28,0.35,-168.37,2.31,11.25,0.06,0.14,0.36,0.03,0.29,0.81,-0.01,0.1,-0.99,0.1,-145.25,32.25,16.25,0.2,0.11,0.92,0.2,0.6,0.1,-0.22,0.21,-0.9,0.32
0.56,-18.81,54.56,-2.12,0.11,0.19,0.11,0.27,0.93,0.44,-0.09,0.45,-0.15,0.88,-94.25,52.56,175.69,0.05,0.13,0.05,0.35,0.41,0.56,0.6,0.67,0.28,0.35,-168.25,2.12,11.38,0.16,0.17,0.08,0.29,0.14,0.62,-0.01,0.1,-0.99,0.1,-146.13,31.69,16.62,0.07,0.24,0.61,0.41,0.56,1.97,-0.22,0.21,-0.9,0.32
0.57,-18.44,53.94,-2.25,0.08,0.28,0.11,0.48,0.53,0.14,-0.09,0.44,-0.15,0.88,-94.5,52.38,175.87,0.15,0.29,0.02,0.58,0.37,0.46,0.6,0.67,0.28,0.35,-168.37,1.94,11.56,0.2,0.14,0.19,0.4,1.03,0.05,-0.01,0.1,-0.99,0.1,-147.13,31.31,17.06,0.13,0.13,0.56,0.89,0.03,2.11,-0.22,0.21,-0.9,0.31
0.58,-18.62,53.63,-2.06,0.05,0.27,0.14,0.51,0.2,0.32,-0.09,0.44,-0.15,0.88,-94.81,52.06,176.12,0.14,0.34,0.02,0.86,0.06,0.48,0.6,0.67,0.27,0.34,-168.56,1.94,11.75,0.17,0.04,0.09,0.08,0.81,0.07,-0.01,0.1,-0.99,0.1,-147.44,31.25,17.56,0.25,0.05,0.26,1.23,1.75,0.44,-0.21,0.22,-0.9,0.31
0.59,-19.0,53.31,-1.68,0.2,0.29,0.04,0.72,0.6,0.23,-0.09,0.44,-0.15,0.88,-94.87,51.69,176.19,0.01,0.31,0.01,0.87,0.54,0.43,0.6,0.67,0.27,0.34,-168.37,1.94,11.94,0.13,0.07,0.24,0.43,0.17,0.15,-0.01,0.11,-0.99,0.1,-147.56,31.31,18.0,0.28,0.11,0.24,1.16,2.04,0.14,-0.21,0.22,-0.9,0.31
0.6,-19.44,53.0,-1.44,0.17,0.29,0.01,0.93,0.34,0.17,-0.09,0.44,-0.16,0.88,-94.75,51.44,176.19,0.1,0.18,0.05,0.77,0.48,0.36,0.6,0.67,0.27,0.34,-168.0,1.94,12.0,0.03,0.06,0.31,0.02,0.6,0.59,-0.01,0.11,-0.99,0.11,-148.25,31.25,18.44,0.2,0.04,0.24,0.15,2.38,0.01,-0.21,0.22,-0.9,0.3
0.61,-19.56,52.69,-1.44,0.07,0.3,0.07,0.67,0.2,0.53,-0.09,0.44,-0.16,0.88,-94.5,51.31,176.12,0.14,0.09,0.09,0.45,0.3,0.18,0.6,0.67,0.27,0.34,-167.81,2.0,12.0,0.04,0.11,0.1,0.27,0.06,0.48,-0.01,0.11,-0.99,0.11,-149.0,30.94,19.25,0.34,0.06,0.99,0.53,0.57,0.56,-0.21,0.23,-0.9,0.3
0.62,-19.44,52.38,-1.5,0.13,0.24,0.01,0.16,0.35,0.41,-0.09,0.43,-0.16,0.88,-94.25,51.19,176.12,0.14,0.13,0.07,0.42,0.1,0.16,0.6,0.67,0.27,0.34,-167.62,2.12,11.94,0.01,0.1,0.17,0.01,0.31,0.42,-0.01,0.11,-0.99,0.11,-150.44,30.44,20.5,0.64,0.1,0.92,0.61,1.31,0.86,-0.21,0.23,-0.91,0.29
0.63,-19.06,52.06,-1.62,0.17,0.22,0.01,0.21,0.3,0.3,-0.09,0.43,-0.15,0.89,-93.94,51.06,176.06,0.13,0.09,0.07,0.36,0.1,0.28,0.6,0.67,0.27,0.34,-167.37,2.06,12.06,0.08,0.01,0.29,0.12,0.23,0.56,-0.01,0.11,-0.99,0.11,-150.69,30.19,21.5,0.7,0.1,0.33,0.1,0.89,0.33,-0.2,0.24,-0.91,0.29
0.64,-18.56,51.56,-1.75,0.04,0.27,0.05,0.76,0.12,0.36,-0.08,0.43,-0.15,0.89,-93.94,51.06,176.12,0.03,0.06,0.07,0.5,0.07,0.7,0.6,0.67,0.27,0.34,-167.06,1.87,12.13,0.08,0.11,0.25,0.08,0.92,0.87,-0.0,0.11,-0.99,0.11,-150.62,30.12,22.13,0.46,0.01,0.26,0.44,0.59,0.09,-0.2,0.24,-0.9,0.29
0.65,-18.75,51.37,-1.62,0.12,0.13,0.04,0.95,0.07,0.24,-0.08,0.43,-0.15,0.89,-93.94,51.06,176.12,0.01,0.04,0.02,0.64,0.08,0.78,0.6,0.67,0.27,0.34,-167.0,1.75,12.19,0.01,0.1,0.02,0.24,0.44,0.75,-0.0,0.11,-0.99,0.11,-150.69,30.19,22.5,0.39,0.01,0.19,0.72,0.76,0.5,-0.2,0.25,-0.9,0.29
0.66,-19.19,51.31,-1.37,0.18,0.05,0.05,0.6,0.02,0.06,-0.08,0.43,-0.16,0.89,-93.87,50.94,176.12,0.06,0.13,0.01,0.68,0.31,0.62,0.61,0.67,0.27,0.33,-167.19,1.81,12.13,0.04,0.03,0.2,0.07,0.27,0.19,-0.0,0.11,-0.99,0.11,-150.5,30.25,22.62,0.39,0.06,0.31,0.26,1.21,0.36,-0.2,0.25,-0.9,0.29
0.67,-19.37,51.25,-1.25,0.06,0.06,0.05,0.43,0.05,0.1,-0.08,0.42,-0.16,0.89,-93.69,50.81,176.12,0.09,0.09,0.08,0.75,0.29,0.37,0.61,0.67,0.27,0.33,-167.31,1.94,12.06,0.06,0.14,0.07,0.01,0.17,0.03,-0.01,0.11,-0.99,0.11,-149.94,30.31,22.87,0.4,0.03,0.39,0.06,0.31,0.68,-0.2,0.25,-0.9,0.3
0.68,-19.37,51.19,-1.25,0.05,0.06,0.06,0.09,0.01,0.11,-0.08,0.42,-0.16,0.89,-93.69,50.81,176.19,0.04,0.04,0.12,0.56,0.23,0.31,0.61,0.67,0.27,0.33,-167.13,2.19,11.94,0.06,0.04,0.04,0.35,1.07,0.8,-0.01,0.11,-0.99,0.11,-149.94,30.44,23.06,0.41,0.05,0.28,0.49,0.19,0.28,-0.2,0.25,-0.9,0.3
0.69,-19.31,51.13,-1.19,0.06,0.03,0.1,0.03,0.05,0.15,-0.08,0.42,-0.16,0.89,-93.75,50.88,176.25,0.03,0.08,0.09,0.37,0.25,0.29,0.61,0.67,0.27,0.33,-167.25,2.12,11.88,0.04,0.07,0.12,0.13,0.75,0.87,-0.01,0.1,-0.99,0.11,-149.44,30.56,23.31,0.44,0.04,0.42,0.79,0.05,0.61,-0.2,0.26,-0.9,0.3
0.7,-19.37,51.06,-1.06,0.08,0.09,0.08,0.17,0.11,0.04,-0.08,0.42,-0.16,0.89,-93.94,50.81,176.44,0.09,0.11,0.05,0.34,0.14,0.16,0.61,0.67,0.27,0.33,-167.5,1.87,11.88,0.04,0.15,0.16,0.28,0.66,1.38,-0.0,0.1,-0.99,0.11,-149.19,30.69,23.56,0.46,0.05,0.62,0.03,0.51,0.55,-0.2,0.26,-0.9,0.3
0.71,-19.56,50.88,-0.94,0.09,0.16,0.06,0.27,0.16,0.21,-0.08,0.42,-0.16,0.89,-94.19,50.69,176.63,0.12,0.13,0.04,0.51,0.17,0.19,0.61,0.67,0.27,0.33,-167.81,1.75,11.88,0.04,0.21,0.35,0.41,0.39,1.39,-0.0,0.1,-0.99,0.11,-148.31,30.88,23.69,0.59,0.16,0.69,0.9,0.11,1.93,-0.2,0.26,-0.89,0.31
0.72,-19.75,50.69,-0.87,0.09,0.2,0.04,0.31,0.18,0.24,-0.08,0.42,-0.16,0.89,-94.5,50.56,176.75,0.16,0.08,0.03,0.22,0.03,0.27,0.6,0.67,0.27,0.33,-168.25,1.62,11.81,0.04,0.23,0.37,0.3,0.31,1.22,-0.0,0.1,-0.99,0.1,-147.31,31.06,23.94,0.68,0.15,0.69,0.81,0.73,1.86,-0.2,0.27,-0.89,0.32
0.73,-19.94,50.56,-0.81,0.05,0.14,0.01,0.2,0.06,0.05,-0.08,0.42,-0.16,0.89,-95.31,50.38,177.19,0.16,0.13,0.02,0.29,0.12,0.88,0.6,0.68,0.27,0.33,-168.69,1.5,11.75,0.03,0.19,0.39,0.11,0.2,0.23,-0.0,0.1,-0.99,0.1,-146.81,31.31,24.31,0.72,0.03,0.64,0.64,0.46,0.77,-0.19,0.27,-0.89,0.32
0.74,-20.06,50.5,-0.75,0.06,0.09,0.01,0.15,0.15,0.04,-0.08,0.42,-0.16,0.89,-95.5,50.25,177.25,0.02,0.11,0.02,0.21,0.16,0.73,0.6,0.68,0.27,0.33,-168.94,1.37,11.63,0.17,0.13,0.25,0.24,0.29,0.19,-0.0,0.1,-0.99,0.1,-146.0,31.75,24.69,0.7,0.12,0.69,0.47,0.74,1.5,-0.2,0.27,-0.88,0.33
0.75,-20.31,50.38,-0.62,0.11,0.1,0.01,0.27,0.32,0.37,-0.08,0.42,-0.16,0.89,-95.5,50.12,177.25,0.01,0.12,0.02,0.32,0.21,0.47,0.6,0.68,0.27,0.33,-168.87,1.19,11.44,0.19,0.16,0.11,0.06,0.7,0.02,-0.0,0.1,-0.99,0.1,-145.12,32.19,25.12,0.76,0.12,0.67,0.95,0.4,2.14,-0.2,0.28,-0.88,0.34
0.76,-20.5,50.31,-0.56,0.08,0.09,0.04,0.58,0.27,0.11,-0.08,0.42,-0.16,0.89,-95.38,50.0,177.19,0.06,0.12,0.02,0.29,0.13,0.07,0.6,0.68,0.27,0.33,-168.69,0.94,11.25,0.17,0.18,0.24,0.64,0.08,0.08,0.0,0.1,-0.99,0.1,-144.13,32.69,25.62,0.89,0.21,0.83,0.8,0.21,2.11,-0.2,0.29,-0.87,0.35
0.77,-20.37,50.25,-0.62,0.05,0.01,0.08,0.42,0.2,0.02,-0.08,0.42,-0.16,0.89,-95.25,49.88,177.12,0.07,0.12,0.02,0.37,0.04,0.04,0.6,0.68,0.27,0.33,-168.37,0.81,11.06,0.18,0.05,0.3,0.7,0.75,0.12,0.0,0.1,-0.99,0.1,-142.94,33.38,26.19,0.91,0.28,0.8,0.19,0.34,1.18,-0.2,0.29,-0.86,0.36
0.78,-20.0,50.31,-0.94,0.13,0.06,0.1,0.24,0.15,0.33,-0.08,0.42,-0.16,0.89,-95.0,49.75,177.0,0.09,0.11,0.02,0.1,0.02,0.22,0.6,0.68,0.27,0.33,-167.87,0.75,10.69,0.39,0.08,0.44,0.29,0.48,0.22,0.0,0.09,-0.99,0.11,-142.25,34.0,26.81,0.89,0.33,0.66,1.25,1.01,1.79,-0.2,0.3,-0.86,0.37
0.79,-19.56,50.31,-1.19,0.14,0.03,0.06,0.15,0.22,0.27,-0.08,0.42,-0.16,0.89,-94.81,49.63,176.94,0.04,0.06,0.01,0.22,0.15,0.44,0.61,0.68,0.27,0.33,-167.0,0.69,9.69,0.38,0.01,0.19,0.66,0.11,0.73,0.0,0.08,-0.99,0.11,-141.12,34.69,27.5,1.13,0.33,0.79,0.73,1.15,1.9,-0.2,0.31,-0.85,0.38
0.8,-19.31,50.25,-1.31,0.09,0.07,0.04,0.38,0.27,0.1,-0.08,0.42,-0.16,0.89,-94.81,49.56,176.94,0.01,0.1,0.01,0.29,0.15,0.54,0.61,0.68,0.27,0.32,-166.94,0.75,9.44,0.15,0.12,0.06,0.22,0.18,0.26,0.0,0.08,-0.99,0.11,-140.06,35.44,28.44,1.2,0.35,0.73,0.57,0.46,1.69,-0.2,0.32,-0.84,0.39
0.81,-19.12,50.19,-1.37,0.05,0.03,0.02,0.62,0.21,0.16,-0.08,0.42,-0.16,0.89,-94.62,49.38,176.81,0.06,0.13,0.06,0.52,0.05,0.65,0.61,0.68,0.26,0.32,-166.88,0.94,9.38,0.02,0.16,0.05,0.14,0.48,0.48,0.0,0.08,-0.99,0.11,-139.12,36.13,29.56,1.2,0.44,0.43,0.75,0.73,0.78,-0.2,0.33,-0.83,0.4
0.82,-19.0,50.25,-1.5,0.06,0.05,0.06,0.71,0.17,0.27,-0.08,0.42,-0.15,0.89,-94.31,49.25,176.69,0.08,0.13,0.05,0.68,0.12,0.57,0.61,0.67,0.26,0.32,-166.88,1.06,9.38,0.03,0.1,0.07,0.13,0.74,0.39,0.0,0.08,-0.99,0.11,-138.31,36.88,30.75,1.14,0.54,0.5,0.36,0.79,1.07,-0.2,0.34,-0.82,0.4
0.83,-18.81,50.56,-1.68,0.04,0.18,0.04,0.51,0.08,0.03,-0.08,0.42,-0.15,0.89,-94.13,49.19,176.56,0.08,0.03,0.01,0.74,0.18,0.16,0.61,0.67,0.26,0.32,-167.06,1.19,9.31,0.09,0.07,0.2,0.54,1.13,1.37,-0.0,0.08,-0.99,0.11,-136.88,38.5,33.13,1.1,0.65,0.28,0.32,0.28,1.73,-0.19,0.37,-0.81,0.42
0.84,-18.75,50.75,-1.68,0.03,0.15,0.01,0.13,0.13,0.35,-0.08,0.42,-0.15,0.89,-94.06,49.19,176.56,0.02,0.02,0.01,0.9,0.25,0.21,0.61,0.67,0.26,0.32,-167.62,1.25,9.19,0.05,0.04,0.6,0.69,1.26,1.59,-0.0,0.08,-0.99,0.11,-136.44,39.13,34.5,1.08,0.62,0.07,0.31,0.73,1.58,-0.19,0.38,-0.8,0.43
0.85,-18.44,50.81,-1.81,0.07,0.11,0.02,1.13,0.03,0.5,-0.08,0.42,-0.15,0.89,-94.06,49.19,176.56,0.02,0.01,0.01,1.09,0.34,0.5,0.61,0.67,0.26,0.32,-168.37,1.25,9.06,0.14,0.17,0.67,0.5,0.96,0.9,-0.0,0.08,-0.99,0.1,-135.69,40.69,37.25,0.93,0.85,0.19,0.1,0.2,0.95,-0.19,0.4,-0.78,0.44
0.86,-18.37,50.88,-1.87,0.03,0.07,0.02,1.38,0.09,0.92,-0.08,0.42,-0.15,0.89,-94.06,49.19,176.56,0.02,0.09,0.01,0.98,0.14,1.34,0.61,0.67,0.26,0.32,-169.25,1.0,8.44,0.33,0.1,0.14,0.64,0.93,0.84,-0.0,0.07,-0.99,0.09,-135.06,41.75,38.19,0.72,0.76,0.69,0.17,1.11,0.7,-0.19,0.41,-0.77,0.45
0.87,-18.31,51.0,-1.87,0.02,0.15,0.02,1.23,0.2,0.77,-0.08,0.42,-0.15,0.89,-94.13,49.38,176.63,0.03,0.15,0.02,1.1,0.05,1.41,0.61,0.67,0.26,0.32,-169.06,1.0,8.06,0.32,0.05,0.21,0.79,0.75,1.23,-0.0,0.07,-0.99,0.1,-133.5,43.13,38.44,0.82,0.62,1.36,0.5,1.21,2.61,-0.2,0.42,-0.76,0.46
0.88,-18.31,51.25,-1.87,0.03,0.29,0.01,0.76,0.24,0.04,-0.08,0.42,-0.15,0.89,-94.25,49.56,176.69,0.03,0.21,0.03,1.29,0.03,1.0,0.61,0.67,0.27,0.32,-168.13,1.06,7.12,0.49,0.08,0.4,0.37,0.28,1.43,-0.0,0.06,-0.99,0.1,-132.37,44.5,39.56,1.12,1.02,0.55,0.94,2.9,0.86,-0.2,0.43,-0.75,0.47
0.89,-18.25,51.56,-1.94,0.05,0.23,0.02,0.66,0.15,0.27,-0.08,0.43,-0.15,0.89,-94.5,49.81,176.75,0.05,0.24,0.04,1.3,0.21,0.69,0.61,0.67,0.27,0.33,-167.87,1.12,6.62,0.43,0.12,0.16,0.39,0.76,1.65,-0.0,0.06,-0.99,0.11,-132.63,45.12,41.81,1.0,1.05,0.58,0.93,2.07,0.89,-0.2,0.45,-0.74,0.47
0.9,-18.19,51.81,-2.0,0.06,0.2,0.04,1.05,0.09,0.22,-0.08,0.43,-0.15,0.89,-94.62,50.12,176.81,0.08,0.26,0.04,1.44,0.27,0.62,0.61,0.67,0.27,0.33,-167.81,1.19,6.37,0.37,0.1,0.02,0.13,1.29,2.03,-0.0,0.06,-0.99,0.11,-133.06,45.56,44.06,0.94,1.04,0.51,0.72,0.67,0.17,-0.19,0.46,-0.73,0.47
0.91,-18.12,52.06,-1.94,0.05,0.19,0.08,1.26,0.14,0.64,-0.08,0.43,-0.15,0.89,-94.5,50.44,176.81,0.1,0.27,0.06,1.43,0.04,0.87,0.61,0.67,0.27,0.33,-167.87,1.31,6.0,0.31,0.04,0.31,0.2,1.26,2.59,-0.01,0.05,-0.99,0.11,-133.25,45.88,45.12,0.98,1.01,0.09,0.75,1.82,0.17,-0.19,0.47,-0.72,0.47
0.92,-18.31,52.62,-1.81,0.02,0.31,0.05,1.35,0.22,0.57,-0.08,0.44,-0.15,0.88,-94.5,50.81,176.81,0.05,0.42,0.07,1.26,0.02,0.98,0.6,0.67,0.27,0.33,-168.31,1.19,5.69,0.28,0.16,0.45,0.63,1.09,2.78,-0.01,0.05,-0.99,0.1,-132.19,48.25,48.87,1.05,1.35,0.53,0.17,1.46,1.16,-0.19,0.5,-0.69,0.49
0.93,-18.37,53.0,-1.81,0.01,0.38,0.04,1.11,0.25,0.18,-0.09,0.44,-0.15,0.88,-94.44,51.75,176.75,0.07,0.35,0.03,1.43,0.36,1.01,0.6,0.67,0.28,0.34,-169.13,0.94,5.44,0.17,0.4,0.83,0.57,0.6,2.38,-0.0,0.05,-0.99,0.09,-131.81,49.56,50.94,0.83,1.39,0.31,0.3,0.04,0.22,-0.19,0.51,-0.67,0.5
0.94,-18.5,53.44,-1.75,0.03,0.43,0.05,0.79,0.13,0.04,-0.09,0.44,-0.15,0.88,-94.44,52.13,176.75,0.02,0.38,0.04,1.36,0.33,1.02,0.6,0.67,0.28,0.34,-170.12,0.44,5.31,0.14,0.53,0.8,0.09,0.41,1.84,0.0,0.05,-1.0,0.09,-131.63,50.69,53.06,0.96,1.45,0.35,0.06,1.15,1.29,-0.18,0.53,-0.66,0.51
0.95,-18.69,53.94,-1.62,0.05,0.43,0.07,0.67,0.22,0.02,-0.09,0.45,-0.15,0.88,-94.56,52.69,176.75,0.04,0.51,0.05,1.32,0.06,0.67,0.6,0.67,0.28,0.34,-171.44,0.37,4.94,0.2,0.37,0.31,0.71,0.84,0.88,-0.0,0.04,-1.0,0.07,-131.12,51.94,55.63,1.08,1.57,0.32,0.65,0.32,0.6,-0.18,0.54,-0.64,0.52
0.96,-18.87,54.38,-1.5,0.03,0.41,0.07,0.96,0.4,0.26,-0.09,0.45,-0.15,0.88,-94.81,53.31,176.87,0.07,0.59,0.05,1.3,0.15,0.68,0.6,0.67,0.29,0.35,-171.56,0.69,4.62,0.28,0.22,0.03,0.66,0.67,0.65,-0.0,0.04,-1.0,0.07,-130.75,53.25,58.63,1.09,1.74,0.26,1.43,0.11,0.6,-0.17,0.56,-0.62,0.52
0.97,-19.0,54.94,-1.44,0.01,0.49,0.08,0.95,0.25,0.66,-0.09,0.45,-0.15,0.87,-95.0,54.13,176.87,0.06,0.72,0.03,0.67,0.26,0.82,0.59,0.66,0.29,0.35,-171.44,0.81,4.19,0.4,0.09,0.22,0.57,0.11,0.69,-0.0,0.04,-1.0,0.07,-130.69,54.63,62.19,0.95,2.06,0.28,1.13,0.71,0.69,-0.17,0.58,-0.59,0.53
0.98,-19.06,55.56,-1.31,0.02,0.58,0.11,0.64,0.2,0.3,-0.09,0.46,-0.15,0.87,-95.0,54.88,176.81,0.04,0.67,0.03,0.75,0.37,0.88,0.59,0.66,0.29,0.36,-171.06,0.88,3.75,0.41,0.01,0.37,0.07,0.15,1.53,-0.01,0.03,-1.0,0.08,-130.5,56.19,66.25,0.98,2.3,0.46,2.73,1.03,1.09,-0.16,0.6,-0.56,0.54
0.99,-19.19,56.25,-1.19,0.03,0.64,0.12,0.52,0.23,0.07,-0.09,0.46,-0.15,0.87,-95.0,55.56,176.81,0.03,0.58,0.04,0.78,0.23,0.66,0.59,0.66,0.3,0.36,-170.69,0.94,3.37,0.3,0.05,0.34,0.22,0.34,1.85,-0.01,0.03,-1.0,0.08,-130.06,57.5,70.69,1.3,1.99,0.37,2.1,0.12,1.38,-0.14,0.63,-0.53,0.55
1.0,-19.25,56.94,-1.12,0.05,0.62,0.09,0.64,0.24,0.27,-0.09,0.47,-0.15,0.87,-95.06,56.19,176.81,0.02,0.57,0.02,0.76,0.04,0.47,0.59,0.66,0.3,0.36,-170.56,1.12,3.19,0.09,0.23,0.04,0.41,0.73,1.46,-0.01,0.03,-1.0,0.08,-129.5,58.13,75.0,1.67,1.42,0.01,1.05,0.36,2.07,-0.12,0.65,-0.5,0.56
1.01,-19.12,58.31,-1.06,0.12,0.65,0.11,1.11,0.06,0.06,-0.09,0.48,-0.15,0.86,-95.19,56.88,176.75,0.01,0.63,0.01,0.92,0.01,0.53,0.58,0.66,0.3,0.37,-170.81,1.56,3.25,0.08,0.43,0.26,0.43,0.62,1.27,-0.01,0.03,-1.0,0.08,-128.87,58.5,79.5,1.55,1.66,0.11,0.17,0.12,1.15,-0.1,0.67,-0.47,0.57
1.02,-19.06,59.13,-1.0,0.11,0.79,0.11,0.73,0.04,0.31,-0.09,0.49,-0.15,0.86,-95.19,58.06,176.63,0.08,0.75,0.07,0.75,0.06,0.65,0.58,0.65,0.31,0.38,-171.19,2.06,3.5,0.24,0.53,0.43,0.33,0.03,0.62,-0.02,0.03,-1.0,0.08,-128.38,59.31,79.5,1.3,2.27,0.55,0.75,0.84,0.41,-0.1,0.67,-0.46,0.58
1.03,-18.87,61.06,-1.12,0.1,0.84,0.05,0.2,0.23,0.55,-0.09,0.5,-0.15,0.85,-95.19,58.87,176.63,0.09,0.78,0.07,0.54,0.03,0.35,0.58,0.65,0.31,0.38,-171.69,2.62,3.94,0.39,0.49,0.47,0.61,0.14,0.41,-0.02,0.04,-1.0,0.07,-127.94,59.88,82.37,1.24,2.34,0.91,1.85,0.21,0.68,-0.09,0.68,-0.44,0.58
1.04,-18.69,62.0,-1.19,0.15,0.84,0.04,0.19,0.32,0.72,-0.09,0.51,-0.14,0.84,-95.0,60.63,176.44,0.12,0.76,0.04,0.58,0.06,0.08,0.57,0.65,0.32,0.39,-172.69,3.44,4.75,0.3,0.36,0.48,0.29,0.12,0.31,-0.03,0.04,-1.0,0.06,-126.25,61.06,82.37,1.63,1.96,0.34,0.48,2.06,0.42,-0.08,0.68,-0.43,0.59
1.05,-18.44,62.94,-1.37,0.16,0.9,0.02,0.08,0.14,0.45,-0.09,0.51,-0.14,0.84,-94.87,61.5,176.25,0.09,0.82,0.03,0.43,0.04,0.23,0.57,0.64,0.32,0.4,-173.19,3.75,5.06,0.21,0.3,0.39,0.12,0.16,0.17,-0.03,0.05,-1.0,0.06,-125.56,60.81,82.37,1.51,2.43,0.14,0.61,0.64,1.72,-0.08,0.68,-0.42,0.59
1.06,-18.25,64.0,-1.68,0.15,0.99,0.02,0.3,0.11,0.24,-0.1,0.52,-0.14,0.84,-94.75,62.5,176.0,0.18,0.97,0.03,0.03,0.07,0.18,0.57,0.64,0.33,0.4,-173.62,4.12,5.44,0.35,0.2,0.07,0.32,0.37,0.44,-0.03,0.05,-1.0,0.06,-125.62,59.75,88.56,1.47,2.52,0.04,0.61,0.07,2.13,-0.04,0.7,-0.39,0.59
1.07,-18.06,65.12,-1.81,0.16,1.0,0.06,0.76,0.03,0.37,-0.1,0.53,-0.14,0.83,-94.44,63.56,175.56,0.22,0.98,0.02,0.28,0.06,0.03,0.56,0.64,0.33,0.41,-173.69,4.31,5.87,0.45,0.22,0.22,0.29,1.13,0.82,-0.03,0.05,-1.0,0.06,-125.25,58.75,94.38,1.6,2.05,0.21,0.39,1.09,0.38,-0.0,0.72,-0.36,0.59
1.08,-17.87,66.19,-1.94,0.21,0.93,0.07,1.06,0.16,0.46,-0.1,0.54,-0.14,0.83,-94.13,64.69,175.25,0.2,0.97,0.08,0.37,0.21,0.39,0.56,0.63,0.34,0.42,-174.0,4.56,6.44,0.41,0.31,0.45,0.1,1.04,0.02,-0.04,0.06,-1.0,0.05,-124.25,57.94,99.56,1.63,1.92,0.43,1.04,2.04,0.26,0.04,0.74,-0.33,0.59
1.09,-17.62,67.25,-2.12,0.18,0.89,0.05,0.79,0.14,0.34,-0.1,0.54,-0.14,0.82,-94.06,65.69,175.12,0.13,0.97,0.08,0.65,0.18,0.22,0.56,0.63,0.34,0.42,-174.56,4.87,6.87,0.41,0.38,0.61,0.4,0.25,0.6,-0.04,0.06,-1.0,0.05,-123.13,57.06,104.5,1.47,2.03,0.34,1.47,2.98,0.13,0.07,0.75,-0.29,0.59
1.1,-17.25,69.19,-2.56,0.22,1.0,0.06,0.22,0.04,0.47,-0.1,0.56,-0.14,0.81,-94.0,66.75,174.94,0.13,0.93,0.07,0.91,0.02,0.08,0.55,0.63,0.35,0.43,-175.25,5.19,7.5,0.51,0.38,0.59,0.49,0.99,0.62,-0.04,0.07,-1.0,0.04,-123.06,55.44,108.69,1.07,2.35,0.06,1.87,4.0,2.39,0.1,0.76,-0.27,0.58
1.11,-17.0,70.31,-2.81,0.21,1.06,0.06,0.5,0.1,0.45,-0.1,0.57,-0.13,0.81,-93.62,68.87,174.44,0.17,0.92,0.06,0.52,0.12,0.03,0.54,0.62,0.36,0.44,-175.81,5.5,8.31,0.81,0.42,0.36,0.07,0.54,0.35,-0.05,0.07,-1.0,0.04,-121.62,52.75,116.37,1.49,1.38,0.58,1.39,2.94,1.13,0.17,0.78,-0.23,0.56
1.12,-16.62,73.94,-3.75,0.11,1.05,0.02,1.47,0.3,0.45,-0.11,0.59,-0.13,0.79,-93.56,69.87,174.12,0.1,0.93,0.03,0.55,0.3,0.03,0.54,0.62,0.36,0.45,-176.19,6.0,9.25,0.84,0.51,0.36,0.71,0.49,0.41,-0.05,0.08,-0.99,0.04,-120.06,51.88,119.38,1.24,1.32,0.23,0.17,0.73,1.21,0.2,0.78,-0.2,0.55
1.13,-16.5,75.06,-4.19,0.12,0.93,0.01,1.16,0.09,0.6,-0.12,0.6,-0.14,0.78,-93.06,72.56,172.81,0.18,1.02,0.01,1.15,0.27,0.16,0.53,0.61,0.37,0.46,-177.69,7.0,11.25,0.88,0.66,0.78,0.4,0.04,0.09,-0.06,0.1,-0.99,0.03,-119.87,50.5,121.69,0.74,1.65,0.05,0.98,3.53,1.88,0.22,0.79,-0.19,0.54
1.14,-16.37,76.12,-4.56,0.13,0.93,0.04,1.04,0.02,0.37,-0.12,0.61,-0.14,0.78,-92.94,73.62,172.25,0.18,0.96,0.05,1.2,0.21,0.36,0.52,0.61,0.37,0.47,-178.81,7.56,12.37,0.95,0.71,0.69,0.48,0.39,0.6,-0.06,0.11,-0.99,0.02,-119.56,49.31,124.19,0.82,1.48,0.74,0.46,2.08,0.04,0.24,0.79,-0.18,0.53
1.15,-16.31,77.12,-4.68,0.14,0.93,0.11,1.33,0.14,0.11,-0.12,0.61,-0.14,0.77,-92.75,74.69,171.75,0.17,0.95,0.05,1.03,0.28,0.27,0.52,0.6,0.38,0.48,-180.56,9.63,15.69,1.07,0.86,0.49,0.06,0.07,1.78,-0.08,0.14,-0.99,0.01,-117.0,48.94,127.44,1.29,1.0,1.11,0.88,3.2,1.42,0.27,0.79,-0.15,0.53
1.16,-16.25,78.19,-4.75,0.14,0.92,0.11,1.45,0.17,0.08,-0.12,0.62,-0.14,0.76,-92.69,75.25,171.5,0.18,0.96,0.06,0.91,0.48,0.13,0.51,0.6,0.38,0.48,-180.75,9.94,16.31,0.94,0.61,0.18,0.75,0.23,1.85,-0.09,0.14,-0.99,0.01,-115.19,48.25,129.81,1.05,0.95,0.21,0.76,2.39,0.64,0.3,0.79,-0.13,0.52
1.17,-16.19,79.19,-4.94,0.15,0.92,0.09,1.43,0.15,0.18,-0.12,0.63,-0.14,0.76,-92.56,76.31,170.94,0.11,0.97,0.09,1.37,0.52,0.07,0.51,0.6,0.38,0.49,-180.81,10.5,17.37,0.87,0.38,0.19,0.8,0.05,1.19,-0.09,0.15,-0.98,0.01,-115.06,47.0,130.81,0.59,1.18,0.49,0.02,4.23,0.44,0.31,0.79,-0.13,0.51
1.18,-15.88,81.06,-6.56,0.12,0.84,0.04,1.21,0.37,0.18,-0.13,0.64,-0.14,0.75,-92.69,77.31,170.81,0.06,0.91,0.09,1.7,0.62,0.01,0.5,0.6,0.38,0.49,-180.69,10.94,18.31,0.93,0.41,0.16,0.61,0.52,0.94,-0.1,0.16,-0.98,0.01,-114.5,46.06,132.37,0.6,1.03,0.78,0.56,1.27,2.49,0.32,0.79,-0.12,0.5
1.19,-15.69,81.94,-7.5,0.13,0.79,0.02,1.15,0.2,0.27,-0.14,0.64,-0.15,0.74,-92.75,79.19,169.87,0.09,0.8,0.04,1.39,0.3,0.33,0.49,0.59,0.39,0.51,-180.5,11.44,19.37,0.93,0.5,0.09,0.42,0.57,1.21,-0.1,0.17,-0.98,0.01,-113.25,45.94,133.75,1.03,0.73,1.42,1.36,2.12,2.3,0.34,0.79,-0.1,0.5
1.2,-15.63,82.69,-7.93,0.14,0.67,0.06,0.99,0.03,0.17,-0.14,0.65,-0.15,0.74,-92.62,80.19,168.87,0.15,0.93,0.02,1.27,0.2,0.01,0.48,0.59,0.39,0.51,-180.44,12.0,20.44,0.96,0.53,0.03,0.45,0.27,1.2,-0.1,0.18,-0.98,0.01,-108.44,45.19,138.06,0.71,0.7,0.38,0.53,2.94,1.65,0.39,0.78,-0.06,0.48
1.21,-15.5,83.37,-7.93,0.15,0.62,0.03,0.53,0.1,0.17,-0.14,0.65,-0.15,0.73,-92.62,81.12,167.94,0.04,0.78,0.05,1.16,0.14,0.07,0.47,0.59,0.39,0.52,-180.94,13.13,23.31,1.49,0.7,0.63,0.11,0.25,0.88,-0.11,0.2,-0.97,0.02,-107.37,44.44,139.5,0.67,0.84,0.94,0.76,0.28,3.16,0.41,0.78,-0.05,0.48
1.22,-15.38,84.06,-7.93,0.08,0.62,0.01,0.07,0.57,0.15,-0.14,0.66,-0.15,0.73,-92.62,81.94,167.06,0.07,0.72,0.05,0.85,0.29,0.09,0.46,0.59,0.39,0.53,-181.75,13.5,25.25,1.57,0.73,0.81,0.42,0.14,0.9,-0.12,0.22,-0.97,0.01,-102.38,43.31,143.62,0.91,0.59,0.47,0.82,0.29,0.42,0.46,0.76,-0.01,0.46
1.23,-15.38,84.75,-7.93,0.06,0.65,0.02,0.11,0.62,0.12,-0.14,0.66,-0.14,0.72,-92.5,82.62,165.94,0.18,0.62,0.02,0.55,0.35,0.32,0.46,0.59,0.39,0.54,-182.69,13.75,27.31,1.55,0.67,0.82,0.72,0.48,1.24,-0.12,0.23,-0.97,0.01,-102.38,42.75,145.06,0.76,0.58,0.07,0.14,0.02,0.13,0.47,0.76,0.0,0.45
1.24,-15.38,85.56,-7.86,0.03,0.73,0.07,0.29,0.54,0.5,-0.14,0.66,-0.14,0.72,-92.31,83.31,165.94,0.19,0.69,0.03,0.43,0.67,0.12,0.46,0.59,0.39,0.54,-183.5,14.0,29.31,1.54,0.6,0.7,1.1,1.6,1.27,-0.13,0.25,-0.96,0.0,-102.06,42.13,145.87,0.63,0.55,0.07,0.6,1.72,0.23,0.48,0.76,0.0,0.44
1.25,-15.5,86.31,-7.8,0.02,0.69,0.06,0.8,0.17,0.52,-0.14,0.67,-0.14,0.71,-92.25,84.13,165.94,0.09,0.71,0.02,0.11,0.45,0.7,0.45,0.59,0.4,0.54,-183.94,14.13,31.25,1.59,0.42,0.38,0.58,1.6,0.96,-0.13,0.26,-0.96,0.0,-102.19,41.56,147.0,0.84,0.46,0.74,0.9,1.02,0.89,0.48,0.76,0.01,0.43
1.26,-15.5,87.5,-7.8,0.01,0.53,0.04,0.64,0.22,0.06,-0.14,0.68,-0.14,0.71,-92.25,84.81,165.94,0.03,0.62,0.01,0.8,0.47,0.72,0.45,0.59,0.4,0.55,-183.87,14.38,33.13,1.72,0.17,0.14,0.63,0.77,0.37,-0.13,0.28,-0.95,0.0,-102.69,41.25,148.75,0.72,0.16,0.78,1.2,0.57,1.06,0.49,0.76,0.02,0.42
1.27,-15.44,88.0,-7.86,0.03,0.54,0.08,0.61,0.24,0.12,-0.14,0.68,-0.14,0.7,-92.25,85.44,166.0,0.06,0.59,0.03,0.9,0.49,0.23,0.45,0.58,0.4,0.55,-183.5,14.63,35.06,1.77,0.16,0.15,0.99,0.17,0.97,-0.13,0.29,-0.95,0.01,-103.38,41.19,150.31,0.53,0.23,0.86,1.37,0.36,0.73,0.49,0.77,0.02,0.42
1.28,-15.38,88.19,-7.93,0.03,0.44,0.08,0.42,0.14,0.2,-0.14,0.68,-0.14,0.7,-92.25,86.5,166.13,0.03,0.47,0.05,0.6,0.22,0.24,0.44,0.58,0.41,0.55,-183.25,14.87,37.06,1.78,0.29,0.01,0.38,0.94,0.86,-0.13,0.31,-0.94,0.01,-104.5,40.94,151.94,0.62,0.24,1.42,1.34,0.2,1.17,0.49,0.77,0.03,0.41
1.29,-15.25,88.44,-8.05,0.03,0.36,0.06,0.15,0.27,0.41,-0.14,0.68,-0.14,0.7,-92.25,86.94,166.13,0.03,0.46,0.03,0.79,0.21,0.23,0.44,0.58,0.41,0.55,-183.19,15.13,39.06,1.68,0.36,0.07,0.36,0.46,0.41,-0.13,0.33,-0.94,0.02,-105.88,40.88,154.12,0.74,0.07,1.63,1.09,2.68,0.02,0.49,0.78,0.04,0.4
1.3,-15.06,88.62,-8.11,0.12,0.39,0.05,0.31,0.5,0.05,-0.14,0.68,-0.14,0.7,-92.19,87.37,166.06,0.07,0.43,0.01,0.56,0.2,0.03,0.44,0.58,0.41,0.55,-181.75,16.12,42.06,1.36,0.07,0.77,0.38,0.69,0.1,-0.14,0.35,-0.92,0.04,-107.44,41.19,156.25,0.65,0.3,1.21,0.89,3.79,3.49,0.48,0.78,0.05,0.39
1.31,-14.94,88.62,-8.18,0.06,0.34,0.08,0.26,0.81,0.27,-0.14,0.68,-0.14,0.7,-92.12,87.62,166.06,0.06,0.32,0.02,0.03,0.19,0.27,0.44,0.57,0.41,0.56,-180.87,16.62,43.56,1.54,0.06,0.54,0.13,0.4,0.41,-0.14,0.37,-0.92,0.05,-108.0,41.81,157.0,0.46,0.65,0.63,0.7,3.72,2.2,0.48,0.78,0.05,0.39
1.32,-14.75,88.5,-8.18,0.04,0.27,0.12,0.53,0.82,0.14,-0.14,0.68,-0.14,0.7,-92.0,87.81,166.06,0.06,0.21,0.04,0.22,0.18,0.32,0.44,0.57,0.42,0.56,-180.06,17.06,45.31,1.64,0.1,0.46,1.26,0.84,1.84,-0.14,0.38,-0.91,0.06,-109.5,42.62,155.25,0.57,0.72,1.32,0.71,0.66,1.7,0.46,0.79,0.04,0.41
1.33,-14.25,88.0,-7.8,0.15,0.37,0.14,0.03,0.63,0.5,-0.13,0.68,-0.14,0.71,-91.87,87.88,166.0,0.11,0.19,0.04,0.33,0.34,0.2,0.44,0.57,0.42,0.56,-179.5,17.56,47.13,1.68,0.33,0.26,0.98,1.27,1.79,-0.14,0.4,-0.91,0.06,-110.82,43.13,153.31,0.41,0.5,1.31,0.95,0.2,0.25,0.44,0.79,0.03,0.42
1.34,-14.0,87.69,-7.68,0.15,0.41,0.12,0.21,0.57,0.35,-0.13,0.68,-0.13,0.71,-91.69,87.94,165.94,0.09,0.13,0.03,0.22,0.62,0.07,0.44,0.57,0.42,0.56,-179.5,17.81,49.19,1.72,0.56,0.23,0.05,1.43,1.16,-0.14,0.41,-0.9,0.07,-112.0,43.63,151.87,0.13,0.63,1.11,0.82,0.74,0.27,0.43,0.8,0.01,0.43
1.35,-13.75,87.37,-7.55,0.14,0.28,0.13,0.19,0.33,0.51,-0.13,0.68,-0.13,0.71,-91.37,87.88,165.75,0.08,0.12,0.11,0.15,0.52,0.07,0.44,0.57,0.42,0.56,-179.69,18.06,51.19,1.57,0.57,0.18,1.22,0.12,0.29,-0.14,0.43,-0.89,0.07,-113.32,44.44,150.63,0.19,0.81,0.86,1.34,0.9,0.59,0.41,0.8,0.0,0.43
1.36,-13.44,87.06,-7.36,0.07,0.28,0.14,0.29,0.22,0.38,-0.13,0.68,-0.13,0.71,-91.19,87.81,165.69,0.08,0.06,0.08,0.06,0.29,0.15,0.44,0.57,0.42,0.55,-179.94,18.44,52.94,1.41,0.42,0.19,0.97,1.44,0.16,-0.14,0.44,-0.88,0.07,-113.32,45.19,149.62,0.1,0.75,0.55,0.27,0.39,1.11,0.41,0.8,0.0,0.44
1.37,-13.31,86.44,-7.18,0.08,0.32,0.04,0.4,0.21,0.19,-0.12,0.67,-0.13,0.72,-91.0,87.75,165.56,0.09,0.01,0.07,0.44,0.17,0.07,0.44,0.57,0.42,0.55,-179.06,19.19,56.19,1.43,0.15,0.17,0.12,0.49,0.52,-0.14,0.47,-0.87,0.09,-113.76,45.69,149.38,0.24,0.39,0.22,0.94,2.47,0.84,0.4,0.8,0.0,0.45
1.38,-17.56,85.44,-8.11,0.32,0.07,0.2,0.37,0.26,0.19,-0.15,0.66,-0.16,0.72,-90.87,87.69,165.5,0.07,0.18,0.07,0.83,0.13,0.1,0.44,0.57,0.42,0.55,-178.87,19.44,56.88,1.19,0.01,0.72,1.15,0.85,0.65,-0.14,0.47,-0.87,0.09,-114.01,45.81,149.38,0.29,0.26,0.7,0.91,1.79,1.82,0.4,0.8,0.0,0.45
1.39,-18.19,85.38,-8.24,0.48,0.12,0.17,0.27,0.1,0.03,-0.16,0.66,-0.16,0.72,-90.69,87.62,165.44,0.05,0.17,0.1,0.47,0.19,0.72,0.44,0.57,0.42,0.55,-177.69,20.12,57.94,1.07,0.03,0.78,0.91,0.49,0.56,-0.14,0.48,-0.86,0.1,-113.82,46.0,148.69,0.06,0.23,0.87,0.57,0.5,1.67,0.4,0.8,-0.0,0.45
1.4,-18.87,85.31,-8.36,0.47,0.08,0.11,0.07,0.48,0.08,-0.16,0.66,-0.17,0.72,-93.19,87.37,165.19,0.36,0.06,0.03,0.38,0.18,0.16,0.43,0.58,0.4,0.56,-176.69,20.88,59.06,1.09,0.13,0.69,0.87,0.46,0.32,-0.14,0.49,-0.85,0.11,-113.39,46.06,147.81,0.11,0.02,0.44,0.35,1.31,1.93,0.39,0.8,-0.01,0.45
1.41,-19.31,85.31,-8.36,0.38,0.06,0.05,0.18,0.51,0.21,-0.17,0.66,-0.17,0.71,-93.56,87.37,165.25,0.28,0.16,0.02,0.18,0.01,0.41,0.43,0.58,0.4,0.56,-175.06,21.94,61.44,1.09,0.07,0.73,1.71,0.02,0.24,-0.14,0.51,-0.84,0.13,-113.57,46.0,147.63,0.53,0.1,0.19,1.3,1.05,0.92,0.39,0.8,-0.01,0.45
1.42,-19.75,85.38,-8.43,0.36,0.04,0.05,0.57,0.31,0.26,-0.17,0.66,-0.17,0.71,-93.87,87.44,165.19,0.27,0.22,0.03,0.03,0.13,0.14,0.42,0.58,0.4,0.56,-174.94,18.81,61.44,0.39,0.21,0.04,0.29,0.89,0.56,-0.12,0.51,-0.84,0.12,-114.7,45.75,148.12,0.55,0.3,0.06,2.02,3.92,0.05,0.39,0.8,-0.01,0.45
1.43,-20.19,85.44,-8.43,0.33,0.06,0.05,0.56,0.29,0.29,-0.17,0.66,-0.18,0.71,-94.25,87.37,165.13,0.45,0.28,0.04,0.05,0.2,0.09,0.42,0.59,0.4,0.57,-174.38,19.0,61.63,0.28,0.25,0.33,0.16,0.75,0.26,-0.12,0.51,-0.84,0.13,-115.26,45.38,148.19,0.05,0.32,0.56,0.93,1.75,0.41,0.39,0.81,-0.01,0.45
1.44,-20.56,85.56,-8.49,0.28,0.11,0.08,0.01,0.24,0.24,-0.17,0.66,-0.18,0.71,-94.69,87.25,165.06,0.43,0.2,0.06,0.32,0.24,0.16,0.42,0.59,0.39,0.57,-173.38,19.56,61.69,0.16,0.31,0.72,0.78,0.36,0.04,-0.12,0.51,-0.84,0.14,-114.82,44.88,147.87,0.18,0.55,0.16,0.33,0.76,0.22,0.39,0.81,-0.02,0.45
1.45,-21.31,85.75,-8.67,0.3,0.07,0.07,0.03,0.19,0.5,-0.18,0.66,-0.19,0.71,-94.87,87.19,165.06,0.15,0.09,0.03,0.24,0.06,0.18,0.42,0.59,0.39,0.57,-172.5,20.31,61.69,0.17,0.3,0.75,0.74,0.98,0.11,-0.12,0.51,-0.84,0.15,-114.82,44.25,148.56,0.38,0.69,0.4,1.02,0.92,0.15,0.39,0.81,-0.02,0.44
1.46,-21.69,85.87,-8.67,0.32,0.16,0.04,0.18,0.02,0.03,-0.18,0.66,-0.19,0.71,-95.06,87.12,165.06,0.27,0.26,0.02,0.14,0.22,0.39,0.42,0.59,0.39,0.57,-171.5,20.94,61.69,0.19,0.23,0.62,0.62,0.77,0.05,-0.12,0.51,-0.84,0.16,-114.63,43.5,149.75,0.73,0.94,0.31,2.11,4.34,2.24,0.4,0.81,-0.01,0.43
1.47,-22.0,86.12,-8.74,0.22,0.2,0.06,0.12,0.08,0.04,-0.18,0.66,-0.19,0.71,-95.69,86.81,165.0,0.34,0.22,0.09,0.03,0.01,0.45,0.42,0.59,0.39,0.57,-171.19,21.37,61.82,0.24,0.17,0.4,0.94,0.36,0.08,-0.12,0.52,-0.83,0.16,-114.88,41.5,151.37,0.29,0.85,0.2,0.92,2.83,0.05,0.41,0.81,-0.01,0.41
1.48,-22.25,86.37,-8.8,0.21,0.24,0.07,0.07,0.11,0.06,-0.19,0.66,-0.19,0.7,-95.87,86.63,164.94,0.2,0.19,0.05,0.14,0.14,0.44,0.42,0.6,0.38,0.57,-170.62,21.69,62.01,0.25,0.19,0.31,0.73,0.07,0.16,-0.12,0.52,-0.83,0.17,-113.82,40.56,153.06,0.6,0.96,1.36,0.53,2.27,0.78,0.43,0.81,0.0,0.4
1.49,-22.56,86.63,-8.8,0.24,0.2,0.03,0.11,0.09,0.15,-0.19,0.66,-0.19,0.7,-96.06,86.56,165.0,0.15,0.13,0.07,0.06,0.34,0.24,0.42,0.6,0.38,0.57,-170.19,21.75,62.51,0.32,0.1,0.11,0.17,0.55,0.8,-0.12,0.52,-0.83,0.17,-111.82,38.69,157.12,0.5,0.8,0.74,0.14,0.33,1.5,0.46,0.8,0.03,0.37
1.5,-22.81,86.81,-8.8,0.21,0.17,0.02,0.07,0.15,0.05,-0.19,0.66,-0.19,0.7,-96.44,86.5,165.06,0.3,0.2,0.04,0.18,0.19,0.09,0.41,0.6,0.38,0.57,-170.19,21.62,62.69,0.34,0.02,0.22,0.08,0.94,1.03,-0.12,0.52,-0.83,0.17,-111.2,37.94,156.12,0.46,0.54,0.73,0.89,1.77,1.02,0.47,0.8,0.02,0.37
1.51,-23.06,87.0,-8.86,0.16,0.17,0.03,0.15,0.1,0.37,-0.19,0.66,-0.2,0.7,-96.69,86.31,165.06,0.21,0.22,0.04,0.27,0.01,0.31,0.41,0.6,0.38,0.57,-170.62,21.19,63.32,0.33,0.1,0.4,0.04,0.92,0.59,-0.11,0.53,-0.83,0.16,-110.32,37.44,154.56,1.0,0.34,1.09,0.89,0.8,0.76,0.47,0.8,0.01,0.38
1.52,-23.25,87.25,-8.86,0.22,0.2,0.01,0.06,0.09,0.17,-0.19,0.66,-0.2,0.7,-96.81,86.12,165.0,0.11,0.17,0.03,0.6,0.33,0.44,0.41,0.6,0.38,0.57,-170.81,20.94,63.51,0.24,0.02,0.23,0.2,0.03,0.17,-0.11,0.53,-0.83,0.16,-109.63,37.0,152.63,1.11,0.32,0.51,0.23,0.51,2.0,0.47,0.8,-0.01,0.38
1.53,-23.56,87.44,-8.86,0.25,0.2,0.01,0.1,0.12,0.23,-0.2,0.66,-0.2,0.69,-97.0,86.06,165.0,0.18,0.08,0.03,0.54,0.38,0.18,0.41,0.6,0.38,0.57,-170.87,20.81,63.76,0.19,0.11,0.03,0.25,0.68,0.79,-0.11,0.53,-0.82,0.16,-109.76,36.5,151.12,1.03,0.43,0.31,0.12,2.23,3.05,0.47,0.8,-0.02,0.38
1.54,-24.0,87.94,-8.93,0.15,0.24,0.04,0.11,0.23,0.1,-0.2,0.67,-0.2,0.69,-97.25,85.81,165.0,0.31,0.25,0.04,0.31,0.38,0.21,0.41,0.6,0.37,0.57,-171.0,20.75,63.94,0.2,0.06,0.06,0.74,0.24,0.59,-0.11,0.53,-0.82,0.16,-109.82,36.0,149.94,0.91,0.45,0.27,0.3,0.3,1.61,0.46,0.8,-0.03,0.39
1.55,-24.06,88.06,-8.93,0.19,0.21,0.03,0.52,0.04,0.07,-0.2,0.67,-0.2,0.69,-97.44,85.5,164.87,0.21,0.33,0.09,0.01,0.01,0.57,0.41,0.61,0.37,0.57,-171.06,20.62,64.19,0.13,0.02,0.1,0.61,1.07,0.42,-0.11,0.53,-0.82,0.16,-109.38,35.38,148.44,0.91,0.42,0.81,0.51,1.68,0.6,0.46,0.8,-0.04,0.39
1.56,-24.31,88.25,-8.93,0.15,0.12,0.01,0.49,0.14,0.28,-0.2,0.67,-0.2,0.69,-97.81,85.31,164.94,0.29,0.11,0.02,0.45,0.08,0.33,0.41,0.61,0.37,0.57,-170.94,20.62,64.19,0.03,0.17,0.08,0.09,0.54,0.26,-0.11,0.53,-0.82,0.16,-108.7,34.63,146.0,0.7,0.17,0.44,0.3,1.28,1.77,0.46,0.79,-0.06,0.39
1.57,-24.37,88.37,-8.93,0.03,0.12,0.02,0.15,0.01,0.27,-0.2,0.67,-0.2,0.69,-98.06,85.06,164.87,0.17,0.35,0.2,0.8,0.02,0.49,0.41,0.61,0.37,0.57,-170.56,20.94,63.94,0.15,0.41,0.47,0.12,0.68,1.51,-0.11,0.53,-0.82,0.16,-108.57,34.13,144.56,1.14,0.45,0.33,0.49,4.08,0.91,0.46,0.79,-0.07,0.4
1.58,-24.44,88.5,-8.93,0.02,0.16,0.02,0.04,0.12,0.26,-0.2,0.67,-0.2,0.69,-98.0,84.69,164.69,0.04,0.12,0.09,0.09,0.09,0.57,0.41,0.61,0.36,0.57,-169.87,21.56,64.01,0.39,0.21,0.02,0.08,0.59,0.44,-0.11,0.53,-0.82,0.17,-112.32,33.69,144.56,0.82,0.4,1.67,0.02,2.5,1.41,0.43,0.81,-0.09,0.39
1.59,-24.44,88.62,-8.93,0.01,0.14,0.01,0.06,0.05,0.45,-0.2,0.67,-0.2,0.69,-97.81,84.56,164.62,0.07,0.09,0.04,0.56,0.3,0.26,0.41,0.61,0.36,0.57,-169.69,21.75,64.44,0.12,0.07,0.54,0.11,1.37,1.01,-0.11,0.54,-0.82,0.17,-114.38,33.69,144.81,0.86,0.26,1.16,0.96,0.49,0.79,0.42,0.81,-0.09,0.39
1.6,-24.44,88.69,-8.93,0.06,0.06,0.01,0.38,0.15,0.59,-0.2,0.67,-0.2,0.69,-97.81,84.62,164.69,0.02,0.01,0.02,0.21,0.05,0.59,0.41,0.61,0.36,0.57,-168.94,22.37,64.38,0.03,0.12,0.63,0.43,2.23,1.68,-0.11,0.54,-0.82,0.18,-115.88,33.63,144.56,0.96,0.3,0.9,1.32,1.85,0.31,0.41,0.82,-0.1,0.39
1.61,-24.31,88.62,-8.93,0.12,0.07,0.02,0.49,0.24,0.28,-0.2,0.67,-0.2,0.69,-97.81,84.5,164.62,0.02,0.13,0.06,0.33,0.04,0.82,0.41,0.61,0.36,0.57,-169.0,22.62,64.26,0.07,0.05,0.01,0.23,1.84,1.08,-0.12,0.54,-0.82,0.18,-117.63,33.5,144.31,0.71,0.46,1.12,0.92,1.44,1.42,0.4,0.83,-0.11,0.39
1.62,-24.12,88.69,-8.93,0.15,0.15,0.05,0.07,0.12,0.09,-0.2,0.67,-0.2,0.69,-97.69,84.37,164.56,0.04,0.11,0.03,0.54,0.28,0.15,0.42,0.61,0.36,0.57,-169.94,21.94,64.51,0.08,0.2,0.8,0.13,0.68,1.0,-0.11,0.54,-0.82,0.17,-119.2,33.25,144.5,0.58,0.36,1.22,0.36,1.23,1.52,0.39,0.83,-0.11,0.38
1.63,-23.25,88.87,-8.67,0.35,0.22,0.12,0.11,0.42,0.17,-0.19,0.67,-0.2,0.69,-97.69,84.25,164.5,0.05,0.09,0.05,0.24,0.06,0.27,0.42,0.61,0.36,0.57,-170.94,21.25,64.69,0.04,0.13,0.53,0.95,0.3,1.59,-0.11,0.54,-0.82,0.16,-120.82,33.25,144.75,0.73,0.19,1.29,0.92,0.1,0.88,0.38,0.84,-0.12,0.38
1.64,-22.94,89.0,-8.61,0.17,0.25,0.11,0.39,0.03,0.02,-0.19,0.67,-0.19,0.69,-97.44,84.0,164.38,0.16,0.24,0.15,0.42,0.4,0.39,0.42,0.61,0.36,0.56,-171.19,21.25,64.76,0.08,0.34,0.07,1.26,0.25,1.22,-0.11,0.54,-0.82,0.16,-122.2,33.44,144.69,0.64,0.07,0.84,0.76,0.94,1.52,0.36,0.84,-0.12,0.38
1.65,-22.81,89.19,-8.86,0.21,0.02,0.1,0.1,0.47,0.55,-0.19,0.68,-0.19,0.69,-96.75,83.56,164.19,0.08,0.05,0.06,0.06,0.72,0.08,0.42,0.61,0.36,0.56,-171.56,21.25,65.01,0.13,0.4,0.25,1.86,0.95,0.68,-0.12,0.54,-0.82,0.16,-123.07,33.44,144.75,0.02,0.09,0.48,0.23,0.92,1.76,0.36,0.84,-0.12,0.38
1.66,-22.69,89.31,-8.99,0.19,0.19,0.1,0.59,0.85,0.46,-0.19,0.68,-0.19,0.68,-96.69,83.44,164.25,0.07,0.18,0.08,1.09,0.45,0.57,0.42,0.61,0.36,0.56,-172.19,20.75,65.32,0.15,0.05,0.39,1.27,2.64,0.77,-0.12,0.54,-0.82,0.15,-123.63,33.5,145.0,0.1,0.09,0.39,0.48,0.17,0.65,0.35,0.85,-0.12,0.38
1.67,-22.56,89.44,-9.05,0.26,0.05,0.06,0.47,0.64,0.4,-0.19,0.68,-0.19,0.68,-95.87,83.12,164.25,0.24,0.15,0.1,0.55,0.58,0.87,0.43,0.61,0.36,0.56,-169.94,22.5,64.57,0.17,0.13,1.0,1.21,1.52,0.27,-0.12,0.54,-0.82,0.18,-124.14,33.94,144.81,0.48,0.48,0.26,0.8,0.67,0.12,0.35,0.85,-0.13,0.38
1.68,-22.37,89.5,-9.11,0.17,0.12,0.03,1.34,0.08,0.57,-0.19,0.68,-0.19,0.68,-95.81,83.5,164.25,0.15,0.44,0.18,0.54,0.69,0.9,0.43,0.61,0.37,0.56,-169.75,22.81,64.69,0.16,0.21,0.02,0.67,1.57,0.65,-0.12,0.54,-0.82,0.18,-124.63,34.63,144.44,0.5,0.54,0.52,0.78,0.09,0.26,0.34,0.85,-0.13,0.39
1.69,-22.25,89.5,-9.18,0.09,0.1,0.07,1.49,0.67,0.23,-0.19,0.68,-0.19,0.68,-95.94,84.06,164.44,0.04,0.17,0.11,0.93,0.51,0.27,0.43,0.61,0.37,0.56,-169.87,23.12,65.51,0.2,0.23,0.51,0.17,1.0,0.92,-0.12,0.54,-0.81,0.18,-125.51,35.38,144.38,0.43,0.53,0.68,1.3,1.46,1.6,0.33,0.85,-0.13,0.39
1.7,-22.25,89.56,-9.24,0.16,0.15,0.08,0.71,1.03,0.51,-0.19,0.68,-0.19,0.68,-95.87,84.19,164.44,0.22,0.14,0.04,1.07,0.45,0.23,0.43,0.61,0.37,0.56,-169.5,23.69,65.76,0.1,0.31,0.2,1.64,0.69,0.99,-0.12,0.54,-0.81,0.19,-126.2,36.13,144.19,0.52,0.68,0.61,0.31,0.76,1.24,0.32,0.85,-0.13,0.4
1.71,-22.06,89.69,-9.24,0.27,0.25,0.04,0.43,0.44,0.35,-0.19,0.68,-0.19,0.68,-95.62,84.13,164.44,0.27,0.1,0.1,1.6,0.06,0.3,0.43,0.61,0.37,0.56,-169.94,23.81,66.01,0.05,0.32,0.01,2.03,0.85,0.87,-0.13,0.55,-0.81,0.18,-127.01,37.06,144.0,0.41,0.74,0.63,0.49,2.41,0.83,0.31,0.85,-0.13,0.4
1.72,-21.12,89.25,-9.49,0.3,0.27,0.2,0.89,0.74,0.02,-0.19,0.68,-0.19,0.69,-95.44,84.25,164.63,0.16,0.02,0.07,1.1,0.24,0.25,0.43,0.6,0.37,0.56,-170.19,23.81,66.13,0.05,0.01,0.28,0.38,0.16,0.26,-0.13,0.55,-0.81,0.18,-127.7,38.06,144.19,0.04,0.83,0.3,0.08,0.78,1.68,0.31,0.85,-0.12,0.41
1.73,-20.56,88.87,-9.74,0.28,0.43,0.15,0.64,0.73,0.2,-0.18,0.68,-0.19,0.69,-95.31,84.19,164.63,0.08,0.16,0.03,0.39,0.32,0.09,0.43,0.6,0.37,0.56,-169.62,24.25,66.13,0.06,0.17,0.57,0.11,1.27,0.45,-0.13,0.55,-0.81,0.19,-127.88,39.0,144.19,0.09,0.81,0.16,0.22,0.03,1.36,0.3,0.85,-0.12,0.41
