0.01,-147.81,28.87,177.75,0.12,0.03,0.05,0.88,0.38,0.52,0.26,0.93,0.05,0.24,-44.37,13.25,175.56,0.08,0.38,0.01,0.38,0.37,1.53,0.92,0.38,0.09,0.08,9.44,5.37,10.19,0.24,0.07,0.31,0.07,0.38,0.98,0.09,0.04,0.09,0.99,-111.19,1.19,29.94,0.29,0.04,0.2,0.73,0.55,2.24,0.14,0.22,-0.8,0.55
0.02,-147.74,29.06,177.5,0.16,0.1,0.05,0.83,0.23,0.72,0.26,0.93,0.05,0.25,-44.37,13.0,175.56,0.01,0.21,0.02,0.22,0.23,0.96,0.92,0.38,0.09,0.08,9.81,5.5,10.44,0.32,0.01,0.39,0.51,1.01,1.24,0.09,0.04,0.09,0.99,-111.37,1.31,30.25,0.3,0.06,0.06,0.62,0.83,2.74,0.14,0.22,-0.8,0.55
0.03,-147.68,29.31,177.25,0.12,0.24,0.06,0.55,0.27,1.02,0.26,0.93,0.05,0.25,-44.31,12.75,175.56,0.03,0.21,0.02,0.31,0.14,0.71,0.92,0.38,0.09,0.08,10.25,5.56,10.81,0.32,0.03,0.34,0.5,1.63,1.12,0.1,0.04,0.09,0.99,-111.44,1.25,30.62,0.35,0.1,0.01,0.37,0.91,2.75,0.14,0.22,-0.8,0.55
0.04,-147.56,29.56,177.0,0.04,0.13,0.09,0.63,0.45,0.54,0.26,0.93,0.05,0.25,-44.31,12.5,175.56,0.04,0.29,0.02,0.62,0.16,0.15,0.92,0.38,0.09,0.08,10.56,5.56,11.12,0.26,0.1,0.18,1.09,0.84,0.69,0.1,0.04,0.1,0.99,-111.56,1.19,31.06,0.42,0.14,0.12,0.04,1.61,2.31,0.14,0.23,-0.8,0.54
0.05,-147.43,29.75,177.19,0.2,0.13,0.16,0.56,0.38,0.32,0.26,0.93,0.05,0.25,-44.25,12.06,175.5,0.01,0.37,0.02,0.97,0.11,0.11,0.92,0.38,0.08,0.08,10.81,5.5,11.38,0.22,0.08,0.2,1.59,0.48,0.33,0.1,0.04,0.1,0.99,-111.88,1.06,31.56,0.44,0.24,0.18,0.06,1.48,2.0,0.14,0.23,-0.8,0.54
0.06,-147.49,30.06,177.12,0.07,0.1,0.09,0.76,0.11,0.4,0.26,0.93,0.05,0.26,-44.25,11.75,175.56,0.02,0.28,0.01,1.01,0.06,0.02,0.92,0.38,0.08,0.07,11.06,5.56,11.44,0.1,0.02,0.19,0.9,0.51,0.73,0.1,0.04,0.1,0.99,-112.12,0.94,32.06,0.48,0.24,0.14,0.74,0.84,1.34,0.15,0.23,-0.8,0.54
0.07,-147.49,30.19,177.06,0.1,0.07,0.01,0.91,0.04,0.37,0.26,0.93,0.05,0.26,-44.25,11.63,175.62,0.04,0.02,0.02,0.8,0.06,0.44,0.92,0.38,0.08,0.07,11.13,5.62,11.5,0.03,0.15,0.01,1.2,0.05,0.58,0.1,0.04,0.1,0.99,-112.25,0.75,32.63,0.49,0.23,0.03,1.39,0.39,1.27,0.15,0.24,-0.8,0.54
0.08,-147.56,30.44,177.0,0.01,0.28,0.04,0.81,0.18,0.7,0.26,0.93,0.05,0.26,-44.31,11.69,175.69,0.06,0.07,0.04,0.68,0.13,1.11,0.92,0.38,0.08,0.07,11.06,5.81,11.56,0.04,0.21,0.05,0.98,0.51,0.09,0.1,0.04,0.1,0.99,-112.25,0.5,33.13,0.48,0.21,0.1,1.49,0.13,1.17,0.16,0.24,-0.8,0.54
0.09,-147.56,30.62,177.0,0.06,0.24,0.07,0.57,0.48,0.46,0.26,0.93,0.05,0.26,-44.37,11.88,175.69,0.01,0.11,0.04,0.98,0.13,1.01,0.92,0.38,0.08,0.07,10.88,6.06,11.69,0.1,0.26,0.18,0.51,1.57,0.55,0.11,0.04,0.1,0.99,-112.25,0.25,33.69,0.49,0.22,0.06,0.13,0.53,0.3,0.16,0.24,-0.79,0.53
0.1,-147.62,30.81,177.0,0.17,0.25,0.17,0.41,0.3,0.17,0.26,0.93,0.05,0.26,-44.43,12.0,175.69,0.01,0.11,0.04,1.14,0.22,0.98,0.92,0.38,0.08,0.07,10.5,6.25,11.88,0.15,0.27,0.39,0.2,1.65,0.66,0.11,0.04,0.1,0.99,-112.19,0.4,34.25,0.56,0.2,0.11,0.22,0.58,0.36,0.16,0.25,-0.79,0.53
0.11,-147.68,31.06,177.12,0.05,0.11,0.09,0.14,0.06,0.09,0.26,0.93,0.05,0.26,-44.43,12.25,175.69,0.03,0.24,0.04,1.21,0.66,1.6,0.92,0.38,0.08,0.07,10.0,6.44,12.13,0.15,0.22,0.48,0.4,1.3,1.04,0.11,0.05,0.09,0.99,-112.0,0.56,35.56,0.59,0.26,0.26,0.01,0.11,0.11,0.17,0.26,-0.79,0.53
0.12,-147.68,31.19,177.06,0.09,0.03,0.01,0.6,0.11,0.19,0.26,0.93,0.05,0.27,-44.43,12.44,175.62,0.06,0.37,0.03,1.08,0.3,1.52,0.92,0.38,0.09,0.08,9.38,6.56,12.37,0.2,0.22,0.48,0.28,1.32,1.55,0.11,0.05,0.09,0.99,-111.75,1.0,36.25,0.62,0.28,0.24,0.14,0.29,0.09,0.17,0.26,-0.79,0.54
0.13,-147.68,31.19,176.94,0.06,0.11,0.02,0.86,0.28,0.28,0.26,0.93,0.05,0.27,-44.43,12.81,175.56,0.06,0.4,0.04,0.91,0.13,0.65,0.92,0.38,0.09,0.08,8.88,6.69,12.75,0.27,0.19,0.48,0.34,1.48,1.79,0.12,0.05,0.08,0.99,-111.5,1.87,37.75,0.73,0.36,0.27,0.61,0.29,0.26,0.17,0.28,-0.78,0.54
0.14,-147.68,31.56,176.69,0.16,0.06,0.06,1.06,0.17,0.53,0.26,0.93,0.05,0.27,-44.43,13.25,175.5,0.07,0.31,0.05,1.29,0.07,0.7,0.92,0.38,0.09,0.08,8.38,6.75,13.19,0.36,0.17,0.41,0.46,0.05,1.46,0.12,0.05,0.08,0.99,-111.25,2.44,38.63,0.76,0.39,0.33,0.56,0.29,0.12,0.17,0.28,-0.77,0.54
0.15,-147.74,31.75,176.63,0.04,0.2,0.01,1.06,0.02,0.55,0.26,0.93,0.05,0.27,-44.56,13.62,175.56,0.12,0.56,0.04,0.78,0.3,0.88,0.92,0.38,0.1,0.08,8.0,6.87,13.62,0.37,0.23,0.28,0.49,0.2,1.35,0.12,0.05,0.08,0.99,-110.94,3.0,39.5,0.82,0.37,0.42,0.87,0.08,0.08,0.17,0.29,-0.77,0.54
0.16,-147.87,32.06,176.69,0.08,0.14,0.13,1.14,0.12,0.49,0.26,0.93,0.05,0.27,-44.62,14.25,175.69,0.05,0.67,0.01,1.0,0.68,1.0,0.92,0.38,0.1,0.08,7.75,7.19,14.13,0.44,0.37,0.22,0.27,1.29,1.41,0.13,0.05,0.07,0.99,-110.56,3.62,40.44,0.88,0.34,0.46,0.02,0.53,0.03,0.17,0.3,-0.76,0.54
0.17,-147.99,32.25,176.69,0.05,0.09,0.06,1.13,0.21,0.39,0.26,0.93,0.05,0.27,-44.68,15.06,175.69,0.02,0.74,0.01,0.85,0.72,1.04,0.91,0.38,0.11,0.08,7.44,7.5,14.69,0.49,0.31,0.28,0.64,0.47,1.74,0.13,0.06,0.07,0.99,-110.12,4.25,41.44,0.93,0.33,0.51,0.35,0.66,0.04,0.17,0.31,-0.76,0.55
0.18,-148.12,32.56,176.75,0.04,0.23,0.07,1.06,0.21,0.54,0.26,0.92,0.05,0.28,-44.68,15.94,175.62,0.07,0.86,0.01,0.73,0.42,1.0,0.91,0.38,0.11,0.09,7.13,7.69,15.31,0.47,0.25,0.29,0.72,0.22,1.71,0.14,0.06,0.07,0.99,-109.63,4.94,42.56,1.02,0.32,0.54,0.11,0.79,0.12,0.18,0.32,-0.75,0.55
0.19,-148.31,32.94,176.87,0.05,0.24,0.12,0.95,0.15,0.44,0.25,0.92,0.05,0.28,-44.68,16.94,175.56,0.08,0.89,0.01,0.75,0.07,1.08,0.91,0.38,0.12,0.09,6.88,7.87,15.81,0.45,0.27,0.19,0.59,0.29,1.16,0.14,0.06,0.07,0.99,-109.06,5.62,43.69,1.05,0.36,0.52,0.3,1.04,0.11,0.18,0.33,-0.74,0.55
0.2,-148.5,33.31,176.87,0.08,0.24,0.21,0.79,0.05,0.37,0.25,0.92,0.05,0.28,-44.75,17.94,175.44,0.05,0.96,0.01,0.8,0.08,0.96,0.91,0.38,0.13,0.1,6.56,8.13,16.37,0.43,0.36,0.29,0.36,1.38,1.29,0.15,0.06,0.07,0.99,-108.69,6.31,44.88,1.1,0.4,0.49,0.43,0.37,0.2,0.18,0.34,-0.74,0.56
0.21,-148.68,34.0,176.87,0.02,0.25,0.09,0.52,0.11,0.26,0.25,0.92,0.05,0.29,-44.81,19.06,175.38,0.02,1.08,0.03,0.84,0.2,0.83,0.91,0.38,0.14,0.1,6.06,8.38,16.94,0.4,0.33,0.51,0.17,1.44,1.91,0.15,0.06,0.06,0.98,-108.19,7.0,46.13,1.13,0.4,0.54,0.45,0.58,0.33,0.18,0.35,-0.73,0.56
0.22,-148.81,34.38,176.75,0.13,0.31,0.05,0.69,0.24,0.3,0.25,0.92,0.05,0.29,-44.81,20.25,175.31,0.03,1.13,0.03,0.43,0.16,0.56,0.91,0.38,0.15,0.1,5.37,8.5,17.5,0.42,0.23,0.6,0.18,1.36,1.48,0.15,0.07,0.06,0.98,-107.69,7.81,47.31,1.12,0.44,0.58,0.63,0.53,0.5,0.19,0.36,-0.72,0.56
0.23,-149.06,34.75,176.81,0.04,0.36,0.06,0.79,0.31,0.42,0.25,0.92,0.05,0.29,-44.81,21.56,175.31,0.03,1.13,0.06,0.19,0.26,0.18,0.9,0.38,0.16,0.11,4.69,8.44,18.12,0.5,0.17,0.64,0.55,0.96,1.41,0.16,0.07,0.05,0.98,-107.19,8.63,48.56,1.12,0.47,0.51,0.62,0.28,0.33,0.19,0.37,-0.71,0.56
0.24,-149.24,35.19,176.81,0.02,0.44,0.1,1.03,0.33,0.43,0.24,0.92,0.05,0.3,-44.68,22.75,175.25,0.07,1.04,0.13,0.21,0.22,0.34,0.9,0.38,0.17,0.11,4.0,8.38,18.81,0.58,0.13,0.59,1.02,0.24,2.01,0.17,0.07,0.05,0.98,-106.75,9.38,49.88,1.2,0.51,0.51,0.01,0.79,0.2,0.19,0.38,-0.7,0.57
0.25,-149.43,35.69,176.87,0.05,0.45,0.24,1.1,0.36,0.47,0.24,0.92,0.06,0.3,-44.56,23.94,175.19,0.06,1.11,0.16,0.16,0.01,0.38,0.9,0.38,0.18,0.12,3.44,8.31,19.56,0.56,0.17,0.55,0.87,0.09,2.24,0.17,0.07,0.04,0.98,-106.44,10.19,51.31,1.24,0.6,0.43,0.18,0.28,1.22,0.19,0.39,-0.7,0.57
0.26,-149.56,36.31,177.06,0.05,0.64,0.03,1.03,0.2,0.07,0.24,0.92,0.06,0.31,-44.5,25.19,175.12,0.03,1.14,0.08,0.25,0.07,0.27,0.9,0.38,0.19,0.12,2.88,8.31,20.25,0.52,0.18,0.43,0.06,1.04,1.11,0.18,0.07,0.04,0.98,-106.0,11.12,52.75,1.3,0.72,0.57,0.2,0.57,1.52,0.2,0.41,-0.69,0.57
0.27,-149.56,36.69,177.12,0.02,0.68,0.03,0.65,0.13,0.15,0.24,0.92,0.06,0.31,-44.43,27.94,175.06,0.02,1.24,0.07,0.1,0.2,0.29,0.89,0.38,0.21,0.13,2.5,8.31,20.88,0.46,0.06,0.37,0.21,1.12,0.7,0.18,0.07,0.03,0.98,-105.69,12.06,54.31,1.38,0.73,0.49,0.69,0.58,1.49,0.2,0.42,-0.68,0.57
0.28,-149.56,37.44,177.12,0.1,0.71,0.13,0.03,0.03,0.22,0.24,0.92,0.06,0.32,-44.43,29.25,175.0,0.01,1.2,0.02,0.2,0.2,0.4,0.89,0.38,0.22,0.13,2.13,8.19,21.44,0.44,0.08,0.39,0.03,0.44,0.51,0.19,0.07,0.03,0.98,-105.31,13.06,55.88,1.34,0.8,0.52,0.54,0.26,0.61,0.2,0.43,-0.67,0.57
0.29,-149.68,38.25,177.31,0.03,0.78,0.14,0.28,0.1,0.34,0.24,0.91,0.06,0.32,-44.43,30.56,174.94,0.03,1.21,0.05,0.29,0.44,0.12,0.89,0.38,0.23,0.14,1.62,7.87,21.87,0.34,0.1,0.5,0.1,0.02,0.37,0.19,0.06,0.03,0.98,-104.81,14.19,57.5,1.38,0.82,0.76,0.82,1.11,0.46,0.21,0.44,-0.65,0.58
0.3,-149.87,39.94,177.56,0.16,0.73,0.19,0.25,0.04,0.05,0.24,0.91,0.07,0.33,-44.31,32.0,175.0,0.02,1.29,0.19,0.09,0.3,0.21,0.88,0.37,0.24,0.14,1.19,7.56,22.25,0.29,0.12,0.44,0.17,0.12,0.27,0.19,0.06,0.02,0.98,-104.19,15.38,59.13,1.42,0.77,0.72,0.46,0.52,0.64,0.21,0.46,-0.64,0.58
0.31,-150.06,40.69,177.87,0.07,0.68,0.25,0.01,0.08,0.01,0.24,0.91,0.07,0.34,-44.18,33.44,175.0,0.01,1.29,0.2,0.22,0.16,0.32,0.88,0.37,0.25,0.15,0.81,7.31,22.62,0.29,0.1,0.33,0.32,0.22,0.18,0.2,0.06,0.02,0.98,-103.44,16.56,60.88,1.48,0.75,0.83,0.21,0.17,1.05,0.21,0.47,-0.62,0.59
0.32,-150.12,41.56,178.0,0.04,0.73,0.07,0.21,0.11,0.07,0.24,0.9,0.08,0.35,-44.06,34.13,175.06,0.01,1.22,0.18,0.18,0.31,0.57,0.88,0.37,0.26,0.15,0.5,7.06,23.0,0.29,0.15,0.32,0.47,0.08,0.28,0.2,0.06,0.02,0.98,-102.56,17.75,62.62,1.57,0.66,0.89,0.03,0.92,0.6,0.22,0.48,-0.61,0.59
0.33,-150.12,42.38,178.12,0.1,0.82,0.05,0.35,0.03,0.02,0.23,0.9,0.08,0.35,-43.93,35.5,175.06,0.01,1.21,0.07,0.2,0.08,0.67,0.88,0.37,0.27,0.15,-0.25,6.31,23.62,0.25,0.19,0.41,0.21,0.14,0.74,0.2,0.05,0.01,0.98,-101.69,18.94,64.44,1.55,0.65,0.84,0.36,0.47,0.64,0.22,0.5,-0.59,0.59
0.34,-150.24,43.25,178.25,0.16,0.89,0.05,0.18,0.05,0.01,0.23,0.9,0.08,0.36,-43.93,36.81,175.06,0.02,1.21,0.1,0.22,0.28,0.49,0.87,0.37,0.28,0.16,-0.69,5.87,23.94,0.17,0.2,0.5,0.45,0.34,0.72,0.21,0.05,0.0,0.98,-100.06,20.94,67.06,1.54,0.62,1.04,0.64,0.23,0.14,0.23,0.51,-0.56,0.6
0.35,-150.18,44.31,178.31,0.01,0.81,0.07,0.38,0.05,0.17,0.23,0.9,0.08,0.37,-43.87,38.19,175.06,0.04,1.19,0.15,0.21,0.5,0.57,0.87,0.37,0.29,0.16,-1.25,5.37,24.12,0.12,0.32,0.54,0.43,0.32,0.75,0.21,0.05,-0.0,0.98,-98.81,22.25,68.87,1.57,0.61,1.07,0.28,0.13,0.73,0.24,0.52,-0.54,0.61
0.36,-153.37,45.25,178.44,0.1,0.92,0.07,0.78,0.04,0.2,0.21,0.9,0.08,0.38,-43.68,39.5,175.06,0.04,1.16,0.17,0.08,0.27,0.3,0.87,0.36,0.3,0.16,-1.75,4.69,24.19,0.05,0.41,0.55,0.38,0.28,0.24,0.21,0.04,-0.01,0.98,-97.5,23.56,70.75,1.61,0.47,1.11,0.33,0.9,0.2,0.25,0.54,-0.52,0.62
0.37,-152.93,46.19,178.62,0.08,0.81,0.08,0.53,0.04,0.07,0.21,0.9,0.08,0.38,-43.43,42.06,175.12,0.11,1.13,0.15,0.06,0.19,0.18,0.86,0.36,0.32,0.17,-2.19,4.0,24.25,0.01,0.49,0.47,0.16,0.41,0.23,0.21,0.04,-0.01,0.98,-96.06,24.94,72.5,1.44,0.44,1.27,0.85,0.02,0.37,0.26,0.55,-0.5,0.62
0.38,-152.62,47.06,178.81,0.03,0.74,0.14,0.54,0.04,0.11,0.21,0.89,0.09,0.39,-43.25,43.31,175.0,0.18,1.11,0.14,0.03,0.11,0.04,0.86,0.36,0.33,0.17,-2.5,3.31,24.19,0.02,0.52,0.38,0.34,0.66,0.38,0.21,0.03,-0.02,0.98,-94.44,26.44,74.12,1.42,0.42,1.32,0.34,0.35,0.08,0.26,0.55,-0.48,0.63
0.39,-152.68,47.88,178.69,0.11,0.83,0.02,0.08,0.03,0.12,0.21,0.89,0.09,0.4,-43.06,44.56,174.81,0.21,1.16,0.19,0.17,0.12,0.23,0.85,0.36,0.34,0.18,-2.69,2.69,24.19,0.01,0.46,0.24,0.51,0.22,1.03,0.21,0.03,-0.02,0.98,-92.69,27.94,75.75,1.45,0.36,1.47,0.07,1.04,0.51,0.27,0.56,-0.45,0.64
0.4,-152.37,48.69,178.87,0.1,0.68,0.15,0.03,0.03,0.24,0.21,0.89,0.09,0.4,-43.06,45.81,174.75,0.19,1.16,0.21,0.22,0.29,0.3,0.85,0.35,0.35,0.18,-2.87,2.19,24.31,0.08,0.36,0.23,0.39,0.62,1.65,0.21,0.02,-0.02,0.98,-90.75,29.56,77.31,1.42,0.31,1.32,0.14,0.21,0.29,0.28,0.57,-0.43,0.64
0.41,-151.99,49.38,179.12,0.09,0.63,0.09,0.1,0.06,0.16,0.22,0.88,0.09,0.41,-43.12,47.13,174.69,0.17,1.19,0.24,0.41,0.08,0.07,0.84,0.35,0.36,0.19,-3.19,1.62,24.37,0.03,0.45,0.43,0.2,0.45,1.5,0.21,0.02,-0.02,0.98,-88.81,31.06,78.87,1.35,0.25,1.37,0.38,0.27,0.48,0.29,0.58,-0.4,0.65
0.42,-151.43,50.94,179.38,0.12,0.68,0.05,0.58,0.14,0.15,0.22,0.88,0.1,0.42,-43.18,48.44,174.62,0.11,1.13,0.25,0.59,0.08,0.28,0.84,0.35,0.37,0.19,-3.62,0.88,24.31,0.04,0.52,0.57,0.57,0.44,1.26,0.21,0.01,-0.03,0.98,-86.63,32.81,80.25,1.25,0.3,1.73,0.28,0.42,0.07,0.3,0.58,-0.37,0.66
0.43,-151.24,51.75,179.5,0.02,0.8,0.07,0.52,0.1,0.18,0.22,0.87,0.1,0.42,-43.5,49.69,174.69,0.06,1.14,0.23,0.76,0.39,0.03,0.83,0.35,0.37,0.19,-3.94,0.44,24.25,0.12,0.52,0.59,0.38,0.48,0.92,0.21,0.01,-0.03,0.98,-84.19,34.81,81.69,1.23,0.33,1.87,0.17,0.42,0.08,0.31,0.59,-0.34,0.67
0.44,-150.99,52.5,179.63,0.13,0.7,0.07,0.43,0.04,0.23,0.22,0.87,0.11,0.43,-43.75,50.94,174.75,0.04,1.11,0.17,1.01,0.47,0.18,0.83,0.35,0.38,0.2,-4.44,0.25,24.12,0.07,0.48,0.57,0.5,0.28,1.05,0.21,0.01,-0.04,0.98,-81.81,36.88,83.0,1.12,0.36,1.77,0.59,0.29,0.31,0.32,0.59,-0.31,0.67
0.45,-150.62,53.13,179.81,0.16,0.68,0.03,0.31,0.22,0.2,0.23,0.87,0.11,0.43,-44.0,52.13,174.75,0.06,1.02,0.13,0.79,0.39,0.39,0.82,0.35,0.39,0.2,-4.94,1.0,24.06,0.11,0.46,0.62,0.5,0.55,1.21,0.21,0.02,-0.04,0.98,-79.62,38.75,84.31,0.97,0.36,1.67,0.54,0.75,0.29,0.33,0.59,-0.28,0.68
0.46,-150.37,53.87,179.81,0.16,0.76,0.08,0.3,0.27,0.22,0.23,0.86,0.11,0.44,-44.12,53.31,174.75,0.03,1.05,0.09,0.39,0.5,0.49,0.82,0.35,0.4,0.21,-5.56,1.75,23.87,0.24,0.48,0.62,0.62,0.82,1.46,0.21,0.02,-0.04,0.98,-77.44,40.69,85.44,0.84,0.34,1.74,0.11,0.7,0.48,0.34,0.6,-0.25,0.68
0.47,-149.93,54.69,179.87,0.26,0.72,0.2,0.55,0.12,0.1,0.23,0.86,0.12,0.44,-44.37,54.44,174.69,0.03,1.06,0.07,0.29,0.17,0.22,0.81,0.36,0.41,0.21,-6.12,2.5,23.56,0.38,0.43,0.57,0.14,1.63,1.45,0.2,0.03,-0.05,0.98,-75.19,42.62,86.56,0.87,0.36,1.73,0.05,0.96,0.15,0.34,0.6,-0.22,0.69
0.48,-149.43,55.56,179.81,0.26,0.78,0.05,0.63,0.04,0.12,0.23,0.85,0.12,0.45,-44.56,55.69,174.62,0.04,1.11,0.05,0.43,0.03,0.11,0.81,0.36,0.42,0.22,-6.62,3.19,23.12,0.49,0.43,0.55,0.07,1.38,1.1,0.2,0.04,-0.05,0.98,-72.94,44.63,87.81,0.86,0.44,1.78,0.59,0.17,0.48,0.35,0.6,-0.18,0.69
0.49,-149.24,55.94,179.69,0.23,0.74,0.02,0.75,0.16,0.22,0.23,0.85,0.12,0.45,-44.69,56.88,174.5,0.04,1.06,0.04,0.24,0.25,0.05,0.8,0.36,0.42,0.22,-7.12,3.94,22.5,0.58,0.51,0.59,0.5,0.66,0.89,0.19,0.05,-0.05,0.98,-70.75,46.56,89.31,0.81,0.57,1.73,0.22,0.44,0.86,0.36,0.6,-0.15,0.69
0.5,-148.68,56.69,179.38,0.15,0.62,0.13,0.68,0.27,0.26,0.24,0.85,0.12,0.46,-44.81,58.0,174.31,0.01,0.97,0.04,0.35,0.06,0.02,0.8,0.36,0.43,0.22,-7.69,4.69,21.81,0.62,0.54,0.66,0.59,0.5,1.01,0.19,0.05,-0.06,0.98,-68.87,48.31,91.0,0.74,0.71,1.58,0.68,0.4,0.56,0.37,0.6,-0.12,0.69
0.51,-148.31,57.31,179.06,0.02,0.6,0.08,0.65,0.44,0.29,0.24,0.85,0.12,0.46,-44.87,59.0,174.06,0.01,0.91,0.04,0.19,0.28,0.12,0.79,0.36,0.44,0.23,-8.25,5.62,21.0,0.77,0.72,0.64,0.48,0.86,1.17,0.18,0.06,-0.06,0.98,-67.19,49.88,92.94,0.78,0.8,1.37,0.2,0.14,0.96,0.39,0.61,-0.09,0.69
0.52,-148.25,58.13,179.0,0.01,0.66,0.02,0.68,0.41,0.31,0.24,0.84,0.13,0.47,-44.87,59.94,173.75,0.03,0.83,0.06,0.13,0.1,0.23,0.79,0.36,0.44,0.23,-8.75,6.62,20.06,0.85,0.76,0.65,0.42,1.19,0.8,0.17,0.07,-0.06,0.98,-65.5,51.44,95.06,0.69,0.9,1.44,0.14,0.82,1.0,0.4,0.61,-0.06,0.68
0.53,-148.31,58.81,179.0,0.02,0.58,0.1,0.53,0.32,0.41,0.23,0.84,0.13,0.47,-44.87,60.75,173.44,0.01,0.75,0.06,0.24,0.08,0.28,0.79,0.36,0.45,0.24,-9.25,7.75,19.0,0.96,0.84,0.61,0.48,1.65,0.87,0.16,0.08,-0.07,0.98,-64.0,52.88,97.31,0.61,0.88,1.37,0.67,1.47,0.58,0.41,0.61,-0.03,0.68
0.54,-148.43,59.31,179.06,0.04,0.56,0.05,0.29,0.25,0.43,0.23,0.84,0.13,0.48,-44.87,61.63,173.19,0.02,0.78,0.03,0.2,0.11,0.08,0.78,0.36,0.45,0.24,-9.56,8.81,17.87,0.96,0.84,0.43,0.22,0.96,0.65,0.15,0.09,-0.07,0.98,-62.56,54.19,99.37,0.53,0.79,1.39,0.96,0.58,0.46,0.43,0.6,-0.0,0.67
0.55,-148.5,59.94,179.06,0.01,0.56,0.02,0.03,0.16,0.3,0.23,0.83,0.13,0.48,-44.94,62.5,172.94,0.02,0.82,0.02,0.33,0.08,0.09,0.78,0.36,0.46,0.25,-9.81,9.81,16.75,0.96,0.89,0.41,0.63,0.64,1.04,0.14,0.1,-0.07,0.98,-60.88,55.69,101.62,0.62,0.73,1.42,0.08,1.1,0.32,0.44,0.6,0.03,0.67
0.56,-148.56,60.5,178.94,0.13,0.5,0.09,0.01,0.07,0.38,0.23,0.83,0.13,0.49,-44.94,62.94,172.75,0.03,0.8,0.05,0.42,0.04,0.08,0.77,0.36,0.46,0.25,-10.06,11.0,15.69,0.98,0.93,0.47,0.34,1.02,0.64,0.13,0.11,-0.07,0.98,-59.44,56.75,103.87,0.54,0.71,1.08,0.03,0.48,0.52,0.46,0.6,0.06,0.66
0.57,-148.68,61.13,179.0,0.02,0.68,0.03,0.35,0.06,0.23,0.23,0.83,0.13,0.49,-44.94,63.75,172.44,0.01,0.69,0.04,0.31,0.03,0.13,0.77,0.36,0.47,0.25,-10.31,12.19,14.44,1.1,1.03,0.47,0.42,1.18,0.26,0.11,0.12,-0.08,0.98,-58.31,57.62,105.94,0.41,0.67,0.99,1.3,1.23,0.34,0.47,0.59,0.08,0.65
0.58,-148.68,61.88,178.87,0.04,0.66,0.07,0.57,0.05,0.25,0.23,0.83,0.13,0.5,-45.0,64.5,172.19,0.03,0.59,0.04,0.09,0.11,0.22,0.77,0.36,0.47,0.26,-10.5,13.44,13.13,1.18,1.08,0.42,0.2,0.83,0.79,0.1,0.13,-0.08,0.98,-57.06,58.56,108.0,0.45,0.59,1.1,1.03,1.29,0.03,0.48,0.59,0.1,0.64
0.59,-148.56,62.56,178.44,0.06,0.61,0.06,0.74,0.1,0.33,0.22,0.82,0.13,0.5,-45.06,65.12,171.87,0.03,0.6,0.06,0.09,0.19,0.01,0.76,0.36,0.47,0.26,-10.63,14.81,11.75,1.17,1.16,0.34,0.57,0.49,0.37,0.09,0.14,-0.08,0.98,-55.63,59.63,110.25,0.43,0.58,1.25,0.64,1.11,1.44,0.5,0.58,0.13,0.63
0.6,-148.56,63.19,178.44,0.06,0.54,0.04,0.56,0.11,0.7,0.22,0.82,0.13,0.51,-45.0,65.75,171.5,0.02,0.58,0.05,0.32,0.33,0.02,0.76,0.36,0.48,0.26,-10.63,16.19,10.56,1.07,1.28,0.29,0.75,0.72,0.08,0.08,0.15,-0.08,0.98,-54.25,60.56,112.5,0.34,0.56,0.98,1.12,1.08,0.98,0.51,0.58,0.15,0.62
0.61,-148.43,63.56,178.19,0.11,0.46,0.04,0.01,0.3,0.67,0.22,0.82,0.13,0.51,-45.06,66.37,171.25,0.02,0.56,0.05,0.25,0.08,0.04,0.75,0.36,0.48,0.27,-10.63,17.75,9.25,1.17,1.37,0.3,0.24,0.86,0.46,0.07,0.16,-0.08,0.98,-53.69,60.94,113.9,0.24,0.55,0.7,1.61,1.06,0.53,0.52,0.57,0.17,0.61
0.62,-148.25,64.0,178.12,0.13,0.52,0.08,0.04,0.22,0.46,0.22,0.82,0.13,0.51,-45.12,67.0,170.94,0.05,0.6,0.03,0.01,0.1,0.12,0.75,0.36,0.48,0.27,-10.5,19.31,7.94,1.21,1.39,0.14,0.46,0.86,0.02,0.05,0.17,-0.08,0.98,-53.13,61.31,115.31,0.18,0.54,0.84,1.18,2.61,0.56,0.53,0.57,0.18,0.6
0.63,-148.18,64.62,178.06,0.04,0.59,0.1,0.24,0.03,0.25,0.22,0.82,0.13,0.52,-45.12,67.69,170.62,0.04,0.63,0.01,0.11,0.21,0.22,0.75,0.36,0.49,0.28,-10.25,20.75,6.69,1.17,1.33,0.01,0.2,0.71,0.13,0.04,0.18,-0.08,0.98,-52.06,62.0,117.37,0.31,0.48,0.98,0.66,0.99,0.85,0.54,0.56,0.2,0.59
0.64,-147.93,65.12,177.87,0.19,0.47,0.11,0.45,0.23,0.28,0.22,0.81,0.13,0.52,-45.12,68.37,170.31,0.05,0.59,0.02,0.11,0.29,0.02,0.74,0.36,0.49,0.28,-9.81,22.31,5.5,1.17,1.43,0.11,0.21,0.66,0.28,0.03,0.2,-0.07,0.98,-50.81,62.69,119.5,0.3,0.38,0.92,1.04,0.69,0.27,0.55,0.55,0.22,0.58
0.65,-147.74,65.62,177.75,0.1,0.45,0.04,0.49,0.44,0.18,0.22,0.81,0.13,0.53,-45.06,69.0,170.0,0.04,0.53,0.03,0.23,0.26,0.42,0.74,0.36,0.49,0.28,-9.38,23.94,4.31,1.17,1.49,0.05,0.12,0.16,0.47,0.02,0.21,-0.07,0.97,-50.06,63.25,120.94,0.03,0.27,0.68,1.12,0.48,0.27,0.56,0.55,0.24,0.57
0.66,-147.81,66.12,177.81,0.06,0.37,0.09,0.21,0.44,0.27,0.22,0.81,0.14,0.53,-45.12,69.56,169.81,0.03,0.5,0.04,0.04,0.17,0.46,0.74,0.36,0.5,0.29,-9.13,25.62,3.0,1.19,1.51,0.14,0.04,0.08,0.27,0.01,0.22,-0.07,0.97,-49.38,63.75,122.31,0.04,0.26,0.7,1.23,0.28,0.1,0.57,0.54,0.25,0.57
0.67,-147.87,66.69,178.06,0.01,0.48,0.08,0.19,0.15,0.27,0.22,0.81,0.14,0.53,-45.19,70.12,169.62,0.01,0.54,0.04,0.09,0.31,0.19,0.73,0.36,0.5,0.29,-9.19,27.25,1.37,1.33,1.49,0.47,0.03,0.11,0.23,-0.01,0.24,-0.08,0.97,-48.81,64.12,123.56,0.02,0.23,0.58,0.78,0.1,0.09,0.58,0.54,0.26,0.56
0.68,-147.81,67.19,177.87,0.07,0.49,0.06,0.17,0.03,0.28,0.22,0.8,0.14,0.54,-45.44,71.37,169.44,0.01,0.53,0.07,0.15,0.16,0.36,0.73,0.36,0.51,0.29,-9.44,28.94,0.44,1.46,1.52,0.59,0.08,0.54,0.27,-0.02,0.25,-0.08,0.97,-48.31,64.5,124.75,0.03,0.2,0.58,0.64,0.53,0.2,0.58,0.53,0.27,0.55
0.69,-147.74,67.75,177.69,0.05,0.53,0.03,0.03,0.03,0.22,0.22,0.8,0.14,0.54,-45.62,72.0,169.31,0.02,0.5,0.07,0.06,0.01,0.2,0.72,0.36,0.51,0.3,-9.56,30.62,2.5,1.53,1.48,0.51,0.35,1.02,0.13,-0.0,0.26,-0.07,0.96,-47.88,64.94,125.69,0.14,0.12,0.58,0.96,0.6,0.09,0.59,0.53,0.28,0.55
0.7,-147.74,68.25,177.56,0.03,0.39,0.05,0.35,0.04,0.01,0.22,0.8,0.14,0.54,-45.68,72.56,169.25,0.02,0.51,0.06,0.03,0.11,0.09,0.72,0.36,0.51,0.3,-9.56,32.19,4.5,1.52,1.4,0.34,0.61,0.56,0.11,0.01,0.28,-0.07,0.96,-47.62,65.25,126.31,0.16,0.08,0.35,0.65,0.05,0.31,0.59,0.53,0.29,0.54
0.71,-147.74,68.75,177.5,0.11,0.48,0.01,0.5,0.04,0.07,0.22,0.8,0.14,0.55,-45.75,73.06,169.06,0.03,0.5,0.06,0.25,0.15,0.12,0.71,0.36,0.52,0.3,-9.56,32.88,5.5,1.51,1.28,0.44,1.04,0.53,0.18,0.02,0.29,-0.07,0.96,-47.56,65.56,126.87,0.23,0.11,0.41,0.81,0.31,0.38,0.59,0.52,0.29,0.54
0.72,-147.74,69.06,177.31,0.04,0.34,0.06,0.33,0.06,0.18,0.22,0.79,0.14,0.55,-45.87,73.62,168.94,0.03,0.47,0.06,0.23,0.19,0.31,0.71,0.36,0.52,0.3,-9.69,34.25,7.69,1.55,1.27,0.69,0.95,0.97,0.25,0.04,0.3,-0.06,0.95,-47.38,66.0,127.56,0.41,0.1,0.69,0.46,0.89,0.26,0.59,0.52,0.3,0.54
0.73,-147.62,69.44,177.0,0.04,0.31,0.09,0.08,0.03,0.18,0.21,0.79,0.14,0.55,-45.94,74.25,168.81,0.01,0.59,0.07,0.16,0.06,0.12,0.71,0.36,0.52,0.31,-10.0,35.5,10.13,1.62,1.25,0.78,0.34,0.19,0.26,0.06,0.31,-0.06,0.95,-47.25,66.56,128.25,0.38,0.03,0.59,0.59,1.01,0.46,0.59,0.52,0.31,0.53
0.74,-147.43,69.81,177.0,0.16,0.27,0.13,0.06,0.06,0.15,0.22,0.79,0.14,0.56,-46.0,74.56,168.69,0.06,0.55,0.05,0.21,0.32,0.33,0.71,0.36,0.52,0.31,-10.38,36.69,12.69,1.6,1.23,0.74,0.24,0.26,0.11,0.08,0.32,-0.05,0.94,-47.5,66.81,128.31,0.48,0.06,0.21,1.63,0.5,0.11,0.59,0.52,0.31,0.53
0.75,-147.62,70.12,177.25,0.03,0.31,0.07,0.01,0.02,0.23,0.21,0.79,0.14,0.56,-46.0,75.19,168.37,0.15,0.45,0.04,0.14,0.06,0.02,0.7,0.36,0.53,0.31,-10.81,37.75,15.38,1.57,1.21,0.79,0.03,0.3,0.36,0.1,0.33,-0.05,0.94,-49.0,66.62,127.31,0.4,0.05,0.03,1.34,0.99,0.08,0.58,0.53,0.29,0.54
0.76,-147.74,70.37,177.38,0.1,0.23,0.11,0.04,0.07,0.22,0.21,0.79,0.14,0.56,-45.87,75.69,168.0,0.11,0.52,0.06,0.37,0.32,0.09,0.7,0.37,0.53,0.31,-11.75,39.75,15.38,1.4,1.12,0.61,0.34,0.07,0.07,0.09,0.35,-0.05,0.93,-49.44,66.69,127.19,0.42,0.08,0.14,0.58,1.79,0.35,0.58,0.53,0.29,0.54
0.77,-147.43,71.0,176.69,0.04,0.28,0.15,0.06,0.03,0.04,0.21,0.79,0.14,0.56,-45.81,76.31,167.69,0.11,0.58,0.12,0.85,0.25,0.2,0.69,0.37,0.53,0.32,-12.0,40.63,17.81,1.34,1.09,0.55,0.03,0.38,0.23,0.11,0.36,-0.04,0.93,-50.25,66.62,126.81,0.58,0.13,0.11,0.76,1.23,0.44,0.57,0.54,0.29,0.55
0.78,-147.49,71.37,176.63,0.07,0.37,0.05,0.09,0.1,0.19,0.21,0.78,0.14,0.57,-45.87,76.94,167.56,0.15,0.42,0.13,0.43,0.03,0.31,0.69,0.37,0.54,0.32,-12.31,41.44,20.19,1.39,1.04,0.66,0.87,1.05,0.86,0.13,0.36,-0.04,0.92,-51.44,66.25,126.12,0.56,0.19,0.3,0.11,0.48,0.62,0.57,0.55,0.27,0.55
0.79,-147.81,72.25,176.94,0.07,0.44,0.14,0.23,0.32,0.57,0.21,0.78,0.14,0.57,-45.81,77.37,167.62,0.17,0.34,0.13,0.47,0.12,0.41,0.69,0.36,0.54,0.32,-12.56,42.19,22.75,1.44,1.03,0.55,0.3,0.14,0.69,0.14,0.37,-0.03,0.92,-52.56,65.77,125.72,0.59,0.24,0.35,0.2,0.66,0.62,0.56,0.55,0.26,0.56
0.8,-147.62,72.56,176.44,0.06,0.27,0.11,0.43,0.28,0.42,0.21,0.78,0.14,0.57,-45.81,77.69,167.87,0.11,0.36,0.11,0.23,0.44,0.22,0.69,0.36,0.54,0.32,-12.63,42.88,25.13,1.31,0.99,0.33,0.23,0.79,0.22,0.16,0.38,-0.02,0.91,-53.68,65.3,125.32,0.62,0.29,0.39,0.28,0.84,0.62,0.56,0.56,0.25,0.56
0.81,-147.49,72.81,176.12,0.07,0.21,0.1,0.43,0.09,0.37,0.21,0.78,0.14,0.58,-45.94,78.0,168.06,0.02,0.27,0.05,0.15,0.2,0.11,0.69,0.36,0.54,0.32,-12.63,43.69,27.25,1.21,0.94,0.4,0.12,0.96,0.09,0.18,0.38,-0.01,0.91,-54.79,64.82,124.93,0.65,0.34,0.44,0.37,1.02,0.62,0.55,0.56,0.24,0.57
0.82,-147.25,73.12,175.69,0.09,0.31,0.09,0.34,0.06,0.52,0.2,0.78,0.14,0.58,-46.0,78.31,168.13,0.02,0.14,0.04,0.43,0.22,0.2,0.68,0.36,0.55,0.32,-12.81,44.25,29.63,1.3,0.93,0.58,1.22,1.12,0.68,0.19,0.39,-0.0,0.9,-55.91,64.34,124.53,0.69,0.38,0.49,0.46,1.2,0.62,0.55,0.57,0.23,0.57
0.83,-146.87,73.19,175.19,0.2,0.16,0.05,0.32,0.04,0.63,0.2,0.78,0.14,0.58,-46.06,78.44,168.13,0.04,0.09,0.02,0.36,0.25,0.29,0.68,0.36,0.55,0.32,-12.88,44.63,32.13,1.46,0.8,0.36,0.41,0.25,0.82,0.21,0.39,0.0,0.9,-57.03,63.87,124.13,0.72,0.43,0.54,0.55,1.38,0.62,0.54,0.58,0.22,0.57
0.84,-146.62,73.37,175.0,0.15,0.21,0.09,0.07,0.42,0.94,0.21,0.77,0.14,0.58,-46.19,78.19,168.56,0.04,0.12,0.02,0.11,0.09,0.16,0.69,0.36,0.55,0.32,-12.69,45.06,34.5,1.45,0.72,0.28,0.69,0.27,0.64,0.23,0.39,0.02,0.89,-58.14,63.39,123.74,0.75,0.48,0.58,0.63,1.56,0.62,0.54,0.58,0.21,0.58
0.85,-146.43,73.56,174.81,0.11,0.14,0.04,0.18,0.55,0.86,0.21,0.77,0.14,0.58,-46.25,78.06,168.69,0.03,0.14,0.02,0.16,0.22,0.46,0.69,0.36,0.55,0.32,-12.44,45.56,36.75,1.38,0.72,0.19,0.42,0.2,0.75,0.25,0.4,0.03,0.88,-59.26,62.92,123.34,0.78,0.53,0.63,0.72,1.74,0.62,0.53,0.59,0.2,0.58
0.86,-146.49,73.75,174.87,0.06,0.16,0.01,0.46,0.47,0.76,0.2,0.77,0.14,0.58,-46.31,77.87,169.06,0.02,0.22,0.02,0.14,0.35,0.28,0.69,0.36,0.55,0.31,-12.13,46.0,38.88,1.29,0.66,0.1,0.98,0.34,0.4,0.27,0.4,0.04,0.88,-60.38,62.44,122.94,0.55,0.34,0.57,1.32,0.46,0.06,0.52,0.59,0.19,0.58
0.87,-146.49,73.81,174.75,0.08,0.1,0.07,0.51,0.38,0.76,0.2,0.77,0.14,0.58,-46.31,77.62,169.5,0.01,0.22,0.04,0.12,0.08,0.03,0.69,0.36,0.55,0.31,-11.69,46.44,40.75,1.28,0.54,0.08,1.09,0.53,0.05,0.28,0.4,0.05,0.87,-61.88,61.75,122.25,0.57,0.25,0.5,0.17,0.61,0.93,0.52,0.6,0.17,0.59
0.88,-146.62,73.94,175.0,0.04,0.07,0.03,0.34,0.19,0.44,0.2,0.77,0.14,0.59,-46.37,77.37,169.87,0.03,0.23,0.03,0.08,0.52,0.18,0.69,0.36,0.55,0.31,-11.06,46.81,42.57,1.35,0.41,0.07,0.15,0.35,0.53,0.3,0.4,0.06,0.87,-63.31,61.19,121.5,0.87,0.19,0.3,0.69,1.2,0.78,0.51,0.61,0.16,0.59
0.89,-146.62,74.0,174.87,0.01,0.13,0.05,0.27,0.12,0.41,0.2,0.77,0.14,0.59,-46.5,77.06,170.31,0.14,0.38,0.02,0.04,0.17,0.14,0.7,0.36,0.54,0.31,-10.31,47.19,44.38,1.38,0.44,0.09,0.25,0.38,0.48,0.31,0.4,0.07,0.86,-64.94,60.81,120.44,0.92,0.04,0.34,1.88,0.4,1.39,0.5,0.61,0.14,0.6
0.9,-146.68,73.94,174.94,0.02,0.06,0.02,0.28,0.31,0.41,0.2,0.77,0.14,0.59,-46.62,76.62,170.62,0.13,0.44,0.05,0.1,0.14,0.3,0.7,0.36,0.54,0.3,-9.56,47.62,46.13,1.29,0.44,0.25,0.78,1.07,0.39,0.33,0.4,0.09,0.85,-66.44,60.5,119.13,0.89,0.03,0.31,1.81,0.39,1.85,0.48,0.62,0.12,0.6
0.91,-146.74,73.81,175.06,0.06,0.19,0.04,0.16,0.24,0.33,0.2,0.77,0.14,0.58,-46.75,76.12,170.87,0.14,0.46,0.06,0.16,0.17,0.24,0.7,0.36,0.54,0.3,-8.5,48.25,47.44,1.16,0.32,0.51,0.63,0.62,0.42,0.34,0.4,0.1,0.85,-67.69,60.31,117.81,0.79,0.19,0.13,1.73,0.12,1.04,0.47,0.63,0.11,0.61
0.92,-146.68,73.56,175.25,0.06,0.16,0.06,0.22,0.04,0.38,0.21,0.77,0.14,0.58,-46.87,75.56,171.0,0.13,0.48,0.08,0.43,0.23,0.1,0.7,0.36,0.54,0.3,-7.12,49.06,48.44,1.17,0.2,0.74,0.34,0.06,0.44,0.35,0.4,0.12,0.84,-69.69,60.31,114.69,0.86,0.36,0.24,1.37,0.18,1.26,0.44,0.64,0.08,0.62
0.93,-146.81,73.31,175.44,0.03,0.28,0.02,0.18,0.18,0.41,0.21,0.78,0.14,0.58,-46.93,75.06,171.13,0.11,0.46,0.08,0.3,0.05,0.03,0.71,0.36,0.53,0.3,-5.81,49.81,49.5,1.13,0.35,0.46,0.12,0.44,0.42,0.36,0.4,0.13,0.83,-70.81,60.19,113.0,0.77,0.25,0.25,0.65,0.75,1.73,0.43,0.64,0.06,0.63
0.94,-146.74,73.06,175.56,0.08,0.14,0.04,0.08,0.2,0.59,0.21,0.78,0.14,0.58,-47.0,74.62,171.19,0.13,0.4,0.07,0.21,0.3,0.08,0.71,0.36,0.53,0.3,-4.75,50.5,50.82,1.12,0.44,0.51,0.84,0.17,0.08,0.37,0.4,0.15,0.82,-72.75,59.69,110.12,0.46,0.21,0.75,0.37,0.73,1.18,0.4,0.65,0.03,0.64
0.95,-146.87,72.87,175.81,0.08,0.26,0.05,0.04,0.14,0.63,0.21,0.78,0.14,0.58,-47.0,74.06,171.37,0.05,0.5,0.05,0.18,0.09,0.27,0.71,0.36,0.53,0.29,-3.56,51.25,52.07,1.15,0.32,0.52,0.84,0.07,0.4,0.38,0.4,0.16,0.82,-73.87,59.06,108.87,0.43,0.15,0.44,1.13,0.81,1.35,0.39,0.65,0.02,0.65
0.96,-146.99,72.62,176.12,0.07,0.2,0.01,0.16,0.08,0.11,0.21,0.78,0.14,0.58,-47.12,73.12,171.81,0.11,0.35,0.02,0.38,0.28,0.08,0.72,0.36,0.52,0.29,-2.5,51.81,53.25,0.96,0.27,0.4,0.96,0.1,0.35,0.39,0.4,0.18,0.81,-74.75,58.69,107.94,0.31,0.09,0.45,5.76,0.55,4.03,0.39,0.66,0.0,0.65
0.97,-147.31,72.31,176.63,0.11,0.22,0.1,0.14,0.03,0.01,0.21,0.78,0.14,0.57,-47.25,72.69,172.06,0.14,0.41,0.01,0.23,0.37,0.46,0.72,0.36,0.52,0.29,-1.5,52.31,54.32,0.99,0.22,0.38,0.7,0.62,0.75,0.4,0.4,0.19,0.8,-75.56,58.19,107.69,0.06,0.28,0.16,3.28,1.86,3.83,0.38,0.66,-0.01,0.65
0.98,-147.56,71.81,176.81,0.11,0.14,0.04,0.07,0.11,0.05,0.21,0.78,0.14,0.57,-47.5,72.12,172.44,0.2,0.5,0.04,0.09,0.51,0.3,0.72,0.36,0.52,0.29,-0.31,52.88,55.13,0.96,0.03,0.57,0.87,0.48,0.49,0.41,0.4,0.2,0.79,-75.87,57.94,108.06,0.1,0.22,0.16,1.89,0.57,1.4,0.38,0.66,-0.01,0.65
0.99,-147.68,71.69,177.0,0.05,0.15,0.15,0.18,0.29,0.07,0.21,0.78,0.14,0.57,-47.81,71.75,172.81,0.24,0.37,0.05,0.12,0.15,0.38,0.72,0.36,0.51,0.28,1.0,53.31,55.57,0.94,0.22,0.54,1.54,0.65,0.26,0.42,0.39,0.22,0.79,-76.31,57.38,108.12,0.14,0.08,0.04,1.32,3.12,0.2,0.38,0.66,-0.01,0.64
1.0,-147.62,71.37,177.0,0.07,0.21,0.06,0.29,0.31,0.09,0.21,0.78,0.14,0.57,-48.06,71.31,173.0,0.22,0.42,0.06,0.29,0.07,0.31,0.73,0.36,0.51,0.28,1.0,53.94,55.69,0.82,0.15,0.8,0.4,0.84,0.11,0.42,0.4,0.22,0.79,-75.81,57.75,108.12,0.1,0.24,0.51,1.65,0.64,0.08,0.39,0.66,-0.01,0.65
1.01,-147.56,71.06,176.87,0.07,0.33,0.11,0.38,0.19,0.11,0.21,0.79,0.14,0.56,-48.37,70.81,173.25,0.24,0.44,0.05,0.4,0.02,0.12,0.73,0.36,0.51,0.28,3.19,54.81,56.94,0.9,0.06,0.34,0.65,0.49,0.55,0.43,0.39,0.24,0.77,-74.62,58.75,108.0,0.02,0.25,0.87,0.53,0.12,1.47,0.39,0.66,0.01,0.65
1.02,-147.37,70.69,176.87,0.09,0.38,0.05,0.32,0.15,0.08,0.21,0.79,0.14,0.56,-48.69,70.37,173.62,0.28,0.39,0.04,0.52,0.08,0.2,0.73,0.37,0.51,0.28,4.06,55.12,57.94,0.96,0.13,0.15,0.37,0.96,1.25,0.44,0.39,0.25,0.77,-74.62,58.75,108.0,0.02,0.25,0.87,0.53,0.12,1.47,0.39,0.66,0.01,0.65
1.03,-147.37,70.44,176.94,0.01,0.24,0.08,0.04,0.06,0.01,0.21,0.79,0.14,0.56,-49.31,69.44,173.94,0.25,0.46,0.11,0.28,0.53,0.28,0.73,0.37,0.5,0.28,5.18,55.31,60.75,0.96,0.15,0.04,0.68,0.78,0.1,0.47,0.38,0.27,0.75,-74.62,58.75,108.0,0.02,0.25,0.87,0.53,0.12,1.47,0.39,0.66,0.01,0.65
1.04,-147.37,70.19,176.87,0.16,0.34,0.19,0.23,0.18,0.04,0.21,0.79,0.14,0.56,-49.56,69.0,174.0,0.26,0.38,0.13,0.04,0.41,0.27,0.73,0.37,0.5,0.28,6.0,55.44,61.88,0.92,0.09,0.14,0.36,0.03,0.75,0.48,0.37,0.28,0.75,-74.62,58.75,108.0,0.02,0.25,0.87,0.53,0.12,1.47,0.39,0.66,0.01,0.65
1.05,-147.49,69.75,176.69,0.18,0.3,0.09,0.42,0.32,0.01,0.21,0.79,0.14,0.56,-49.69,68.5,173.94,0.19,0.44,0.16,0.28,0.22,0.01,0.74,0.37,0.49,0.28,6.94,55.75,62.75,0.87,0.04,0.3,0.51,0.17,0.75,0.48,0.37,0.29,0.74,-74.62,58.75,108.0,0.02,0.25,0.87,0.53,0.12,1.47,0.39,0.66,0.01,0.65
1.06,-147.74,69.31,176.69,0.21,0.33,0.05,0.46,0.42,0.02,0.21,0.79,0.14,0.55,-49.81,68.12,173.81,0.17,0.34,0.12,0.19,0.52,0.1,0.74,0.38,0.49,0.28,7.87,56.06,63.56,0.85,0.03,0.31,0.15,1.03,0.78,0.49,0.37,0.3,0.73,-74.62,58.75,108.0,0.02,0.25,0.87,0.53,0.12,1.47,0.39,0.66,0.01,0.65
1.07,-148.25,68.81,177.0,0.16,0.2,0.05,0.1,0.07,0.16,0.21,0.8,0.13,0.55,-49.87,67.62,173.87,0.08,0.47,0.05,0.24,0.57,0.78,0.74,0.38,0.49,0.27,8.94,56.56,64.38,0.73,0.14,0.5,0.04,1.32,0.53,0.5,0.36,0.31,0.72,-74.62,58.75,108.0,0.02,0.25,0.87,0.53,0.12,1.47,0.39,0.66,0.01,0.65
1.08,-148.56,68.69,177.31,0.16,0.1,0.08,0.16,0.09,0.27,0.21,0.8,0.13,0.55,-49.81,67.19,174.0,0.05,0.37,0.02,0.38,0.39,0.12,0.74,0.38,0.48,0.27,9.87,57.13,64.94,0.58,0.07,0.46,0.53,0.92,0.03,0.5,0.36,0.32,0.72,-74.62,58.75,108.0,0.02,0.25,0.87,0.53,0.12,1.47,0.39,0.66,0.01,0.65
1.09,-148.87,68.37,177.19,0.09,0.13,0.12,0.26,0.45,0.19,0.21,0.8,0.13,0.55,-49.75,67.0,174.0,0.12,0.28,0.08,0.01,0.11,0.09,0.74,0.38,0.48,0.27,10.68,57.44,65.25,0.52,0.07,0.3,0.68,0.96,0.32,0.51,0.36,0.33,0.71,-74.62,58.75,108.0,0.02,0.25,0.87,0.53,0.12,1.47,0.39,0.66,0.01,0.65
1.1,-148.99,68.19,177.31,0.11,0.09,0.05,0.09,0.72,0.23,0.21,0.8,0.13,0.55,-49.62,66.69,174.19,0.06,0.31,0.07,0.74,0.34,0.49,0.75,0.38,0.48,0.27,11.69,57.81,65.31,0.45,0.18,0.44,0.42,0.62,0.81,0.51,0.36,0.33,0.71,-74.62,58.75,108.0,0.02,0.25,0.87,0.53,0.12,1.47,0.39,0.66,0.01,0.65
1.11,-149.12,68.12,177.44,0.02,0.06,0.04,0.19,1.02,0.52,0.21,0.8,0.13,0.54,-49.56,66.37,174.38,0.15,0.19,0.09,0.68,0.51,0.13,0.75,0.37,0.48,0.27,12.44,58.06,65.25,0.34,0.17,0.29,1.36,0.62,0.09,0.51,0.36,0.34,0.7,-74.62,58.75,108.0,0.02,0.25,0.87,0.53,0.12,1.47,0.39,0.66,0.01,0.65
1.12,-149.06,68.0,177.56,0.12,0.21,0.09,0.17,1.09,0.39,0.21,0.8,0.13,0.54,-49.37,66.25,174.44,0.18,0.06,0.1,0.49,0.31,0.31,0.75,0.37,0.48,0.26,13.44,58.19,64.94,0.39,0.26,0.08,0.6,0.95,0.48,0.51,0.35,0.35,0.7,-74.62,58.75,108.0,0.02,0.25,0.87,0.53,0.12,1.47,0.39,0.66,0.01,0.65
1.13,-148.81,67.75,177.56,0.3,0.23,0.06,0.05,0.8,0.51,0.21,0.8,0.13,0.54,-49.25,66.31,174.62,0.08,0.13,0.16,0.46,0.01,0.14,0.75,0.37,0.48,0.26,13.75,57.94,65.0,0.36,0.34,0.34,0.61,0.78,0.29,0.52,0.35,0.35,0.7,-74.62,58.75,108.0,0.02,0.25,0.87,0.53,0.12,1.47,0.39,0.66,0.01,0.65
1.14,-148.43,67.5,177.5,0.14,0.24,0.07,0.24,0.35,0.57,0.21,0.8,0.13,0.54,-49.37,66.56,174.94,0.02,0.2,0.14,0.24,0.48,0.27,0.75,0.37,0.48,0.26,13.81,57.5,64.94,0.31,0.43,0.32,0.72,0.89,0.64,0.52,0.35,0.35,0.7,-74.62,58.75,108.0,0.02,0.25,0.87,0.53,0.12,1.47,0.39,0.66,0.01,0.65
1.15,-148.18,67.31,177.5,0.25,0.18,0.07,0.15,0.05,0.37,0.22,0.8,0.13,0.54,-49.56,67.0,175.0,0.04,0.09,0.08,0.1,0.04,0.26,0.75,0.37,0.49,0.26,13.94,57.06,64.81,0.26,0.26,0.4,0.84,0.98,1.0,0.52,0.34,0.34,0.71,-74.62,58.75,108.0,0.02,0.25,0.87,0.53,0.12,1.47,0.39,0.66,0.01,0.65
1.16,-147.87,67.25,177.44,0.24,0.29,0.04,0.1,0.11,0.53,0.22,0.8,0.14,0.54,-49.5,67.12,174.81,0.07,0.09,0.07,0.12,0.28,0.09,0.75,0.37,0.49,0.27,13.75,56.5,64.94,0.14,0.1,0.43,3.43,2.47,3.52,0.52,0.34,0.34,0.71,-74.62,58.75,108.0,0.02,0.25,0.87,0.53,0.12,1.47,0.39,0.66,0.01,0.65
1.17,-147.43,67.06,177.38,0.37,0.02,0.16,0.43,0.46,0.04,0.22,0.8,0.14,0.54,-49.37,67.25,174.69,0.1,0.14,0.01,0.09,0.2,0.49,0.75,0.37,0.49,0.27,13.37,56.06,65.25,0.01,0.12,0.42,2.79,0.93,2.98,0.52,0.34,0.34,0.71,-74.62,58.75,108.0,0.02,0.25,0.87,0.53,0.12,1.47,0.39,0.66,0.01,0.65
1.18,-146.93,67.06,177.19,0.04,0.24,0.14,0.2,0.59,0.02,0.22,0.8,0.14,0.54,-49.19,67.37,174.56,0.16,0.06,0.04,0.41,0.11,0.57,0.74,0.37,0.49,0.27,12.75,55.81,65.88,0.18,0.27,0.14,1.82,2.76,0.76,0.52,0.34,0.34,0.71,-74.62,58.75,108.0,0.02,0.25,0.87,0.53,0.12,1.47,0.39,0.66,0.01,0.65
1.19,-147.25,67.37,177.69,0.14,0.23,0.15,0.13,0.12,0.06,0.22,0.8,0.14,0.54,-49.0,67.44,174.5,0.14,0.09,0.04,0.62,0.49,0.23,0.74,0.37,0.49,0.27,12.87,56.25,65.81,0.23,0.2,0.52,0.96,2.29,1.04,0.52,0.34,0.34,0.71,-74.62,58.75,108.0,0.02,0.25,0.87,0.53,0.12,1.47,0.39,0.66,0.01,0.65
1.2,-147.43,67.56,177.94,0.01,0.11,0.08,0.69,0.35,0.1,0.22,0.8,0.14,0.54,-48.75,67.69,174.38,0.14,0.27,0.02,0.02,0.57,0.43,0.74,0.37,0.49,0.27,13.62,57.38,65.25,0.35,0.2,1.19,2.57,0.76,0.3,0.52,0.35,0.34,0.7,-74.62,58.75,108.0,0.02,0.25,0.87,0.53,0.12,1.47,0.39,0.66,0.01,0.65
1.21,-147.37,67.75,177.87,0.08,0.17,0.02,0.9,0.46,0.14,0.22,0.8,0.14,0.54,-48.56,68.0,174.06,0.11,0.27,0.03,0.31,0.24,0.67,0.74,0.37,0.49,0.27,15.69,59.63,62.94,0.13,0.14,0.65,1.27,3.17,2.18,0.51,0.36,0.36,0.7,-74.62,58.75,108.0,0.02,0.25,0.87,0.53,0.12,1.47,0.39,0.66,0.01,0.65
