0.01,17.56,88.69,179.87,9.53,0.01,0.32,0.0,0.0,0.0,27.5,0.69,30.25,0.27,0.03,0.11,0.69,0.11,0.71,0.11
0.02,15.63,88.56,179.94,9.54,0.02,0.28,0.0,0.0,0.0,35.38,3.06,21.0,0.26,0.03,0.04,0.69,0.1,0.71,0.1
0.03,15.63,88.56,179.94,9.54,0.01,0.25,0.0,0.0,0.0,35.38,2.37,20.88,0.26,0.02,0.01,0.69,0.1,0.71,0.1
0.04,15.63,88.56,179.94,9.52,0.01,0.26,0.0,0.0,0.0,35.38,2.37,20.88,0.27,0.02,0.02,0.69,0.1,0.71,0.1
0.05,15.63,88.56,179.94,9.54,0.02,0.23,0.0,0.0,0.0,35.38,2.75,22.06,0.26,0.03,0.0,0.69,0.1,0.71,0.1
0.06,15.63,88.56,179.94,9.52,0.01,0.26,0.0,0.0,0.0,35.38,2.75,22.06,0.27,0.02,0.02,0.69,0.1,0.71,0.1
0.07,15.63,88.56,179.94,9.5,0.01,0.26,0.0,0.0,0.0,35.38,2.75,22.06,0.29,0.02,0.02,0.69,0.1,0.71,0.1
0.08,15.63,88.56,179.94,9.51,0.01,0.27,0.0,0.0,0.0,35.75,3.37,22.06,0.28,0.02,0.03,0.69,0.1,0.71,0.1
0.09,15.63,88.56,179.94,9.53,0.0,0.27,0.0,0.0,0.0,35.75,3.37,22.06,0.27,0.01,0.03,0.69,0.1,0.71,0.1
0.1,15.63,88.56,179.94,9.53,0.01,0.23,0.0,0.0,0.0,35.38,2.75,22.06,0.27,0.02,0.0,0.69,0.1,0.71,0.1
0.11,15.63,88.56,179.94,9.52,0.01,0.25,0.0,0.0,0.0,35.38,2.75,22.06,0.27,0.02,0.01,0.69,0.1,0.71,0.1
0.12,15.63,88.56,179.94,9.51,0.01,0.25,0.0,0.0,0.0,35.38,2.75,22.06,0.28,0.02,0.01,0.69,0.1,0.71,0.1
0.13,15.63,88.56,179.94,9.515,0.019999999999999997,0.25,0.0,0.0,0.0,34.88,2.375,21.53,0.275,0.03,0.01,0.6899310103482753,0.09999000149975006,0.7099290106482253,0.09999000149975006
0.14,15.63,88.56,179.94,9.52,0.03,0.25,0.0,0.0,0.0,34.38,2.0,21.0,0.27,0.04,0.01,0.69,0.1,0.71,0.1
0.15,15.63,88.56,179.94,9.52,0.01,0.23,0.0,0.01,0.0,36.19,3.37,20.5,0.27,0.02,0.0,0.69,0.1,0.71,0.1
0.16,15.63,88.56,179.94,9.52,0.005,0.245,0.0,0.005,0.0,36.19,3.37,20.5,0.27,0.015,0.01,0.6899310103482753,0.09999000149975006,0.7099290106482253,0.09999000149975006
0.17,15.63,88.56,179.94,9.52,0.0,0.26,0.0,0.0,0.0,36.19,3.37,20.5,0.27,0.01,0.02,0.69,0.1,0.71,0.1
0.18,15.63,88.56,179.94,9.51,0.01,0.27,0.0,0.0,0.0,35.0,3.75,20.5,0.28,0.02,0.03,0.69,0.1,0.71,0.1
0.19,15.63,88.56,179.94,9.52,0.02,0.26,0.0,0.0,0.0,35.0,3.75,20.5,0.27,0.03,0.02,0.69,0.1,0.71,0.1
0.2,15.63,88.56,179.94,9.53,0.04,0.23,0.0,0.0,0.0,36.19,2.75,20.5,0.27,0.05,0.0,0.69,0.1,0.71,0.1
0.21,15.63,88.56,179.94,9.51,0.02,0.29,0.0,0.0,0.0,36.19,2.75,20.5,0.28,0.03,0.05,0.69,0.1,0.71,0.1
0.22,15.63,88.56,179.94,9.53,0.0,0.28,0.0,0.0,0.0,36.19,2.75,20.5,0.27,0.0,0.04,0.69,0.1,0.71,0.1
0.23,15.63,88.56,179.94,9.51,0.04,0.26,0.0,0.0,0.0,35.75,3.75,21.69,0.28,0.05,0.02,0.69,0.1,0.71,0.1
0.24,15.63,88.56,179.94,9.52,0.02,0.26,0.0,0.0,0.0,35.75,3.75,21.69,0.27,0.03,0.02,0.69,0.1,0.71,0.1
0.25,15.63,88.56,179.94,9.52,0.01,0.26,0.0,0.0,0.0,35.75,2.75,20.5,0.27,0.02,0.02,0.69,0.1,0.71,0.1
0.26,15.63,88.56,179.94,9.51,0.015,0.27,0.0,0.0,0.0,35.75,2.75,20.5,0.28,0.025,0.03,0.6899310103482753,0.09999000149975006,0.7099290106482253,0.09999000149975006
0.27,15.63,88.56,179.94,9.5,0.02,0.28,0.0,0.0,0.0,35.75,2.75,20.5,0.29,0.03,0.04,0.69,0.1,0.71,0.1
0.28,15.63,88.56,179.94,9.52,0.04,0.28,0.0,0.0,0.0,35.38,3.06,20.88,0.27,0.05,0.04,0.69,0.1,0.71,0.1
0.29,15.63,88.56,179.94,9.51,0.02,0.26,0.0,0.0,0.0,35.38,3.06,20.88,0.28,0.03,0.02,0.69,0.1,0.71,0.1
0.3,15.63,88.56,179.94,9.5,0.03,0.25,0.0,0.0,0.0,35.75,3.37,22.5,0.29,0.04,0.01,0.69,0.1,0.71,0.1
0.31,15.63,88.56,179.94,9.52,0.03,0.26,0.0,0.0,0.0,35.75,3.37,22.5,0.27,0.04,0.02,0.69,0.1,0.71,0.1
0.32,15.63,88.56,179.94,9.52,0.04,0.26,0.0,0.0,0.0,35.75,3.37,22.5,0.27,0.05,0.02,0.69,0.1,0.71,0.1
0.33,15.63,88.56,179.94,9.52,0.0,0.27,0.0,0.0,0.0,35.75,3.75,19.75,0.27,0.0,0.03,0.69,0.1,0.71,0.1
0.34,15.63,88.56,179.94,9.51,0.02,0.27,0.0,0.0,0.0,35.75,3.75,19.75,0.28,0.03,0.03,0.69,0.1,0.71,0.1
0.35,15.63,88.56,179.94,9.53,0.01,0.23,0.0,0.0,0.0,35.75,3.75,21.0,0.27,0.02,0.0,0.69,0.1,0.71,0.1
0.36,15.63,88.56,179.94,9.53,0.005,0.25,0.0,0.0,0.0,35.75,3.75,21.0,0.265,0.015,0.015,0.6899310103482753,0.09999000149975006,0.7099290106482253,0.09999000149975006
0.37,15.63,88.56,179.94,9.53,0.0,0.27,0.0,0.0,0.0,35.75,3.75,21.0,0.26,0.01,0.03,0.69,0.1,0.71,0.1
0.38,15.63,88.56,179.94,9.5,0.01,0.27,0.0,0.0,0.0,35.75,3.06,21.0,0.29,0.02,0.03,0.69,0.1,0.71,0.1
0.39,15.63,88.56,179.94,9.504999999999999,0.005,0.265,0.0,0.0,0.0,35.75,3.06,20.75,0.28500000000000003,0.015,0.025,0.6899310103482753,0.09999000149975006,0.7099290106482253,0.09999000149975006
0.4,15.63,88.56,179.94,9.51,0.0,0.26,0.0,0.0,0.0,35.75,3.06,20.5,0.28,0.01,0.02,0.69,0.1,0.71,0.1
0.41,15.63,88.56,179.94,9.53,0.01,0.29,0.0,0.0,0.0,35.75,3.06,20.5,0.26,0.02,0.05,0.69,0.1,0.71,0.1
0.42,15.63,88.56,179.94,9.5,0.03,0.27,0.0,0.0,0.0,35.75,3.06,20.5,0.29,0.04,0.03,0.69,0.1,0.71,0.1
0.43,15.63,88.56,179.94,9.51,0.01,0.23,0.0,0.0,0.0,35.75,2.37,21.0,0.28,0.02,0.0,0.69,0.1,0.71,0.1
0.44,15.63,88.56,179.94,9.5,0.05,0.28,0.0,0.0,0.0,35.75,2.37,21.0,0.29,0.06,0.04,0.69,0.1,0.71,0.1
0.45,15.63,88.56,179.94,9.5,0.01,0.25,0.0,0.0,0.0,35.38,3.06,21.0,0.29,0.02,0.01,0.69,0.1,0.71,0.1
0.46,15.63,88.56,179.94,9.56,0.01,0.28,0.0,0.0,0.0,35.38,3.06,21.0,0.23,0.0,0.04,0.69,0.1,0.71,0.1
0.47,15.66,88.56,179.94,9.545,0.005,0.265,0.0,0.0,0.015,35.565,3.06,21.0,0.275,0.02,0.03,0.6899310103482753,0.09999000149975006,0.7099290106482253,0.09999000149975006
0.48,15.69,88.56,179.94,9.53,0.0,0.25,0.0,0.0,0.03,35.75,3.06,21.0,0.32,0.04,0.02,0.69,0.1,0.71,0.1
0.49,15.69,88.56,179.94,9.39,0.11,0.29,0.0,0.01,0.02,35.75,3.06,21.0,0.12,0.04,0.17,0.69,0.1,0.71,0.1
0.5,15.69,88.56,179.94,9.59,0.17,0.06,0.11,0.0,0.09,35.75,3.06,21.0,0.25,0.07,0.08,0.69,0.1,0.71,0.1
0.51,15.75,88.62,179.94,9.58,0.01,0.31,0.0,0.06,0.0,35.88,3.06,20.88,0.39,0.95,2.06,0.69,0.1,0.71,0.1
0.52,15.44,88.69,179.94,9.4,0.36,1.47,0.33,0.12,0.0,35.88,3.06,20.88,0.32,0.04,0.28,0.69,0.1,0.71,0.09
0.53,15.19,88.56,179.94,9.5,0.56,0.72,0.12,0.11,0.01,34.56,3.0,21.19,0.25,0.03,0.02,0.69,0.1,0.71,0.09
0.54,15.19,88.69,179.94,9.54,0.05,0.31,0.01,0.13,0.0,34.56,3.0,21.19,0.31,0.01,0.01,0.69,0.1,0.71,0.09
0.55,15.19,88.81,179.94,9.58,0.01,0.26,0.0,0.1,0.0,34.56,3.0,21.19,0.22,0.02,0.07,0.69,0.1,0.71,0.09
0.56,15.19,89.0,179.94,9.53,0.02,0.2,0.0,0.15,0.0,35.38,3.0,21.56,0.26,0.03,0.03,0.69,0.1,0.71,0.09
0.57,15.19,89.25,179.94,9.52,0.02,0.15000000000000002,0.0,0.21000000000000002,0.005,35.19,3.0,21.31,0.275,0.03,0.02,0.695983772359075,0.09513447248073688,0.7059979273570474,0.09012739498175072
0.58,15.19,89.5,179.94,9.51,0.02,0.1,0.0,0.27,0.01,35.0,3.0,21.06,0.29,0.03,0.01,0.7,0.09,0.7,0.09
0.59,15.19,89.81,179.94,9.5,0.01,0.03,0.01,0.27,0.01,35.0,3.0,21.06,0.3,0.02,0.0,0.7,0.09,0.7,0.09
0.6,15.19,89.715,89.97,9.504999999999999,0.005,0.025,0.01,0.255,0.005,35.375,3.0,20.905,0.29000000000000004,0.015,0.015,0.7013338025432978,0.090171488898424,0.7013338025432978,0.090171488898424
0.61,15.19,89.62,0.0,9.51,0.0,0.02,0.01,0.24,0.0,35.75,3.0,20.75,0.28,0.01,0.03,0.7,0.09,0.7,0.09
0.62,15.19,89.31,0.0,9.53,0.02,0.07,0.0,0.3,0.01,35.75,3.0,20.75,0.26,0.06,0.07,0.7,0.09,0.7,0.09
0.63,15.19,88.94,0.0,9.52,0.0,0.13,0.0,0.33,0.01,35.19,3.37,22.19,0.29,0.02,0.07,0.71,0.09,0.69,0.09
0.64,15.19,88.56,0.0,9.51,0.04,0.21,0.03,0.39,0.01,35.19,3.37,22.19,0.29,0.06,0.06,0.71,0.09,0.69,0.09
0.65,15.13,88.06,0.0,9.5,0.06,0.2,0.05,0.44,0.0,35.19,3.37,22.19,0.3,0.06,0.12,0.71,0.09,0.69,0.09
0.66,15.13,87.56,0.0,9.49,0.02,0.42,0.01,0.47,0.01,34.19,3.25,21.25,0.3,0.03,0.01,0.72,0.09,0.69,0.1
0.67,15.13,87.0,0.0,9.49,0.04,0.5,0.01,0.5,0.01,34.19,3.25,21.25,0.33,0.03,0.01,0.72,0.09,0.68,0.1
0.68,15.13,86.44,0.0,9.46,0.02,0.63,0.01,0.51,0.01,33.69,3.0,22.5,0.32,0.03,0.02,0.72,0.09,0.68,0.1
0.69,15.13,85.81,0.0,9.5,0.03,0.7,0.01,0.54,0.01,33.69,3.0,22.5,0.27,0.03,0.0,0.73,0.09,0.68,0.1
0.7,15.13,85.34,0.0,9.46,0.055,0.8,0.034999999999999996,0.585,0.005,33.72,3.595,22.685000000000002,0.30000000000000004,0.055,0.01,0.7275938241077038,0.08970334817766211,0.6727751113324658,0.09967038686406901
0.71,15.13,84.87,0.0,9.42,0.08,0.9,0.06,0.63,0.0,33.75,4.19,22.87,0.33,0.08,0.02,0.73,0.09,0.67,0.1
0.72,15.06,84.13,0.0,9.43,0.19,0.71,0.01,0.67,0.02,33.75,4.19,22.87,0.31,0.19,0.34,0.74,0.09,0.66,0.1
0.73,15.13,83.44,0.0,9.4,0.07,1.18,0.04,0.7,0.01,32.0,3.69,22.75,0.36,0.06,0.11,0.74,0.09,0.66,0.1
0.74,15.06,82.62,0.0,9.37,0.06,1.24,0.04,0.73,0.0,32.0,3.69,22.75,0.34,0.06,0.07,0.74,0.09,0.65,0.1
0.75,15.0,81.81,0.06,9.33,0.02,1.37,0.06,0.72,0.0,32.0,3.69,22.75,0.36,0.02,0.07,0.75,0.09,0.65,0.1
0.76,14.94,81.0,0.13,9.33,0.05,1.46,0.09,0.72,0.01,31.06,3.0,25.37,0.35,0.07,0.0,0.75,0.08,0.64,0.1
0.77,14.87,80.19,0.19,9.3,0.09,1.63,0.04,0.77,0.01,31.06,3.0,25.37,0.34,0.08,0.03,0.76,0.08,0.64,0.1
0.78,14.81,79.31,0.19,9.27,0.06,1.75,0.01,0.79,0.01,31.06,3.0,25.37,0.36,0.05,0.05,0.76,0.08,0.63,0.1
0.79,14.87,78.44,0.13,9.22,0.04,1.89,0.02,0.81,0.01,30.69,3.0,25.37,0.35,0.01,0.05,0.77,0.08,0.63,0.1
0.8,14.87,77.565,0.19,9.185,0.04,2.06,0.02,0.8,0.015,30.125,3.375,25.78,0.36,0.025,0.060000000000000005,0.7720525253957338,0.07969574455697896,0.6226230043513982,0.0996196806962237
0.81,14.87,76.69,0.25,9.15,0.04,2.23,0.02,0.79,0.02,29.56,3.75,26.19,0.37,0.04,0.07,0.78,0.08,0.62,0.1
0.82,14.94,75.75,0.31,9.09,0.07,2.37,0.01,0.81,0.02,29.56,3.75,26.19,0.42,0.03,0.04,0.78,0.08,0.61,0.1
0.83,14.94,74.87,0.31,9.08,0.03,2.47,0.0,0.81,0.01,29.56,3.75,26.19,0.38,0.01,0.08,0.79,0.08,0.6,0.1
0.84,14.94,73.94,0.25,9.01,0.02,2.65,0.0,0.8,0.01,26.87,3.06,26.19,0.41,0.0,0.07,0.79,0.08,0.6,0.1
0.85,14.94,73.06,0.31,8.98,0.02,2.73,0.03,0.81,0.02,26.87,3.06,26.19,0.26,0.37,0.71,0.8,0.08,0.59,0.1
0.86,14.94,72.19,0.44,9.12,0.19,2.26,0.02,0.77,0.01,25.19,4.19,28.87,0.21,0.21,0.73,0.8,0.08,0.58,0.11
0.87,14.81,71.5,0.31,8.95,0.08,2.88,0.1,0.58,0.06,25.19,4.19,28.87,0.42,0.08,0.03,0.8,0.07,0.58,0.1
0.88,14.75,70.81,0.19,8.74,0.05,3.42,0.01,0.63,0.03,25.19,4.19,28.87,0.52,0.03,0.21,0.81,0.07,0.58,0.1
0.89,14.69,70.06,0.25,8.75,0.01,3.34,0.08,0.75,0.0,24.69,3.37,28.69,0.46,0.0,0.0,0.81,0.07,0.57,0.1
0.9,14.63,69.19,0.37,8.95,0.23,2.86,0.12,0.77,0.0,24.69,3.37,28.69,0.28,0.04,0.41,0.82,0.07,0.56,0.1
0.91,14.5,68.37,0.25,8.4,0.53,4.26,0.05,0.71,0.07,23.75,3.75,30.0,0.71,0.51,0.65,0.82,0.07,0.56,0.1
0.92,14.5,67.37,0.37,8.45,0.2,4.07,0.03,0.99,0.06,23.75,3.75,30.0,0.6,0.17,0.3,0.83,0.07,0.55,0.11
0.93,14.5,66.25,0.56,8.72,0.04,3.39,0.03,1.0,0.03,23.75,3.75,30.0,0.24,0.08,0.55,0.83,0.07,0.54,0.11
0.94,14.44,65.25,0.44,8.48,0.22,3.98,0.02,0.86,0.05,21.5,3.06,31.19,0.42,0.19,0.11,0.84,0.07,0.54,0.11
0.95,14.5,64.19,0.37,8.26,0.24,4.38,0.07,1.05,0.03,21.5,3.06,31.19,0.56,0.21,0.11,0.84,0.07,0.53,0.11
0.96,14.655000000000001,63.22,0.33999999999999997,8.19,0.145,4.475,0.07,1.13,0.065,21.595,3.4050000000000002,31.72,0.525,0.11499999999999999,0.095,0.8446833031308592,0.06497563870237379,0.5198051096189903,0.10995877318863255
0.97,14.81,62.25,0.31,8.12,0.05,4.57,0.07,1.21,0.1,21.69,3.75,32.25,0.49,0.02,0.08,0.85,0.06,0.51,0.11
0.98,14.94,60.88,0.44,7.98,0.05,4.83,0.06,1.22,0.1,21.69,3.75,32.25,0.53,0.01,0.03,0.86,0.06,0.5,0.11
0.99,15.125,59.505,0.565,7.8100000000000005,0.125,5.08,0.11,1.245,0.115,20.595,3.56,32.47,0.575,0.14,0.045,0.8627811914793299,0.05984609420665871,0.48874310268771287,0.11470501389609587
1.0,15.31,58.13,0.69,7.64,0.2,5.33,0.16,1.27,0.13,19.5,3.37,32.69,0.62,0.27,0.06,0.87,0.06,0.48,0.12
1.01,15.56,56.69,0.75,7.63,0.02,5.39,0.1,1.26,0.09,17.87,3.37,32.75,0.56,0.08,0.03,0.87,0.06,0.47,0.12
1.02,15.69,55.31,0.75,7.24,0.19,5.85,0.12,1.38,0.11,17.87,3.37,32.75,0.73,0.11,0.16,0.88,0.06,0.46,0.12
1.03,15.88,53.69,0.75,7.18,0.23,5.92,0.2,1.57,0.18,17.87,3.37,32.75,0.63,0.15,0.0,0.88,0.06,0.45,0.12
1.04,16.19,51.94,0.75,6.98,0.1,6.15,0.22,1.63,0.2,14.69,3.37,33.19,0.75,0.18,0.11,0.89,0.06,0.43,0.13
1.05,16.56,50.06,0.75,6.74,0.41,6.39,0.24,1.74,0.2,14.69,3.37,33.19,0.88,0.19,0.17,0.9,0.06,0.42,0.13
1.06,16.87,48.13,0.75,6.46,0.17,6.63,0.23,1.77,0.21,14.69,3.37,33.19,0.5,0.26,0.12,0.9,0.06,0.4,0.13
1.07,17.12,46.13,0.81,6.74,0.0,6.41,0.09,1.8,0.16,11.88,3.37,35.38,0.62,0.16,0.15,0.91,0.05,0.39,0.14
1.08,17.25,44.19,0.81,6.12,0.43,7.02,0.07,1.67,0.09,11.88,3.37,35.38,0.6,0.12,0.16,0.92,0.05,0.37,0.14
1.09,17.37,42.38,0.81,6.08,0.01,7.03,0.05,1.63,0.09,8.19,3.06,36.25,0.3,0.69,0.28,0.92,0.05,0.36,0.14
1.1,17.44,40.69,0.81,6.13,0.14,7.02,0.01,1.39,0.0,8.19,3.06,36.25,0.23,0.07,0.43,0.93,0.05,0.34,0.14
1.11,17.44,39.19,0.81,5.45,0.32,7.5,0.0,1.33,0.0,8.19,3.06,36.25,0.74,0.21,0.08,0.93,0.05,0.33,0.14
1.12,17.5,37.72,0.81,5.285,0.17,7.625,0.025,1.33,0.04,7.029999999999999,3.0300000000000002,36.655,0.715,0.14,0.11000000000000001,0.9351519745447987,0.04500731428290475,0.32005201267843375,0.1450235682449153
1.13,17.56,36.25,0.81,5.12,0.02,7.75,0.05,1.33,0.08,5.87,3.0,37.06,0.69,0.07,0.14,0.94,0.04,0.31,0.15
1.14,17.62,34.81,0.81,4.72,0.3,8.11,0.06,1.31,0.07,2.06,2.19,37.56,1.05,0.66,0.05,0.94,0.04,0.3,0.15
1.15,17.69,33.31,0.75,4.22,0.73,8.31,0.05,1.33,0.07,2.06,2.19,37.56,1.02,0.2,0.06,0.95,0.04,0.28,0.15
1.16,17.94,31.75,0.75,4.41,0.26,8.21,0.11,1.44,0.22,2.06,2.19,37.56,0.75,0.38,0.11,0.95,0.04,0.27,0.15
1.17,18.12,30.19,0.75,4.63,0.44,8.2,0.06,1.38,0.1,0.0,2.69,38.5,0.3,0.56,0.26,0.95,0.03,0.26,0.15
1.18,18.12,28.94,0.75,4.1,0.44,8.36,0.02,1.09,0.02,0.0,2.69,38.5,0.8,0.35,0.14,0.96,0.03,0.25,0.15
1.19,18.0,27.75,0.75,3.54,0.56,8.67,0.03,1.06,0.07,3.0,3.19,39.06,1.02,0.44,0.0,0.96,0.03,0.24,0.15
1.2,18.06,26.5,0.75,3.25,0.33,8.73,0.03,1.15,0.08,3.0,3.19,39.06,1.12,0.21,0.03,0.96,0.03,0.23,0.15
1.21,18.19,25.12,0.75,3.33,0.11,8.82,0.03,1.29,0.1,3.0,3.19,39.06,0.83,0.23,0.05,0.96,0.03,0.22,0.15
1.22,18.22,23.715,0.75,3.375,0.06,8.81,0.05,1.165,0.07,3.435,3.2199999999999998,38.625,0.5599999999999999,0.165,0.15500000000000003,0.9660148486666618,0.025026291416234765,0.20521558961312505,0.15516300678065553
1.23,18.25,22.31,0.75,3.42,0.01,8.8,0.07,1.04,0.04,3.87,3.25,38.19,0.29,0.1,0.26,0.97,0.02,0.19,0.16
1.24,18.06,21.44,0.81,2.99,0.61,8.89,0.16,0.7,0.16,6.87,3.25,37.5,0.59,0.48,0.23,0.97,0.02,0.19,0.15
1.25,17.87,20.75,0.88,2.8,0.99,8.92,0.13,0.63,0.11,6.87,3.25,37.5,0.67,0.84,0.24,0.97,0.02,0.18,0.15
1.26,17.81,19.94,1.06,2.45,0.62,9.17,0.22,0.79,0.06,6.87,3.25,37.5,0.89,0.8,0.03,0.97,0.02,0.17,0.15
1.27,17.69,19.44,1.19,2.46,0.63,9.11,0.27,0.87,0.18,9.25,2.87,37.5,0.75,1.27,0.14,0.97,0.02,0.17,0.15
1.28,17.37,18.5,1.37,2.72,1.55,8.82,0.28,0.83,0.39,9.25,2.87,37.5,0.31,1.3,0.49,0.98,0.01,0.16,0.15
1.29,16.94,17.62,1.5,2.5,2.45,8.74,0.17,0.78,0.32,11.88,3.56,36.19,0.65,0.55,0.22,0.98,0.01,0.15,0.15
1.3,16.815,16.84,1.5,2.2199999999999998,1.73,9.055,0.14500000000000002,0.755,0.28500000000000003,11.88,3.56,36.19,0.765,0.555,0.135,0.9787528846020084,0.009987274332673556,0.14481547782376658,0.14481547782376658
1.31,16.69,16.06,1.5,1.94,1.01,9.37,0.12,0.73,0.25,11.88,3.56,36.19,0.88,0.56,0.05,0.98,0.01,0.14,0.14
1.32,16.31,15.25,1.56,1.99,1.41,9.16,0.2,0.79,0.36,13.5,3.69,35.38,0.49,1.55,0.45,0.98,0.01,0.13,0.14
1.33,16.125,14.405000000000001,1.625,1.8,0.8999999999999999,9.23,0.125,0.76,0.235,14.125,4.22,35.785,0.49,0.89,0.4,0.9821384793233943,0.005010910608792828,0.1252727652198207,0.1403054970461992
1.34,15.94,13.56,1.69,1.61,0.39,9.3,0.05,0.73,0.11,14.75,4.75,36.19,0.49,0.23,0.35,0.98,0.0,0.12,0.14
1.35,15.75,12.69,1.62,1.66,0.11,9.27,0.05,0.72,0.13,14.75,4.75,36.19,0.68,0.42,0.1,0.98,0.0,0.11,0.14
1.36,15.63,11.94,1.56,1.19,0.56,9.52,0.05,0.73,0.21,14.75,4.75,36.19,0.68,0.44,0.42,0.99,0.0,0.11,0.14
1.37,15.38,11.12,1.56,1.26,1.13,9.12,0.0,0.78,0.2,16.19,4.25,34.38,0.53,0.32,0.32,0.99,0.0,0.1,0.13
1.38,15.31,10.31,1.31,1.29,0.0,9.49,0.12,0.61,0.05,16.19,4.25,34.38,0.68,0.24,0.11,0.99,0.0,0.09,0.13
1.39,15.25,9.63,1.19,0.88,0.02,9.44,0.05,0.63,0.05,16.19,4.25,34.38,0.76,0.18,0.21,0.99,0.0,0.09,0.13
1.4,15.19,8.88,1.19,0.46,0.18,9.34,0.06,0.75,0.04,18.19,4.69,35.75,1.15,0.21,0.43,0.99,0.0,0.08,0.13
1.41,15.19,7.785,0.845,0.545,0.255,9.8,0.225,0.945,0.05500000000000001,18.875,4.875,35.065,0.83,0.22999999999999998,0.475,0.9890608380940188,0.0,0.0699335946127084,0.1298766757093156
1.42,15.19,6.69,0.5,0.63,0.33,10.26,0.39,1.14,0.07,19.56,5.06,34.38,0.51,0.25,0.52,0.99,0.0,0.06,0.13
1.43,15.25,5.37,0.44,0.72,0.0,9.54,0.03,1.21,0.08,19.56,5.06,34.38,0.39,0.07,0.2,0.99,0.0,0.05,0.13
1.44,15.375,3.995,0.345,0.425,0.07,9.57,0.03,0.865,0.04,20.53,4.404999999999999,33.535,0.49,0.13,0.195,0.9908797964023588,0.0,0.03503110391321471,0.13011552882051178
1.45,15.5,2.62,0.25,0.13,0.14,9.6,0.03,0.52,0.0,21.5,3.75,32.69,0.59,0.19,0.19,0.99,0.0,0.02,0.13
1.46,15.38,2.19,0.37,0.3,0.2,9.61,0.15,0.38,0.09,23.06,3.87,33.19,0.67,0.13,0.18,0.99,0.0,0.02,0.13
1.47,15.38,2.06,0.37,0.21,0.1,9.51,0.05,0.15,0.06,23.06,3.87,33.19,0.55,0.03,0.28,0.99,0.0,0.02,0.13
1.48,15.31,1.94,0.31,0.28,0.14,9.53,0.01,0.01,0.04,23.06,3.87,33.19,0.61,0.2,0.26,0.99,0.0,0.02,0.13
1.49,15.25,1.81,0.31,0.45,0.08,9.59,0.01,0.01,0.07,24.06,3.0,31.69,0.76,0.05,0.19,0.99,0.0,0.02,0.13
1.5,15.19,1.62,0.31,0.17,0.13,9.32,0.02,0.03,0.03,24.06,3.0,31.69,0.66,0.05,0.19,0.99,0.0,0.01,0.13
1.51,15.25,1.44,0.25,0.45,0.18,9.56,0.01,0.03,0.05,24.56,3.56,32.69,0.66,0.22,0.44,0.99,0.0,0.01,0.13
1.52,15.25,1.345,0.22,0.395,0.095,9.58,0.01,0.035,0.030000000000000002,24.56,3.56,32.69,0.64,0.14,0.28,0.9914386297770432,0.0,0.010014531613909528,0.13018891098082386
1.53,15.25,1.25,0.19,0.34,0.01,9.6,0.01,0.04,0.01,24.56,3.56,32.69,0.62,0.06,0.12,0.99,0.0,0.01,0.13
1.54,15.25,1.06,0.19,0.16,0.2,9.38,0.01,0.03,0.0,24.06,2.69,32.69,0.43,0.3,0.08,0.99,0.0,0.01,0.13
1.55,15.25,1.0,0.19,0.36,0.01,9.4,0.0,0.0,0.0,24.06,2.69,32.69,0.53,0.09,0.29,0.99,0.0,0.01,0.13
1.56,15.25,0.94,0.13,0.31,0.03,9.62,0.0,0.01,0.0,24.06,2.69,33.19,0.5,0.08,0.34,0.99,0.0,0.01,0.13
1.57,15.25,0.81,0.13,0.33,0.04,9.54,0.01,0.02,0.0,24.06,2.69,33.19,0.51,0.1,0.44,0.99,0.0,0.01,0.13
1.58,15.25,0.75,0.13,0.32,0.06,9.61,0.01,0.01,0.0,24.06,2.69,33.19,0.44,0.09,0.19,0.99,0.0,0.01,0.13
1.59,15.25,0.62,0.13,0.33,0.09,9.53,0.0,0.01,0.0,24.06,2.69,32.75,0.44,0.11,0.26,0.99,0.0,0.01,0.13
1.6,15.25,0.56,0.06,0.33,0.04,9.54,0.0,0.01,0.0,24.06,2.69,32.75,0.43,0.06,0.25,0.99,0.0,0.01,0.13
1.61,15.25,0.5,0.06,0.34,0.04,9.61,0.01,0.02,0.0,24.5,2.69,32.0,0.45,0.08,0.35,0.99,0.0,0.0,0.13
1.62,15.25,0.44,0.06,0.35,0.03,9.46,0.0,0.01,0.0,24.5,2.69,32.0,0.44,0.08,0.41,0.99,0.0,0.0,0.13
1.63,15.25,0.31,0.06,0.33,0.03,9.57,0.0,0.0,0.0,24.5,2.69,32.0,0.39,0.05,0.23,0.99,0.0,0.0,0.13
1.64,15.25,0.31,0.06,0.35,0.04,9.55,0.0,0.0,0.0,24.5,3.06,32.38,0.4,0.05,0.24,0.99,0.0,0.0,0.13
1.65,15.25,0.25,0.0,0.35,0.04,9.55,0.0,0.0,0.0,24.5,3.06,32.38,0.39,0.05,0.24,0.99,0.0,0.0,0.13
1.66,15.25,0.19,0.0,0.35,0.04,9.56,0.0,0.0,0.0,24.87,3.87,32.38,0.36,0.06,0.25,0.99,0.0,0.0,0.13
1.67,15.25,0.13,0.0,0.35,0.04,9.54,0.0,0.0,0.0,24.87,3.87,32.38,0.38,0.05,0.27,0.99,0.0,0.0,0.13
1.68,15.25,0.06,0.0,0.36,0.03,9.53,0.0,0.0,0.0,24.87,3.87,32.38,0.37,0.04,0.26,0.99,0.0,0.0,0.13
1.69,15.25,0.0,0.0,0.34,0.05,9.54,0.0,0.0,0.0,24.06,3.06,33.19,0.34,0.05,0.26,0.99,0.0,0.0,0.13
1.7,15.25,0.0,0.0,0.34,0.05,9.54,0.0,0.0,0.0,24.28,2.875,32.785,0.34,0.060000000000000005,0.25,0.9914883496251113,0.0,0.0,0.1301954398497621
1.71,15.25,0.0,0.0,0.34,0.05,9.54,0.0,0.0,0.0,24.5,2.69,32.38,0.34,0.07,0.24,0.99,0.0,0.0,0.13
1.72,15.25,0.06,0.0,0.35,0.03,9.54,0.0,0.0,0.0,24.5,2.69,32.38,0.33,0.04,0.29,0.99,0.0,0.0,0.13
1.73,15.25,0.095,0.0,0.33999999999999997,0.03,9.545,0.0,0.0,0.0,24.28,2.69,32.035000000000004,0.315,0.035,0.27,0.9914883496251113,0.0,0.0,0.1301954398497621
1.74,15.25,0.13,0.0,0.33,0.03,9.55,0.0,0.0,0.0,24.06,2.69,31.69,0.3,0.03,0.25,0.99,0.0,0.0,0.13
1.75,15.25,0.19,0.0,0.35,0.03,9.54,0.0,0.0,0.0,24.06,2.69,31.69,0.31,0.03,0.26,0.99,0.0,0.0,0.13
1.76,15.25,0.19,0.0,0.33,0.04,9.52,0.0,0.0,0.0,23.69,3.5,33.56,0.29,0.04,0.27,0.99,0.0,0.0,0.13
1.77,15.25,0.25,0.0,0.35,0.06,9.51,0.0,0.0,0.0,23.69,3.5,33.56,0.3,0.05,0.28,0.99,0.0,0.0,0.13
1.78,15.25,0.25,0.0,0.35,0.03,9.52,0.0,0.0,0.0,23.69,3.5,33.56,0.3,0.03,0.27,0.99,0.0,0.0,0.13
1.79,15.25,0.31,0.0,0.35,0.05,9.54,0.0,0.0,0.0,24.06,2.69,32.38,0.29,0.05,0.25,0.99,0.0,0.0,0.13
1.8,15.25,0.31,0.0,0.35,0.08,9.53,0.0,0.0,0.0,24.06,2.69,32.38,0.29,0.07,0.26,0.99,0.0,0.0,0.13
1.81,15.25,0.33999999999999997,0.0,0.355,0.065,9.524999999999999,0.0,0.005,0.0,24.28,3.0949999999999998,32.19,0.29,0.05500000000000001,0.27,0.9914883496251113,0.0,0.0,0.1301954398497621
1.82,15.25,0.37,0.0,0.36,0.05,9.52,0.0,0.01,0.0,24.5,3.5,32.0,0.29,0.04,0.28,0.99,0.0,0.0,0.13
1.83,15.25,0.44,0.0,0.36,0.05,9.54,0.0,0.0,0.0,24.5,3.5,32.0,0.28,0.04,0.25,0.99,0.0,0.0,0.13
1.84,15.25,0.44,0.0,0.33,0.05,9.53,0.0,0.0,0.0,24.87,3.06,32.0,0.24,0.04,0.27,0.99,0.0,0.0,0.13
1.85,15.25,0.44,0.0,0.34,0.05,9.51,0.0,0.0,0.0,24.87,3.06,32.0,0.26,0.04,0.29,0.99,0.0,0.0,0.13
1.86,15.25,0.5,0.0,0.35,0.06,9.54,0.0,0.0,0.0,24.5,3.87,33.56,0.25,0.04,0.24,0.99,0.0,0.0,0.13
1.87,15.25,0.5,0.06,0.34,0.05,9.55,0.0,0.0,0.0,24.5,3.87,33.56,0.24,0.04,0.25,0.99,0.0,0.0,0.13
1.88,15.25,0.56,0.06,0.35,0.04,9.53,0.0,0.0,0.0,24.5,3.87,33.56,0.25,0.03,0.26,0.99,0.0,0.01,0.13
1.89,15.25,0.56,0.06,0.36,0.07,9.56,0.0,0.0,0.0,24.87,2.69,32.75,0.26,0.05,0.24,0.99,0.0,0.01,0.13
1.9,15.25,0.56,0.06,0.34,0.05,9.52,0.0,0.0,0.0,24.87,2.69,32.75,0.24,0.04,0.27,0.99,0.0,0.01,0.13
1.91,15.25,0.5900000000000001,0.06,0.34,0.045,9.524999999999999,0.0,0.0,0.0,24.685000000000002,2.875,32.97,0.235,0.03,0.265,0.9914386297770432,0.0,0.010014531613909528,0.13018891098082386
1.92,15.25,0.62,0.06,0.34,0.04,9.53,0.0,0.0,0.0,24.5,3.06,33.19,0.23,0.02,0.26,0.99,0.0,0.01,0.13
1.93,15.25,0.62,0.06,0.35,0.06,9.53,0.0,0.0,0.0,24.5,3.06,33.19,0.23,0.05,0.26,0.99,0.0,0.01,0.13
1.94,15.25,0.69,0.06,0.35,0.06,9.53,0.0,0.01,0.0,24.5,2.69,32.38,0.23,0.04,0.27,0.99,0.0,0.01,0.13
1.95,15.25,0.69,0.06,0.35,0.06,9.52,0.0,0.0,0.0,24.5,2.69,32.38,0.23,0.04,0.27,0.99,0.0,0.01,0.13
1.96,15.25,0.69,0.06,0.34,0.03,9.56,0.0,0.0,0.0,24.5,2.37,32.75,0.22,0.04,0.29,0.99,0.0,0.01,0.13
1.97,15.25,0.75,0.06,0.33,0.03,9.5,0.0,0.0,0.0,24.5,2.37,32.75,0.2,0.01,0.3,0.99,0.0,0.01,0.13
1.98,15.25,0.75,0.06,0.31,0.03,9.6,0.0,0.0,0.0,24.5,2.37,32.75,0.17,0.01,0.2,0.99,0.0,0.01,0.13
1.99,15.25,0.75,0.06,0.4,0.05,9.31,0.0,0.0,0.0,24.5,2.69,31.69,0.27,0.03,0.48,0.99,0.0,0.01,0.13
2.0,15.25,0.75,0.06,0.35,0.06,9.43,0.0,0.0,0.0,24.5,2.69,31.69,0.21,0.04,0.36,0.99,0.0,0.01,0.13
2.01,15.25,0.78,0.06,0.36,0.05,9.51,0.0,0.0,0.0,24.28,3.0949999999999998,32.625,0.215,0.03,0.28,0.9914386297770432,0.0,0.010014531613909528,0.13018891098082386
2.02,15.25,0.81,0.06,0.37,0.04,9.59,0.0,0.0,0.0,24.06,3.5,33.56,0.22,0.02,0.2,0.99,0.0,0.01,0.13
2.03,15.25,0.81,0.06,0.36,0.03,9.56,0.0,0.0,0.0,24.06,3.5,33.56,0.22,0.01,0.24,0.99,0.0,0.01,0.13
2.04,15.25,0.845,0.06,0.35,0.05,9.555,0.0,0.0,0.0,24.06,3.2800000000000002,33.155,0.20500000000000002,0.03,0.245,0.9914386297770432,0.0,0.010014531613909528,0.13018891098082386
2.05,15.25,0.88,0.06,0.34,0.07,9.55,0.0,0.0,0.0,24.06,3.06,32.75,0.19,0.05,0.25,0.99,0.0,0.01,0.13
2.06,15.25,0.88,0.06,0.34,0.03,9.51,0.0,0.0,0.0,24.87,4.19,33.56,0.18,0.01,0.29,0.99,0.0,0.01,0.13
2.07,15.25,0.88,0.06,0.37,0.06,9.52,0.0,0.0,0.0,24.87,4.19,33.56,0.21,0.04,0.27,0.99,0.0,0.01,0.13
2.08,15.25,0.94,0.13,0.34,0.08,9.55,0.0,0.0,0.0,24.87,4.19,33.56,0.18,0.05,0.25,0.99,0.0,0.01,0.13
2.09,15.25,0.94,0.13,0.34,0.04,9.52,0.0,0.0,0.0,23.69,3.06,32.75,0.18,0.02,0.27,0.99,0.0,0.01,0.13
2.1,15.25,0.94,0.13,0.35,0.05,9.52,0.0,0.0,0.0,23.69,3.06,32.75,0.18,0.03,0.28,0.99,0.0,0.01,0.13
2.11,15.25,0.94,0.13,0.35,0.06,9.55,0.0,0.0,0.0,24.06,3.06,31.69,0.19,0.03,0.25,0.99,0.0,0.01,0.13
2.12,15.25,0.94,0.13,0.35,0.04,9.5,0.0,0.0,0.0,24.06,3.06,31.69,0.18,0.01,0.29,0.99,0.0,0.01,0.13
2.13,15.25,1.0,0.13,0.36,0.04,9.52,0.0,0.0,0.0,24.06,3.06,31.69,0.19,0.01,0.28,0.99,0.0,0.01,0.13
2.14,15.25,1.0,0.13,0.35,0.045,9.524999999999999,0.0,0.0,0.0,24.465,3.06,31.845,0.175,0.015,0.27,0.9914386297770432,0.0,0.010014531613909528,0.13018891098082386
2.15,15.25,1.0,0.13,0.34,0.05,9.53,0.0,0.0,0.0,24.87,3.06,32.0,0.16,0.02,0.26,0.99,0.0,0.01,0.13
2.16,15.25,1.0,0.13,0.35,0.05,9.51,0.0,0.0,0.0,25.19,2.37,32.75,0.17,0.03,0.26,0.99,0.0,0.01,0.13
2.17,15.25,1.0,0.13,0.36,0.06,9.53,0.0,0.0,0.0,25.19,2.37,32.75,0.17,0.03,0.29,0.99,0.0,0.01,0.13
2.18,15.25,1.06,0.13,0.34,0.06,9.57,0.0,0.0,0.0,25.19,2.37,32.75,0.16,0.03,0.23,0.99,0.0,0.01,0.13
2.19,15.25,1.06,0.13,0.35,0.05,9.53,0.0,0.0,0.0,24.87,3.06,32.75,0.17,0.03,0.26,0.99,0.0,0.01,0.13
2.2,15.25,1.06,0.13,0.34,0.06,9.52,0.0,0.0,0.0,24.87,3.06,32.75,0.15,0.03,0.27,0.99,0.0,0.01,0.13
2.21,15.25,1.06,0.13,0.36,0.07,9.54,0.0,0.0,0.0,24.5,3.5,33.19,0.17,0.04,0.25,0.99,0.0,0.01,0.13
2.22,15.25,1.06,0.13,0.34,0.04,9.52,0.0,0.0,0.0,24.5,3.5,33.19,0.15,0.02,0.27,0.99,0.0,0.01,0.13
2.23,15.25,1.06,0.13,0.36,0.04,9.57,0.0,0.0,0.0,24.5,3.5,33.19,0.17,0.02,0.23,0.99,0.0,0.01,0.13
2.24,15.25,1.12,0.13,0.37,0.06,9.55,0.0,0.0,0.0,24.87,2.69,32.38,0.17,0.03,0.25,0.99,0.0,0.01,0.13
