0.01,353.88,87.94,179.94,0.0,0.0,0.0,0.1,0.01,0.01,-0.5161879502661796,0.4596194077712559,0.72,0.04,0.01,316.81,87.62,179.75,0.0,0.0,0.0,0.3,0.03,0.0,0.64,0.26,0.67,0.25,0.01,267.19,81.37,102.69,0.0,0.0,0.0,0.07,0.05,0.05,0.48,0.44,0.57,0.5,0.01,15.63,88.56,179.94,0.0,0.0,0.0,0.26,0.03,0.04,0.69,0.1,0.71,0.1
0.02,353.88,87.94,179.94,0.0,0.0,0.0,0.11,0.03,0.02,-0.5161879502661796,0.4596194077712559,0.72,0.04,0.02,316.81,87.62,179.75,0.0,0.0,0.0,0.27,0.01,0.01,0.64,0.26,0.67,0.25,0.02,267.19,81.37,102.69,0.0,0.0,0.0,0.05,0.01,0.04,0.48,0.44,0.57,0.5,0.02,15.63,88.56,179.94,0.0,0.0,0.0,0.26,0.02,0.01,0.69,0.1,0.71,0.1
0.03,353.88,87.94,179.94,0.0,0.0,0.0,0.07,0.01,0.0,-0.5161879502661796,0.4596194077712559,0.72,0.04,0.03,316.81,87.62,179.75,0.0,0.0,0.0,0.29,0.04,0.03,0.64,0.26,0.67,0.25,0.03,267.19,81.37,102.69,0.0,0.0,0.0,0.05,0.02,0.03,0.48,0.44,0.57,0.5,0.03,15.63,88.56,179.94,0.0,0.0,0.0,0.27,0.02,0.02,0.69,0.1,0.71,0.1
0.04,353.88,87.94,179.94,0.0,0.0,0.0,0.1,0.01,0.01,-0.5161879502661796,0.4596194077712559,0.72,0.04,0.04,316.81,87.62,179.75,0.0,0.0,0.0,0.3,0.02,0.03,0.64,0.26,0.67,0.25,0.04,267.19,81.37,102.69,0.0,0.0,0.0,0.05,0.05,0.03,0.48,0.44,0.57,0.5,0.04,15.63,88.56,179.94,0.0,0.0,0.0,0.26,0.03,0.0,0.69,0.1,0.71,0.1
0.05,353.88,87.94,179.94,0.0,0.0,0.0,0.11,0.01,0.02,-0.5161879502661796,0.4596194077712559,0.72,0.04,0.05,316.81,87.62,179.75,0.0,0.0,0.0,0.28,0.01,0.03,0.64,0.26,0.67,0.25,0.05,267.19,81.37,102.69,0.0,0.0,0.0,0.04,0.02,0.02,0.48,0.44,0.57,0.5,0.05,15.63,88.56,179.94,0.0,0.0,0.0,0.27,0.02,0.02,0.69,0.1,0.71,0.1
0.06,353.88,87.94,179.94,0.0,0.0,0.0,0.09,0.01,0.03,-0.5161879502661796,0.4596194077712559,0.72,0.04,0.06,316.81,87.62,179.75,0.0,0.0,0.0,0.28,0.04,0.02,0.64,0.26,0.67,0.25,0.06,267.19,81.37,102.69,0.0,0.0,0.0,0.05,0.02,0.05,0.48,0.44,0.57,0.5,0.06,15.63,88.56,179.94,0.0,0.0,0.0,0.29,0.02,0.02,0.69,0.1,0.71,0.1
0.07,353.88,87.94,179.94,0.0,0.0,0.0,0.08,0.02,0.02,-0.5161879502661796,0.4596194077712559,0.72,0.04,0.07,316.81,87.62,179.75,0.0,0.0,0.0,0.27,0.02,0.0,0.64,0.26,0.67,0.25,0.07,267.19,81.37,102.69,0.0,0.0,0.0,0.05,0.04,0.03,0.48,0.44,0.57,0.5,0.07,15.63,88.56,179.94,0.0,0.0,0.0,0.28,0.02,0.03,0.69,0.1,0.71,0.1
0.08,353.88,87.94,179.94,0.0,0.0,0.0,0.11,0.02,0.0,-0.5161879502661796,0.4596194077712559,0.72,0.04,0.08,316.81,87.62,179.75,0.0,0.0,0.0,0.28,0.03,0.0,0.64,0.26,0.67,0.25,0.08,267.19,81.37,102.69,0.0,0.0,0.0,0.05,0.01,0.04,0.48,0.44,0.57,0.5,0.08,15.63,88.56,179.94,0.0,0.0,0.0,0.27,0.01,0.03,0.69,0.1,0.71,0.1
0.09,353.88,87.94,179.94,0.0,0.0,0.0,0.07,0.02,0.03,-0.5161879502661796,0.4596194077712559,0.72,0.04,0.09,316.81,87.62,179.75,0.0,0.0,0.0,0.285,0.035,0.0,0.6436794896951259,0.2614947926886449,0.673851965774585,0.2514373006621585,0.09,267.19,81.37,102.69,0.0,0.0,0.0,0.04,0.03,0.02,0.48,0.44,0.57,0.5,0.09,15.63,88.56,179.94,0.0,0.0,0.0,0.27,0.02,0.0,0.69,0.1,0.71,0.1
0.1,353.88,87.94,179.94,0.0,0.0,0.0,0.1,0.01,0.0,-0.5161879502661796,0.4596194077712559,0.72,0.04,0.1,316.81,87.62,179.75,0.0,0.0,0.0,0.29,0.04,0.0,0.64,0.26,0.67,0.25,0.1,267.19,81.37,102.69,0.0,0.0,0.0,0.06,0.01,0.04,0.48,0.44,0.57,0.5,0.1,15.63,88.56,179.94,0.0,0.0,0.0,0.27,0.02,0.01,0.69,0.1,0.71,0.1
0.11,353.88,87.94,179.94,0.0,0.0,0.0,0.09,0.0,0.01,-0.5161879502661796,0.4596194077712559,0.72,0.04,0.11,316.81,87.62,179.75,0.0,0.0,0.0,0.3,0.01,0.02,0.64,0.26,0.67,0.25,0.11,267.19,81.37,102.69,0.0,0.0,0.0,0.03,0.03,0.04,0.48,0.44,0.57,0.5,0.11,15.63,88.56,179.94,0.0,0.0,0.0,0.28,0.02,0.01,0.69,0.1,0.71,0.1
0.12,353.88,87.94,179.94,0.0,0.0,0.0,0.1,0.0,0.02,-0.5161879502661796,0.4596194077712559,0.72,0.04,0.12,316.81,87.62,179.75,0.0,0.0,0.0,0.29,0.02,0.01,0.64,0.26,0.67,0.25,0.12,267.19,81.37,102.69,0.0,0.0,0.0,0.04,0.03,0.02,0.48,0.44,0.57,0.5,0.12,15.63,88.56,179.94,0.0,0.0,0.0,0.275,0.03,0.01,0.6899310103482753,0.09999000149975,0.7099290106482253,0.09999000149975
0.13,353.88,87.94,179.94,0.0,0.0,0.0,0.08,0.0,0.01,-0.5161879502661796,0.4596194077712559,0.72,0.04,0.13,316.81,87.62,179.75,0.0,0.0,0.0,0.27,0.03,0.0,0.64,0.26,0.67,0.25,0.13,267.19,81.37,102.69,0.0,0.0,0.0,0.04,0.01,0.04,0.48,0.44,0.57,0.5,0.13,15.63,88.56,179.94,0.0,0.0,0.0,0.27,0.04,0.01,0.69,0.1,0.71,0.1
0.14,353.88,87.94,179.94,0.0,0.0,0.0,0.09,0.02,0.02,-0.5161879502661796,0.4596194077712559,0.72,0.04,0.14,316.81,87.62,179.75,0.0,0.0,0.0,0.27,0.03,0.0,0.64,0.26,0.67,0.25,0.14,267.19,81.37,102.69,0.0,0.0,0.0,0.04,0.02,0.02,0.48,0.44,0.57,0.5,0.14,15.63,88.56,179.94,0.0,0.01,0.0,0.27,0.02,0.0,0.69,0.1,0.71,0.1
0.15,353.88,87.94,179.94,0.0,0.0,0.0,0.09,0.02,0.01,-0.5161879502661796,0.4596194077712559,0.72,0.04,0.15,316.81,87.62,179.75,0.0,0.0,0.0,0.3,0.03,0.01,0.64,0.26,0.67,0.25,0.15,267.19,81.37,102.69,0.0,0.0,0.0,0.03,0.03,0.04,0.48,0.44,0.57,0.5,0.15,15.63,88.56,179.94,0.0,0.005,0.0,0.27,0.015,0.01,0.6899310103482753,0.09999000149975,0.7099290106482253,0.09999000149975
0.16,353.88,87.94,179.94,0.0,0.0,0.0,0.07,0.03,0.03,-0.5161879502661796,0.4596194077712559,0.72,0.04,0.16,316.81,87.62,179.75,0.0,0.0,0.0,0.31,0.02,0.0,0.64,0.26,0.67,0.25,0.16,267.19,81.37,102.69,0.0,0.0,0.0,0.05,0.02,0.04,0.48,0.44,0.57,0.5,0.16,15.63,88.56,179.94,0.0,0.0,0.0,0.27,0.01,0.02,0.69,0.1,0.71,0.1
0.17,353.88,87.94,179.94,0.0,0.0,0.0,0.08,0.02,0.02,-0.5161879502661796,0.4596194077712559,0.72,0.04,0.17,316.81,87.62,179.75,0.0,0.0,0.0,0.27,0.02,0.04,0.64,0.26,0.67,0.25,0.17,267.19,81.37,102.69,0.0,0.0,0.0,0.05,0.03,0.03,0.48,0.44,0.57,0.5,0.17,15.63,88.56,179.94,0.0,0.0,0.0,0.28,0.02,0.03,0.69,0.1,0.71,0.1
0.18,353.88,87.94,179.94,0.0,0.0,0.0,0.1,0.02,0.0,-0.5161879502661796,0.4596194077712559,0.72,0.04,0.18,316.81,87.62,179.75,0.0,0.0,0.0,0.27,0.02,0.0,0.64,0.26,0.67,0.25,0.18,267.19,81.37,102.69,0.0,0.0,0.0,0.05,0.02,0.04,0.48,0.44,0.57,0.5,0.18,15.63,88.56,179.94,0.0,0.0,0.0,0.27,0.03,0.02,0.69,0.1,0.71,0.1
0.19,353.88,87.94,179.94,0.0,0.0,0.0,0.06,0.01,0.0,-0.5161879502661796,0.4596194077712559,0.72,0.04,0.19,316.81,87.62,179.75,0.0,0.0,0.0,0.3,0.01,0.01,0.64,0.26,0.67,0.25,0.19,267.19,81.37,102.69,0.0,0.0,0.0,0.05,0.03,0.045,0.4802642179998423,0.4402421998331888,0.5703137588748127,0.5002752270831692,0.19,15.63,88.56,179.94,0.0,0.0,0.0,0.27,0.05,0.0,0.69,0.1,0.71,0.1
0.2,353.88,87.94,179.94,0.0,0.0,0.0,0.08,0.01,0.005,-0.5167825923634335,0.4601488836112764,0.7208294310430958,0.0400460795023942,0.2,316.81,87.62,179.75,0.0,0.0,0.0,0.29,0.02,0.0,0.64,0.26,0.67,0.25,0.2,267.19,81.37,102.69,0.0,0.0,0.0,0.05,0.04,0.05,0.48,0.44,0.57,0.5,0.2,15.63,88.56,179.94,0.0,0.0,0.0,0.28,0.03,0.05,0.69,0.1,0.71,0.1
0.21,353.88,87.94,179.94,0.0,0.0,0.0,0.1,0.01,0.01,-0.5161879502661796,0.4596194077712559,0.72,0.04,0.21,316.81,87.62,179.75,0.0,0.0,0.0,0.29,0.02,0.01,0.64,0.26,0.67,0.25,0.21,267.19,81.37,102.69,0.0,0.0,0.0,0.05,0.05,0.04,0.48,0.44,0.57,0.5,0.21,15.63,88.56,179.94,0.0,0.0,0.0,0.27,0.0,0.04,0.69,0.1,0.71,0.1
0.22,353.88,87.94,179.94,0.0,0.0,0.0,0.08,0.03,0.04,-0.5161879502661796,0.4596194077712559,0.72,0.04,0.22,316.81,87.62,179.75,0.0,0.0,0.0,0.29,0.02,0.02,0.64,0.26,0.67,0.25,0.22,267.19,81.37,102.69,0.0,0.0,0.0,0.05,0.03,0.055,0.4802642179998423,0.4402421998331888,0.5703137588748127,0.5002752270831692,0.22,15.63,88.56,179.94,0.0,0.0,0.0,0.28,0.05,0.02,0.69,0.1,0.71,0.1
0.23,353.88,87.94,179.94,0.0,0.0,0.0,0.0849999999999999,0.025,0.02,-0.5167825923634335,0.4601488836112764,0.7208294310430958,0.0400460795023942,0.23,316.81,87.62,179.75,0.0,0.0,0.0,0.28,0.03,0.0,0.64,0.26,0.67,0.25,0.23,267.19,81.37,102.69,0.0,0.0,0.0,0.05,0.01,0.07,0.48,0.44,0.57,0.5,0.23,15.63,88.56,179.94,0.0,0.0,0.0,0.27,0.03,0.02,0.69,0.1,0.71,0.1
0.24,353.88,87.94,179.94,0.0,0.0,0.0,0.09,0.02,0.0,-0.5161879502661796,0.4596194077712559,0.72,0.04,0.24,316.81,87.62,179.75,0.0,0.0,0.0,0.3,0.03,0.02,0.64,0.26,0.67,0.25,0.24,267.19,81.37,102.69,0.0,0.0,0.0,0.05,0.05,0.06,0.48,0.44,0.57,0.5,0.24,15.63,88.56,179.94,0.0,0.0,0.0,0.27,0.02,0.02,0.69,0.1,0.71,0.1
0.25,353.88,87.94,179.94,0.0,0.0,0.0,0.08,0.04,0.0,-0.5161879502661796,0.4596194077712559,0.72,0.04,0.25,316.81,87.62,179.75,0.0,0.0,0.0,0.295,0.03,0.015,0.6436794896951259,0.2614947926886449,0.673851965774585,0.2514373006621585,0.25,267.19,81.37,102.69,0.0,0.0,0.0,0.05,0.03,0.05,0.48,0.44,0.57,0.5,0.25,15.63,88.56,179.94,0.0,0.0,0.0,0.28,0.025,0.03,0.6899310103482753,0.09999000149975,0.7099290106482253,0.09999000149975
0.26,353.88,87.94,179.94,0.0,0.0,0.0,0.09,0.01,0.01,-0.5161879502661796,0.4596194077712559,0.72,0.04,0.26,316.81,87.62,179.75,0.0,0.0,0.0,0.29,0.03,0.01,0.64,0.26,0.67,0.25,0.26,267.19,81.37,102.69,0.0,0.0,0.0,0.05,0.03,0.06,0.48,0.44,0.57,0.5,0.26,15.63,88.56,179.94,0.0,0.0,0.0,0.29,0.03,0.04,0.69,0.1,0.71,0.1
0.27,353.88,87.94,179.94,0.0,0.0,0.0,0.08,0.02,0.0,-0.5161879502661796,0.4596194077712559,0.72,0.04,0.27,316.81,87.62,179.75,0.0,0.0,0.0,0.3,0.02,0.01,0.64,0.26,0.67,0.25,0.27,267.19,81.37,102.69,0.0,0.0,0.0,0.06,0.04,0.05,0.48,0.44,0.57,0.5,0.27,15.63,88.56,179.94,0.0,0.0,0.0,0.27,0.05,0.04,0.69,0.1,0.71,0.1
0.28,353.88,87.94,179.94,0.0,0.0,0.0,0.08,0.02,0.03,-0.5161879502661796,0.4596194077712559,0.72,0.04,0.28,316.81,87.62,179.75,0.0,0.0,0.0,0.285,0.02,0.0199999999999999,0.6436794896951259,0.2614947926886449,0.673851965774585,0.2514373006621585,0.28,267.19,81.37,102.69,0.0,0.01,0.0,0.04,0.02,0.06,0.48,0.44,0.57,0.5,0.28,15.63,88.56,179.94,0.0,0.0,0.0,0.28,0.03,0.02,0.69,0.1,0.71,0.1
0.29,353.88,87.94,179.94,0.0,0.0,0.0,0.07,0.02,0.03,-0.5161879502661796,0.4596194077712559,0.72,0.04,0.29,316.81,87.62,179.75,0.0,0.0,0.0,0.27,0.02,0.03,0.64,0.26,0.67,0.25,0.29,267.19,81.37,102.69,0.0,0.0,0.0,0.05,0.02,0.02,0.48,0.44,0.57,0.5,0.29,15.63,88.56,179.94,0.0,0.0,0.0,0.29,0.04,0.01,0.69,0.1,0.71,0.1
0.3,353.88,87.94,179.94,0.0,0.0,0.0,0.08,0.02,0.01,-0.5161879502661796,0.4596194077712559,0.72,0.04,0.3,316.81,87.62,179.75,0.0,0.0,0.0,0.29,0.02,0.0,0.64,0.26,0.67,0.25,0.3,267.19,81.37,102.69,0.0,0.0,0.0,0.03,0.02,0.04,0.48,0.44,0.57,0.5,0.3,15.63,88.56,179.94,0.0,0.0,0.0,0.27,0.04,0.02,0.69,0.1,0.71,0.1
0.31,353.88,87.94,179.94,0.0,0.0,0.0,0.07,0.01,0.01,-0.5161879502661796,0.4596194077712559,0.72,0.04,0.31,316.81,87.62,179.75,0.0,0.0,0.0,0.31,0.02,0.01,0.64,0.26,0.67,0.25,0.31,267.19,81.37,102.69,0.0,0.0,0.0,0.07,0.05,0.05,0.48,0.44,0.57,0.5,0.31,15.63,88.56,179.94,0.0,0.0,0.0,0.27,0.05,0.02,0.69,0.1,0.71,0.1
0.32,353.88,87.94,179.94,0.0,0.0,0.0,0.08,0.02,0.03,-0.5161879502661796,0.4596194077712559,0.72,0.04,0.32,316.81,87.62,179.75,0.0,0.0,0.0,0.29,0.02,0.0,0.64,0.26,0.67,0.25,0.32,267.19,81.37,102.69,0.0,0.0,0.0,0.055,0.035,0.05,0.4802642179998423,0.4402421998331888,0.5703137588748127,0.5002752270831692,0.32,15.63,88.56,179.94,0.0,0.0,0.0,0.27,0.0,0.03,0.69,0.1,0.71,0.1
0.33,353.88,87.94,179.94,0.0,0.0,0.0,0.1,0.02,0.0,-0.5161879502661796,0.4596194077712559,0.72,0.04,0.33,316.81,87.62,179.75,0.0,0.0,0.0,0.28,0.02,0.0,0.64,0.26,0.67,0.25,0.33,267.19,81.37,102.69,0.0,0.0,0.0,0.04,0.02,0.05,0.48,0.44,0.57,0.5,0.33,15.63,88.56,179.94,0.0,0.0,0.0,0.28,0.03,0.03,0.69,0.1,0.71,0.1
0.34,353.88,87.94,179.94,0.0,0.0,0.0,0.09,0.01,0.02,-0.5161879502661796,0.4596194077712559,0.72,0.04,0.34,316.81,87.62,179.75,0.0,0.0,0.0,0.29,0.02,0.02,0.64,0.26,0.67,0.25,0.34,267.19,81.37,102.69,0.0,0.0,0.0,0.04,0.03,0.03,0.48,0.44,0.57,0.5,0.34,15.63,88.56,179.94,0.0,0.0,0.0,0.27,0.02,0.0,0.69,0.1,0.71,0.1
0.35,353.88,87.94,179.94,0.0,0.0,0.0,0.08,0.02,0.01,-0.5161879502661796,0.4596194077712559,0.72,0.04,0.35,316.81,87.62,179.75,0.0,0.0,0.0,0.28,0.03,0.01,0.64,0.26,0.67,0.25,0.35,267.19,81.37,102.69,0.0,0.0,0.0,0.04,0.02,0.045,0.4802642179998423,0.4402421998331888,0.5703137588748127,0.5002752270831692,0.35,15.63,88.56,179.94,0.0,0.0,0.0,0.265,0.015,0.015,0.6899310103482753,0.09999000149975,0.7099290106482253,0.09999000149975
0.36,353.88,87.94,179.94,0.0,0.0,0.0,0.09,0.01,0.0,-0.5161879502661796,0.4596194077712559,0.72,0.04,0.36,316.81,87.62,179.75,0.0,0.0,0.0,0.28,0.02,0.01,0.64,0.26,0.67,0.25,0.36,267.19,81.37,102.69,0.0,0.0,0.0,0.04,0.01,0.06,0.48,0.44,0.57,0.5,0.36,15.63,88.56,179.94,0.0,0.0,0.0,0.26,0.01,0.03,0.69,0.1,0.71,0.1
0.37,353.88,87.94,179.94,0.0,0.0,0.0,0.09,0.02,0.01,-0.5161879502661796,0.4596194077712559,0.72,0.04,0.37,316.81,87.62,179.75,0.0,0.0,0.0,0.31,0.03,0.01,0.64,0.26,0.67,0.25,0.37,267.19,81.37,102.69,0.0,0.0,0.0,0.06,0.06,0.04,0.48,0.44,0.57,0.5,0.37,15.63,88.56,179.94,0.0,0.0,0.0,0.29,0.02,0.03,0.69,0.1,0.71,0.1
0.38,353.88,87.94,179.94,0.0,0.0,0.0,0.09,0.01,0.0,-0.5161879502661796,0.4596194077712559,0.72,0.04,0.38,316.81,87.62,179.75,0.0,0.0,0.0,0.295,0.025,0.01,0.6436794896951259,0.2614947926886449,0.673851965774585,0.2514373006621585,0.38,267.19,81.37,102.69,0.0,0.0,0.0,0.08,0.02,0.07,0.48,0.44,0.57,0.5,0.38,15.63,88.56,179.94,0.0,0.0,0.0,0.285,0.015,0.025,0.6899310103482753,0.09999000149975,0.7099290106482253,0.09999000149975
0.39,353.88,87.94,179.94,0.0,0.0,0.0,0.1,0.03,0.01,-0.5161879502661796,0.4596194077712559,0.72,0.04,0.39,316.81,87.62,179.75,0.0,0.0,0.0,0.28,0.02,0.01,0.64,0.26,0.67,0.25,0.39,267.19,81.37,102.69,0.0,0.0,0.0,0.04,0.03,0.02,0.48,0.44,0.57,0.5,0.39,15.63,88.56,179.94,0.0,0.0,0.0,0.28,0.01,0.02,0.69,0.1,0.71,0.1
0.4,353.88,87.94,179.94,0.0,0.0,0.0,0.08,0.01,0.03,-0.5161879502661796,0.4596194077712559,0.72,0.04,0.4,316.81,87.62,179.75,0.0,0.0,0.0,0.27,0.01,0.01,0.64,0.26,0.67,0.25,0.4,267.19,81.37,102.69,0.0,0.0,0.0,0.05,0.03,0.06,0.48,0.44,0.57,0.5,0.4,15.63,88.56,179.94,0.0,0.0,0.0,0.26,0.02,0.05,0.69,0.1,0.71,0.1
0.41,353.88,87.94,179.94,0.0,0.0,0.0,0.08,0.01,0.02,-0.5161879502661796,0.4596194077712559,0.72,0.04,0.41,316.81,87.62,179.75,0.0,0.0,0.0,0.32,0.03,0.01,0.64,0.26,0.67,0.25,0.41,267.19,81.37,102.69,0.0,0.0,0.0,0.04,0.02,0.06,0.48,0.44,0.57,0.5,0.41,15.63,88.56,179.94,0.0,0.0,0.0,0.29,0.04,0.03,0.69,0.1,0.71,0.1
0.42,353.88,87.94,179.94,0.0,0.0,0.0,0.08,0.01,0.02,-0.5161879502661796,0.4596194077712559,0.72,0.04,0.42,316.81,87.62,179.75,0.0,0.0,0.0,0.29,0.02,0.04,0.64,0.26,0.67,0.25,0.42,267.19,81.37,102.69,0.0,0.0,0.0,0.06,0.03,0.05,0.48,0.44,0.57,0.5,0.42,15.63,88.56,179.94,0.0,0.0,0.0,0.28,0.02,0.0,0.69,0.1,0.71,0.1
0.43,353.88,87.94,179.94,0.0,0.0,0.0,0.1,0.02,0.02,-0.5161879502661796,0.4596194077712559,0.72,0.04,0.43,316.81,87.62,179.75,0.0,0.0,0.0,0.3,0.01,0.0,0.64,0.26,0.67,0.25,0.43,267.19,81.37,102.69,0.0,0.0,0.0,0.05,0.02,0.07,0.48,0.44,0.57,0.5,0.43,15.63,88.56,179.94,0.0,0.0,0.0,0.29,0.06,0.04,0.69,0.1,0.71,0.1
0.44,353.88,87.94,179.94,0.0,0.0,0.0,0.08,0.01,0.01,-0.5161879502661796,0.4596194077712559,0.72,0.04,0.44,316.81,87.62,179.75,0.0,0.0,0.0,0.27,0.02,0.0,0.64,0.26,0.67,0.25,0.44,267.19,81.37,102.69,0.0,0.0,0.0,0.04,0.01,0.04,0.48,0.44,0.57,0.5,0.44,15.63,88.56,179.94,0.0,0.0,0.0,0.29,0.02,0.01,0.69,0.1,0.71,0.1
0.45,353.88,87.94,179.94,0.0,0.0,0.0,0.1,0.01,0.02,-0.5161879502661796,0.4596194077712559,0.72,0.04,0.45,316.81,87.62,179.75,0.0,0.0,0.0,0.28,0.02,0.0,0.64,0.26,0.67,0.25,0.45,267.19,81.37,102.69,0.0,0.0,0.0,0.05,0.005,0.045,0.4802642179998423,0.4402421998331888,0.5703137588748127,0.5002752270831692,0.45,15.63,88.56,179.94,0.0,0.0,0.0,0.23,0.0,0.04,0.69,0.1,0.71,0.1
0.46,353.88,87.94,179.94,0.0,0.0,0.0,0.09,0.03,0.02,-0.5161879502661796,0.4596194077712559,0.72,0.04,0.46,316.81,87.62,179.75,0.0,0.0,0.0,0.27,0.03,0.0,0.64,0.26,0.67,0.25,0.46,267.19,81.37,102.69,0.0,0.0,0.0,0.06,0.0,0.05,0.48,0.44,0.57,0.5,0.46,15.66,88.56,179.94,0.0,0.0,0.015,0.275,0.02,0.03,0.6899310103482753,0.09999000149975,0.7099290106482253,0.09999000149975
0.47,353.88,87.94,179.94,0.0,0.0,0.0,0.09,0.01,0.0,-0.5161879502661796,0.4596194077712559,0.72,0.04,0.47,316.81,87.62,179.75,0.0,0.0,0.0,0.27,0.025,0.01,0.6436794896951259,0.2614947926886449,0.673851965774585,0.2514373006621585,0.47,267.19,81.37,102.69,0.0,0.0,0.0,0.08,0.05,0.03,0.48,0.44,0.57,0.5,0.47,15.69,88.56,179.94,0.0,0.0,0.03,0.32,0.04,0.02,0.69,0.1,0.71,0.1
0.48,353.88,87.94,179.94,0.0,0.0,0.0,0.08,0.02,0.0,-0.5161879502661796,0.4596194077712559,0.72,0.04,0.48,316.81,87.62,179.75,0.0,0.0,0.0,0.27,0.02,0.02,0.64,0.26,0.67,0.25,0.48,267.19,81.37,102.69,0.0,0.0,0.0,0.05,0.03,0.04,0.48,0.44,0.57,0.5,0.48,15.69,88.56,179.94,0.0,0.01,0.02,0.12,0.04,0.17,0.69,0.1,0.71,0.1
0.49,353.88,87.94,179.94,0.0,0.0,0.0,0.11,0.02,0.03,-0.5161879502661796,0.4596194077712559,0.72,0.04,0.49,316.81,87.62,179.75,0.0,0.0,0.0,0.31,0.02,0.0,0.64,0.26,0.67,0.25,0.49,267.19,81.37,102.69,0.0,0.0,0.0,0.05,0.0,0.03,0.48,0.44,0.57,0.5,0.49,15.69,88.56,179.94,0.11,0.0,0.09,0.25,0.07,0.08,0.69,0.1,0.71,0.1
0.5,353.88,87.94,179.94,0.0,0.0,0.0,0.09,0.02,0.01,-0.5161879502661796,0.4596194077712559,0.72,0.04,0.5,316.81,87.62,179.75,0.0,0.0,0.0,0.295,0.02,0.0,0.6436794896951259,0.2614947926886449,0.673851965774585,0.2514373006621585,0.5,267.19,81.37,102.69,0.0,0.0,0.0,0.07,0.0,0.02,0.48,0.44,0.57,0.5,0.5,15.75,88.62,179.94,0.0,0.06,0.0,0.39,0.95,2.06,0.69,0.1,0.71,0.1
0.51,353.88,87.94,179.94,0.0,0.0,0.0,0.09,0.03,0.02,-0.5161879502661796,0.4596194077712559,0.72,0.04,0.51,316.81,87.62,179.75,0.0,0.0,0.0,0.28,0.02,0.0,0.64,0.26,0.67,0.25,0.51,267.19,81.37,102.69,0.0,0.0,0.0,0.07,0.04,0.04,0.48,0.44,0.57,0.5,0.51,15.44,88.69,179.94,0.33,0.12,0.0,0.32,0.04,0.28,0.69,0.1,0.71,0.09
0.52,353.88,87.94,179.94,0.0,0.0,0.0,0.09,0.02,0.0,-0.5161879502661796,0.4596194077712559,0.72,0.04,0.52,316.81,87.62,179.75,0.0,0.0,0.0,0.31,0.02,0.0,0.64,0.26,0.67,0.25,0.52,267.19,81.37,102.69,0.0,0.0,0.0,0.06,0.04,0.04,0.48,0.44,0.57,0.5,0.52,15.19,88.56,179.94,0.12,0.11,0.01,0.25,0.03,0.02,0.69,0.1,0.71,0.09
0.53,353.88,87.94,179.94,0.0,0.0,0.0,0.09,0.01,0.01,-0.5161879502661796,0.4596194077712559,0.72,0.04,0.53,316.81,87.62,179.75,0.0,0.0,0.0,0.3,0.02,0.0,0.64,0.26,0.67,0.25,0.53,267.19,81.37,102.69,0.0,0.0,0.0,0.055,0.03,0.03,0.4802642179998423,0.4402421998331888,0.5703137588748127,0.5002752270831692,0.53,15.19,88.69,179.94,0.01,0.13,0.0,0.31,0.01,0.01,0.69,0.1,0.71,0.09
0.54,353.88,87.94,179.94,0.0,0.0,0.0,0.08,0.02,0.02,-0.5161879502661796,0.4596194077712559,0.72,0.04,0.54,316.81,87.62,179.75,0.0,0.0,0.0,0.29,0.01,0.02,0.64,0.26,0.67,0.25,0.54,267.19,81.37,102.69,0.0,0.0,0.0,0.05,0.02,0.02,0.48,0.44,0.57,0.5,0.54,15.19,88.81,179.94,0.0,0.1,0.0,0.22,0.02,0.07,0.69,0.1,0.71,0.09
0.55,353.88,87.94,179.94,0.0,0.0,0.0,0.09,0.01,0.02,-0.5161879502661796,0.4596194077712559,0.72,0.04,0.55,316.81,87.62,179.75,0.0,0.0,0.0,0.3,0.02,0.0,0.64,0.26,0.67,0.25,0.55,267.19,81.37,102.69,0.0,0.0,0.0,0.06,0.04,0.03,0.48,0.44,0.57,0.5,0.55,15.19,89.0,179.94,0.0,0.15,0.0,0.26,0.03,0.03,0.69,0.1,0.71,0.09
0.56,353.88,87.94,179.94,0.0,0.0,0.0,0.09,0.02,0.02,-0.5161879502661796,0.4596194077712559,0.72,0.04,0.56,316.81,87.62,179.75,0.0,0.0,0.0,0.28,0.03,0.0,0.64,0.26,0.67,0.25,0.56,267.19,81.37,102.69,0.0,0.0,0.0,0.04,0.04,0.04,0.48,0.44,0.57,0.5,0.56,15.19,89.25,179.94,0.0,0.21,0.005,0.275,0.03,0.02,0.695983772359075,0.0951344724807368,0.7059979273570474,0.0901273949817507
0.57,353.88,87.94,179.94,0.0,0.0,0.0,0.08,0.01,0.01,-0.5161879502661796,0.4596194077712559,0.72,0.04,0.57,316.81,87.62,179.75,0.0,0.0,0.0,0.29,0.02,0.03,0.64,0.26,0.67,0.25,0.57,267.19,81.37,102.69,0.0,0.0,0.0,0.06,0.02,0.05,0.48,0.44,0.57,0.5,0.57,15.19,89.5,179.94,0.0,0.27,0.01,0.29,0.03,0.01,0.7,0.09,0.7,0.09
0.58,353.88,87.94,179.94,0.0,0.0,0.0,0.08,0.01,0.01,-0.5161879502661796,0.4596194077712559,0.72,0.04,0.58,316.81,87.62,179.75,0.0,0.0,0.0,0.295,0.03,0.015,0.6436794896951259,0.2614947926886449,0.673851965774585,0.2514373006621585,0.58,267.19,81.37,102.69,0.0,0.0,0.0,0.04,0.03,0.05,0.48,0.44,0.57,0.5,0.58,15.19,89.81,179.94,0.01,0.27,0.01,0.3,0.02,0.0,0.7,0.09,0.7,0.09
0.59,353.88,87.94,179.94,0.0,0.0,0.0,0.07,0.03,0.02,-0.5161879502661796,0.4596194077712559,0.72,0.04,0.59,316.81,87.62,179.75,0.0,0.0,0.0,0.3,0.04,0.0,0.64,0.26,0.67,0.25,0.59,267.19,81.37,102.69,0.0,0.0,0.0,0.05,0.02,0.0,0.48,0.44,0.57,0.5,0.59,15.19,89.715,89.97,0.01,0.255,0.005,0.29,0.015,0.015,0.7013338025432978,0.090171488898424,0.7013338025432978,0.090171488898424
0.6,353.88,87.94,179.94,0.0,0.0,0.0,0.09,0.03,0.03,-0.5161879502661796,0.4596194077712559,0.72,0.04,0.6,316.81,87.62,179.75,0.0,0.0,0.0,0.28,0.03,0.0,0.64,0.26,0.67,0.25,0.6,267.19,81.37,102.69,0.0,0.0,0.0,0.03,0.04,0.06,0.48,0.44,0.57,0.5,0.6,15.19,89.62,0.0,0.01,0.24,0.0,0.28,0.01,0.03,0.7,0.09,0.7,0.09
0.61,353.88,87.94,179.94,0.0,0.0,0.0,0.09,0.01,0.01,-0.5161879502661796,0.4596194077712559,0.72,0.04,0.61,316.81,87.62,179.75,0.0,0.0,0.0,0.29,0.01,0.0,0.64,0.26,0.67,0.25,0.61,267.19,81.37,102.69,0.0,0.0,0.0,0.04,0.01,0.04,0.48,0.44,0.57,0.5,0.61,15.19,89.31,0.0,0.0,0.3,0.01,0.26,0.06,0.07,0.7,0.09,0.7,0.09
0.62,353.88,87.94,179.94,0.0,0.0,0.0,0.08,0.01,0.02,-0.5161879502661796,0.4596194077712559,0.72,0.04,0.62,316.81,87.62,179.75,0.0,0.0,0.0,0.28,0.02,0.01,0.64,0.26,0.67,0.25,0.62,267.19,81.37,102.69,0.0,0.0,0.0,0.06,0.04,0.03,0.48,0.44,0.57,0.5,0.62,15.19,88.94,0.0,0.0,0.33,0.01,0.29,0.02,0.07,0.71,0.09,0.69,0.09
0.63,353.88,87.94,179.94,0.0,0.0,0.0,0.09,0.03,0.02,-0.5161879502661796,0.4596194077712559,0.72,0.04,0.63,316.81,87.62,179.75,0.0,0.0,0.0,0.28,0.03,0.0,0.64,0.26,0.67,0.25,0.63,267.19,81.37,102.69,0.0,0.0,0.0,0.06,0.035,0.03,0.4802642179998423,0.4402421998331888,0.5703137588748127,0.5002752270831692,0.63,15.19,88.56,0.0,0.03,0.39,0.01,0.29,0.06,0.06,0.71,0.09,0.69,0.09
0.64,353.88,87.94,179.94,0.0,0.0,0.0,0.0849999999999999,0.02,0.02,-0.5167825923634335,0.4601488836112764,0.7208294310430958,0.0400460795023942,0.64,316.81,87.62,179.75,0.0,0.0,0.0,0.29,0.02,0.01,0.64,0.26,0.67,0.25,0.64,267.19,81.37,102.69,0.0,0.0,0.0,0.06,0.03,0.03,0.48,0.44,0.57,0.5,0.64,15.13,88.06,0.0,0.05,0.44,0.0,0.3,0.06,0.12,0.71,0.09,0.69,0.09
0.65,353.88,87.94,179.94,0.0,0.0,0.0,0.08,0.01,0.02,-0.5161879502661796,0.4596194077712559,0.72,0.04,0.65,316.81,87.62,179.75,0.0,0.0,0.0,0.28,0.03,0.01,0.64,0.26,0.67,0.25,0.65,267.19,81.37,102.69,0.0,0.0,0.0,0.06,0.04,0.05,0.48,0.44,0.57,0.5,0.65,15.13,87.56,0.0,0.01,0.47,0.01,0.3,0.03,0.01,0.72,0.09,0.69,0.1
0.66,353.88,87.94,179.94,0.0,0.0,0.0,0.1,0.01,0.03,-0.5161879502661796,0.4596194077712559,0.72,0.04,0.66,316.81,87.62,179.75,0.0,0.0,0.0,0.28,0.02,0.0,0.64,0.26,0.67,0.25,0.66,267.19,81.37,102.69,0.0,0.0,0.0,0.05,0.02,0.04,0.48,0.44,0.57,0.5,0.66,15.13,87.0,0.0,0.01,0.5,0.01,0.33,0.03,0.01,0.72,0.09,0.68,0.1
0.67,353.88,87.94,179.94,0.0,0.0,0.0,0.08,0.05,0.01,-0.5161879502661796,0.4596194077712559,0.72,0.04,0.67,316.81,87.62,179.75,0.0,0.0,0.0,0.29,0.01,0.0,0.64,0.26,0.67,0.25,0.67,267.19,81.37,102.69,0.0,0.0,0.0,0.05,0.04,0.03,0.48,0.44,0.57,0.5,0.67,15.13,86.44,0.0,0.01,0.51,0.01,0.32,0.03,0.02,0.72,0.09,0.68,0.1
0.68,353.88,87.94,179.94,0.0,0.0,0.0,0.07,0.03,0.03,-0.5161879502661796,0.4596194077712559,0.72,0.04,0.68,316.81,87.62,179.75,0.0,0.0,0.0,0.285,0.0199999999999999,0.0,0.6436794896951259,0.2614947926886449,0.673851965774585,0.2514373006621585,0.68,267.19,81.37,102.69,0.0,0.0,0.0,0.04,0.04,0.06,0.48,0.44,0.57,0.5,0.68,15.13,85.81,0.0,0.01,0.54,0.01,0.27,0.03,0.0,0.73,0.09,0.68,0.1
0.69,353.88,87.94,179.94,0.0,0.0,0.0,0.07,0.02,0.0,-0.5161879502661796,0.4596194077712559,0.72,0.04,0.69,316.81,87.62,179.75,0.0,0.0,0.0,0.28,0.03,0.0,0.64,0.26,0.67,0.25,0.69,267.19,81.37,102.69,0.0,0.0,0.0,0.04,0.02,0.03,0.48,0.44,0.57,0.5,0.69,15.13,85.34,0.0,0.0349999999999999,0.585,0.005,0.3,0.055,0.01,0.7275938241077038,0.0897033481776621,0.6727751113324658,0.099670386864069
0.7,353.88,87.94,179.94,0.0,0.0,0.0,0.07,0.02,0.02,-0.5161879502661796,0.4596194077712559,0.72,0.04,0.7,316.81,87.62,179.75,0.0,0.0,0.0,0.3,0.03,0.0,0.64,0.26,0.67,0.25,0.7,267.19,81.37,102.69,0.0,0.0,0.0,0.05,0.01,0.03,0.48,0.44,0.57,0.5,0.7,15.13,84.87,0.0,0.06,0.63,0.0,0.33,0.08,0.02,0.73,0.09,0.67,0.1
0.71,353.88,87.94,179.94,0.0,0.01,0.0,0.1,0.01,0.01,-0.5161879502661796,0.4596194077712559,0.72,0.04,0.71,316.81,87.62,179.75,0.0,0.0,0.0,0.31,0.02,0.03,0.64,0.26,0.67,0.25,0.71,267.19,81.37,102.69,0.0,0.0,0.0,0.05,0.04,0.04,0.48,0.44,0.57,0.5,0.71,15.06,84.13,0.0,0.01,0.67,0.02,0.31,0.19,0.34,0.74,0.09,0.66,0.1
0.72,353.88,87.94,179.94,0.0,0.0,0.0,0.09,0.02,0.02,-0.5161879502661796,0.4596194077712559,0.72,0.04,0.72,316.81,87.62,179.75,0.0,0.0,0.0,0.3,0.02,0.0,0.64,0.26,0.67,0.25,0.72,267.19,81.37,102.69,0.0,0.0,0.0,0.04,0.02,0.02,0.48,0.44,0.57,0.5,0.72,15.13,83.44,0.0,0.04,0.7,0.01,0.36,0.06,0.11,0.74,0.09,0.66,0.1
0.73,353.88,87.94,179.94,0.0,0.0,0.0,0.07,0.02,0.0,-0.5161879502661796,0.4596194077712559,0.72,0.04,0.73,316.81,87.62,179.75,0.0,0.0,0.0,0.29,0.01,0.01,0.64,0.26,0.67,0.25,0.73,267.19,81.37,102.69,0.0,0.0,0.0,0.07,0.03,0.05,0.48,0.44,0.57,0.5,0.73,15.06,82.62,0.0,0.04,0.73,0.0,0.34,0.06,0.07,0.74,0.09,0.65,0.1
0.74,353.88,87.94,179.94,0.0,0.0,0.0,0.11,0.01,0.02,-0.5161879502661796,0.4596194077712559,0.72,0.04,0.74,316.81,87.62,179.75,0.0,0.0,0.0,0.32,0.02,0.02,0.64,0.26,0.67,0.25,0.74,267.19,81.37,102.69,0.0,0.0,0.0,0.05,0.02,0.02,0.48,0.44,0.57,0.5,0.74,15.0,81.81,0.06,0.06,0.72,0.0,0.36,0.02,0.07,0.75,0.09,0.65,0.1
0.75,353.88,87.94,179.94,0.0,0.0,0.0,0.07,0.02,0.01,-0.5161879502661796,0.4596194077712559,0.72,0.04,0.75,316.81,87.62,179.75,0.0,0.0,0.0,0.29,0.02,0.0,0.64,0.26,0.67,0.25,0.75,267.19,81.37,102.69,0.0,0.0,0.0,0.02,0.01,0.03,0.48,0.44,0.57,0.5,0.75,14.94,81.0,0.13,0.09,0.72,0.01,0.35,0.07,0.0,0.75,0.08,0.64,0.1
0.76,353.88,87.94,179.94,0.0,0.0,0.0,0.09,0.01,0.02,-0.5161879502661796,0.4596194077712559,0.72,0.04,0.76,316.81,87.62,179.75,0.0,0.0,0.0,0.28,0.03,0.0,0.64,0.26,0.67,0.25,0.76,267.19,81.37,102.69,0.0,0.0,0.0,0.0399999999999999,0.0199999999999999,0.02,0.4802642179998423,0.4402421998331888,0.5703137588748127,0.5002752270831692,0.76,14.87,80.19,0.19,0.04,0.77,0.01,0.34,0.08,0.03,0.76,0.08,0.64,0.1
0.77,353.88,87.94,179.94,0.0,0.0,0.0,0.09,0.05,0.04,-0.5161879502661796,0.4596194077712559,0.72,0.04,0.77,316.81,87.62,179.75,0.0,0.0,0.0,0.28,0.02,0.07,0.64,0.26,0.67,0.25,0.77,267.19,81.37,102.69,0.0,0.0,0.0,0.06,0.03,0.01,0.48,0.44,0.57,0.5,0.77,14.81,79.31,0.19,0.01,0.79,0.01,0.36,0.05,0.05,0.76,0.08,0.63,0.1
0.78,353.88,87.94,179.94,0.0,0.0,0.0,0.07,0.0,0.0,-0.5161879502661796,0.4596194077712559,0.72,0.04,0.78,316.81,87.62,179.75,0.0,0.0,0.0,0.28,0.025,0.045,0.6436794896951259,0.2614947926886449,0.673851965774585,0.2514373006621585,0.78,267.19,81.37,102.69,0.0,0.0,0.0,0.05,0.05,0.05,0.48,0.44,0.57,0.5,0.78,14.87,78.44,0.13,0.02,0.81,0.01,0.35,0.01,0.05,0.77,0.08,0.63,0.1
0.79,353.88,87.94,179.94,0.0,0.0,0.0,0.08,0.02,0.0,-0.5161879502661796,0.4596194077712559,0.72,0.04,0.79,316.81,87.62,179.75,0.0,0.0,0.0,0.28,0.03,0.02,0.64,0.26,0.67,0.25,0.79,267.19,81.37,102.69,0.0,0.0,0.0,0.05,0.02,0.0,0.48,0.44,0.57,0.5,0.79,14.87,77.565,0.19,0.02,0.8,0.015,0.36,0.025,0.06,0.7720525253957338,0.0796957445569789,0.6226230043513982,0.0996196806962237
0.8,353.88,87.94,179.94,0.0,0.0,0.0,0.1,0.03,0.02,-0.5161879502661796,0.4596194077712559,0.72,0.04,0.8,316.81,87.62,179.75,0.0,0.0,0.0,0.3,0.03,0.0,0.64,0.26,0.67,0.25,0.8,267.19,81.37,102.69,0.0,0.0,0.0,0.03,0.02,0.04,0.48,0.44,0.57,0.5,0.8,14.87,76.69,0.25,0.02,0.79,0.02,0.37,0.04,0.07,0.78,0.08,0.62,0.1
0.81,353.88,87.94,179.94,0.0,0.0,0.0,0.09,0.01,0.01,-0.5161879502661796,0.4596194077712559,0.72,0.04,0.81,316.81,87.62,179.75,0.0,0.0,0.0,0.29,0.01,0.01,0.64,0.26,0.67,0.25,0.81,267.19,81.37,102.69,0.0,0.0,0.0,0.06,0.02,0.06,0.48,0.44,0.57,0.5,0.81,14.94,75.75,0.31,0.01,0.81,0.02,0.42,0.03,0.04,0.78,0.08,0.61,0.1
0.82,353.88,87.94,179.94,0.0,0.0,0.0,0.07,0.01,0.02,-0.5161879502661796,0.4596194077712559,0.72,0.04,0.82,316.81,87.62,179.75,0.0,0.0,0.0,0.28,0.02,0.03,0.64,0.26,0.67,0.25,0.82,267.19,81.37,102.69,0.0,0.0,0.0,0.03,0.04,0.04,0.48,0.44,0.57,0.5,0.82,14.94,74.87,0.31,0.0,0.81,0.01,0.38,0.01,0.08,0.79,0.08,0.6,0.1
0.83,353.88,87.94,179.94,0.0,0.0,0.0,0.08,0.01,0.0,-0.5161879502661796,0.4596194077712559,0.72,0.04,0.83,316.81,87.62,179.75,0.0,0.0,0.0,0.28,0.03,0.01,0.64,0.26,0.67,0.25,0.83,267.19,81.37,102.69,0.0,0.0,0.0,0.04,0.02,0.03,0.48,0.44,0.57,0.5,0.83,14.94,73.94,0.25,0.0,0.8,0.01,0.41,0.0,0.07,0.79,0.08,0.6,0.1
0.84,353.88,87.94,179.94,0.0,0.0,0.0,0.1,0.02,0.01,-0.5161879502661796,0.4596194077712559,0.72,0.04,0.84,316.81,87.62,179.75,0.0,0.0,0.0,0.27,0.02,0.0,0.64,0.26,0.67,0.25,0.84,267.19,81.37,102.69,0.0,0.0,0.0,0.04,0.03,0.02,0.48,0.44,0.57,0.5,0.84,14.94,73.06,0.31,0.03,0.81,0.02,0.26,0.37,0.71,0.8,0.08,0.59,0.1
0.85,353.88,87.94,179.94,0.0,0.0,0.0,0.08,0.01,0.01,-0.5161879502661796,0.4596194077712559,0.72,0.04,0.85,316.81,87.62,179.75,0.0,0.0,0.0,0.29,0.02,0.0,0.64,0.26,0.67,0.25,0.85,267.19,81.37,102.69,0.0,0.0,0.0,0.04,0.02,0.04,0.48,0.44,0.57,0.5,0.85,14.94,72.19,0.44,0.02,0.77,0.01,0.21,0.21,0.73,0.8,0.08,0.58,0.11
0.86,353.88,87.94,179.94,0.0,0.0,0.0,0.08,0.01,0.01,-0.5161879502661796,0.4596194077712559,0.72,0.04,0.86,316.81,87.62,179.75,0.0,0.0,0.0,0.26,0.02,0.01,0.64,0.26,0.67,0.25,0.86,267.19,81.37,102.69,0.0,0.0,0.0,0.045,0.02,0.045,0.4802642179998423,0.4402421998331888,0.5703137588748127,0.5002752270831692,0.86,14.81,71.5,0.31,0.1,0.58,0.06,0.42,0.08,0.03,0.8,0.07,0.58,0.1
0.87,353.88,87.94,179.94,0.0,0.0,0.0,0.09,0.015,0.01,-0.5167825923634335,0.4601488836112764,0.7208294310430958,0.0400460795023942,0.87,316.81,87.62,179.75,0.0,0.0,0.0,0.27,0.02,0.02,0.64,0.26,0.67,0.25,0.87,267.19,81.37,102.69,0.0,0.0,0.0,0.05,0.02,0.05,0.48,0.44,0.57,0.5,0.87,14.75,70.81,0.19,0.01,0.63,0.03,0.52,0.03,0.21,0.81,0.07,0.58,0.1
0.88,353.88,87.94,179.94,0.0,0.0,0.0,0.1,0.02,0.01,-0.5161879502661796,0.4596194077712559,0.72,0.04,0.88,316.81,87.62,179.75,0.0,0.0,0.0,0.28,0.02,0.03,0.64,0.26,0.67,0.25,0.88,267.19,81.37,102.69,0.0,0.0,0.0,0.06,0.02,0.04,0.48,0.44,0.57,0.5,0.88,14.69,70.06,0.25,0.08,0.75,0.0,0.46,0.0,0.0,0.81,0.07,0.57,0.1
0.89,353.88,87.94,179.94,0.0,0.0,0.0,0.09,0.02,0.02,-0.5161879502661796,0.4596194077712559,0.72,0.04,0.89,316.81,87.62,179.75,0.0,0.0,0.0,0.29,0.03,0.0,0.64,0.26,0.67,0.25,0.89,267.19,81.37,102.69,0.0,0.0,0.0,0.05,0.02,0.01,0.48,0.44,0.57,0.5,0.89,14.63,69.19,0.37,0.12,0.77,0.0,0.28,0.04,0.41,0.82,0.07,0.56,0.1
0.9,353.88,87.94,179.94,0.0,0.0,0.0,0.09,0.0,0.02,-0.5161879502661796,0.4596194077712559,0.72,0.04,0.9,316.81,87.62,179.75,0.0,0.0,0.0,0.31,0.03,0.0,0.64,0.26,0.67,0.25,0.9,267.19,81.37,102.69,0.0,0.0,0.0,0.05,0.05,0.05,0.48,0.44,0.57,0.5,0.9,14.5,68.37,0.25,0.05,0.71,0.07,0.71,0.51,0.65,0.82,0.07,0.56,0.1
0.91,353.88,87.94,179.94,0.0,0.0,0.0,0.08,0.02,0.02,-0.5161879502661796,0.4596194077712559,0.72,0.04,0.91,316.81,87.62,179.75,0.0,0.0,0.0,0.29,0.03,0.0,0.64,0.26,0.67,0.25,0.91,267.19,81.37,102.69,0.0,0.0,0.0,0.06,0.03,0.03,0.48,0.44,0.57,0.5,0.91,14.5,67.37,0.37,0.03,0.99,0.06,0.6,0.17,0.3,0.83,0.07,0.55,0.11
0.92,353.88,87.94,179.94,0.0,0.0,0.0,0.08,0.03,0.02,-0.5161879502661796,0.4596194077712559,0.72,0.04,0.92,316.81,87.62,179.75,0.0,0.0,0.0,0.28,0.02,0.0,0.64,0.26,0.67,0.25,0.92,267.19,81.37,102.69,0.0,0.0,0.0,0.07,0.01,0.06,0.48,0.44,0.57,0.5,0.92,14.5,66.25,0.56,0.03,1.0,0.03,0.24,0.08,0.55,0.83,0.07,0.54,0.11
0.93,353.88,87.94,179.94,0.0,0.0,0.0,0.1,0.02,0.01,-0.5161879502661796,0.4596194077712559,0.72,0.04,0.93,316.81,87.62,179.75,0.0,0.0,0.0,0.32,0.03,0.0,0.64,0.26,0.67,0.25,0.93,267.19,81.37,102.69,0.0,0.0,0.0,0.03,0.01,0.05,0.48,0.44,0.57,0.5,0.93,14.44,65.25,0.44,0.02,0.86,0.05,0.42,0.19,0.11,0.84,0.07,0.54,0.11
0.94,353.88,87.94,179.94,0.0,0.0,0.0,0.09,0.02,0.02,-0.5161879502661796,0.4596194077712559,0.72,0.04,0.94,316.81,87.62,179.75,0.0,0.0,0.0,0.3,0.03,0.0,0.64,0.26,0.67,0.25,0.94,267.19,81.37,102.69,0.0,0.0,0.0,0.06,0.0,0.02,0.48,0.44,0.57,0.5,0.94,14.5,64.19,0.37,0.07,1.05,0.03,0.56,0.21,0.11,0.84,0.07,0.53,0.11
0.95,353.88,87.94,179.94,0.0,0.0,0.0,0.07,0.01,0.02,-0.5161879502661796,0.4596194077712559,0.72,0.04,0.95,316.81,87.62,179.75,0.0,0.0,0.0,0.28,0.03,0.04,0.64,0.26,0.67,0.25,0.95,267.19,81.37,102.69,0.0,0.0,0.0,0.03,0.03,0.06,0.48,0.44,0.57,0.5,0.95,14.655,63.22,0.3399999999999999,0.07,1.13,0.065,0.525,0.1149999999999999,0.095,0.8446833031308592,0.0649756387023737,0.5198051096189903,0.1099587731886325
0.96,353.88,87.94,179.94,0.0,0.0,0.0,0.09,0.02,0.0,-0.5161879502661796,0.4596194077712559,0.72,0.04,0.96,316.81,87.62,179.75,0.0,0.0,0.0,0.27,0.02,0.01,0.64,0.26,0.67,0.25,0.96,267.19,81.37,102.69,0.0,0.0,0.0,0.04,0.03,0.07,0.48,0.44,0.57,0.5,0.96,14.81,62.25,0.31,0.07,1.21,0.1,0.49,0.02,0.08,0.85,0.06,0.51,0.11
0.97,353.88,87.94,179.94,0.0,0.0,0.0,0.09,0.015,0.005,-0.5167825923634335,0.4601488836112764,0.7208294310430958,0.0400460795023942,0.97,316.81,87.62,179.75,0.0,0.0,0.0,0.29,0.02,0.0,0.64,0.26,0.67,0.25,0.97,267.19,81.37,102.69,0.0,0.0,0.0,0.04,0.04,0.01,0.48,0.44,0.57,0.5,0.97,14.94,60.88,0.44,0.06,1.22,0.1,0.53,0.01,0.03,0.86,0.06,0.5,0.11
0.98,353.88,87.94,179.94,0.0,0.0,0.0,0.09,0.01,0.01,-0.5161879502661796,0.4596194077712559,0.72,0.04,0.98,316.81,87.62,179.75,0.0,0.0,0.0,0.3,0.03,0.0,0.64,0.26,0.67,0.25,0.98,267.19,81.37,102.69,0.0,0.0,0.0,0.05,0.04,0.05,0.48,0.44,0.57,0.5,0.98,15.125,59.505,0.565,0.11,1.245,0.115,0.575,0.14,0.045,0.8627811914793299,0.0598460942066587,0.4887431026877128,0.1147050138960958
0.99,353.88,87.94,179.94,0.0,0.0,0.0,0.1,0.01,0.02,-0.5161879502661796,0.4596194077712559,0.72,0.04,0.99,316.81,87.62,179.75,0.0,0.0,0.0,0.29,0.03,0.0,0.6436794896951259,0.2614947926886449,0.673851965774585,0.2514373006621585,0.99,267.19,81.37,102.69,0.0,0.0,0.0,0.05,0.02,0.02,0.48,0.44,0.57,0.5,0.99,15.31,58.13,0.69,0.16,1.27,0.13,0.62,0.27,0.06,0.87,0.06,0.48,0.12
1.0,353.88,87.94,179.94,0.0,0.0,0.0,0.08,0.03,0.01,-0.5161879502661796,0.4596194077712559,0.72,0.04,1.0,316.81,87.62,179.75,0.0,0.0,0.0,0.28,0.03,0.0,0.64,0.26,0.67,0.25,1.0,267.19,81.37,102.69,0.0,0.0,0.0,0.05,0.03,0.04,0.48,0.44,0.57,0.5,1.0,15.56,56.69,0.75,0.1,1.26,0.09,0.56,0.08,0.03,0.87,0.06,0.47,0.12
1.01,353.88,87.94,179.94,0.0,0.0,0.0,0.08,0.01,0.01,-0.5161879502661796,0.4596194077712559,0.72,0.04,1.01,316.81,87.62,179.75,0.0,0.0,0.0,0.29,0.03,0.0,0.64,0.26,0.67,0.25,1.01,267.19,81.37,102.69,0.0,0.0,0.0,0.05,0.03,0.03,0.4802642179998423,0.4402421998331888,0.5703137588748127,0.5002752270831692,1.01,15.69,55.31,0.75,0.12,1.38,0.11,0.73,0.11,0.16,0.88,0.06,0.46,0.12
1.02,353.88,87.94,179.94,0.0,0.0,0.0,0.09,0.03,0.0,-0.5161879502661796,0.4596194077712559,0.72,0.04,1.02,316.81,87.62,179.75,0.0,0.0,0.0,0.3,0.02,0.0,0.64,0.26,0.67,0.25,1.02,267.19,81.37,102.69,0.0,0.0,0.0,0.05,0.03,0.02,0.48,0.44,0.57,0.5,1.02,15.88,53.69,0.75,0.2,1.57,0.18,0.63,0.15,0.0,0.88,0.06,0.45,0.12
1.03,353.88,87.94,179.94,0.0,0.0,0.0,0.08,0.01,0.01,-0.5161879502661796,0.4596194077712559,0.72,0.04,1.03,316.81,87.62,179.75,0.0,0.0,0.0,0.3,0.03,0.01,0.64,0.26,0.67,0.25,1.03,267.19,81.37,102.69,0.0,0.0,0.0,0.06,0.02,0.05,0.48,0.44,0.57,0.5,1.03,16.19,51.94,0.75,0.22,1.63,0.2,0.75,0.18,0.11,0.89,0.06,0.43,0.13
1.04,353.88,87.94,179.94,0.0,0.0,0.0,0.09,0.02,0.01,-0.5161879502661796,0.4596194077712559,0.72,0.04,1.04,316.81,87.62,179.75,0.0,0.0,0.0,0.29,0.02,0.0,0.64,0.26,0.67,0.25,1.04,267.19,81.37,102.69,0.0,0.0,0.0,0.055,0.02,0.045,0.4802642179998423,0.4402421998331888,0.5703137588748127,0.5002752270831692,1.04,16.56,50.06,0.75,0.24,1.74,0.2,0.88,0.19,0.17,0.9,0.06,0.42,0.13
1.05,353.88,87.94,179.94,0.0,0.0,0.0,0.09,0.01,0.02,-0.5161879502661796,0.4596194077712559,0.72,0.04,1.05,316.81,87.62,179.75,0.0,0.0,0.0,0.28,0.02,0.02,0.64,0.26,0.67,0.25,1.05,267.19,81.37,102.69,0.0,0.0,0.0,0.05,0.02,0.04,0.48,0.44,0.57,0.5,1.05,16.87,48.13,0.75,0.23,1.77,0.21,0.5,0.26,0.12,0.9,0.06,0.4,0.13
1.06,353.88,87.94,179.94,0.0,0.0,0.0,0.09,0.01,0.01,-0.5161879502661796,0.4596194077712559,0.72,0.04,1.06,316.81,87.62,179.75,0.0,0.0,0.0,0.3,0.03,0.02,0.64,0.26,0.67,0.25,1.06,267.19,81.37,102.69,0.0,0.0,0.0,0.05,0.03,0.04,0.48,0.44,0.57,0.5,1.06,17.12,46.13,0.81,0.09,1.8,0.16,0.62,0.16,0.15,0.91,0.05,0.39,0.14
1.07,353.88,87.94,179.94,0.0,0.0,0.0,0.1,0.01,0.01,-0.5161879502661796,0.4596194077712559,0.72,0.04,1.07,316.81,87.62,179.75,0.0,0.0,0.0,0.29,0.03,0.0,0.64,0.26,0.67,0.25,1.07,267.19,81.37,102.69,0.0,0.0,0.0,0.05,0.03,0.04,0.48,0.44,0.57,0.5,1.07,17.25,44.19,0.81,0.07,1.67,0.09,0.6,0.12,0.16,0.92,0.05,0.37,0.14
1.08,353.88,87.94,179.94,0.0,0.0,0.0,0.09,0.01,0.0,-0.5161879502661796,0.4596194077712559,0.72,0.04,1.08,316.81,87.62,179.75,0.0,0.0,0.0,0.28,0.03,0.0,0.64,0.26,0.67,0.25,1.08,267.19,81.37,102.69,0.0,0.0,0.0,0.03,0.04,0.05,0.48,0.44,0.57,0.5,1.08,17.37,42.38,0.81,0.05,1.63,0.09,0.3,0.69,0.28,0.92,0.05,0.36,0.14
1.09,353.88,87.94,179.94,0.0,0.0,0.0,0.07,0.0,0.0,-0.5161879502661796,0.4596194077712559,0.72,0.04,1.09,316.81,87.62,179.75,0.0,0.0,0.0,0.3,0.02,0.01,0.64,0.26,0.67,0.25,1.09,267.19,81.37,102.69,0.0,0.0,0.0,0.03,0.03,0.04,0.48,0.44,0.57,0.5,1.09,17.44,40.69,0.81,0.01,1.39,0.0,0.23,0.07,0.43,0.93,0.05,0.34,0.14
1.1,353.88,87.94,179.94,0.0,0.0,0.0,0.1,0.02,0.03,-0.5161879502661796,0.4596194077712559,0.72,0.04,1.1,316.81,87.62,179.75,0.0,0.0,0.0,0.28,0.01,0.0,0.64,0.26,0.67,0.25,1.1,267.19,81.37,102.69,0.0,0.0,0.0,0.06,0.03,0.03,0.48,0.44,0.57,0.5,1.1,17.44,39.19,0.81,0.0,1.33,0.0,0.74,0.21,0.08,0.93,0.05,0.33,0.14
1.11,353.88,87.94,179.94,0.0,0.0,0.0,0.09,0.02,0.02,-0.5161879502661796,0.4596194077712559,0.72,0.04,1.11,316.81,87.62,179.75,0.0,0.0,0.0,0.29,0.02,0.0,0.64,0.26,0.67,0.25,1.11,267.19,81.37,102.69,0.0,0.0,0.0,0.04,0.04,0.02,0.48,0.44,0.57,0.5,1.11,17.5,37.72,0.81,0.025,1.33,0.04,0.715,0.14,0.11,0.9351519745447988,0.0450073142829047,0.3200520126784337,0.1450235682449153
1.12,353.88,87.94,179.94,0.0,0.0,0.0,0.1,0.01,0.0,-0.5161879502661796,0.4596194077712559,0.72,0.04,1.12,316.81,87.62,179.75,0.0,0.0,0.0,0.28,0.03,0.02,0.64,0.26,0.67,0.25,1.12,267.19,81.37,102.69,0.0,0.0,0.0,0.04,0.02,0.02,0.48,0.44,0.57,0.5,1.12,17.56,36.25,0.81,0.05,1.33,0.08,0.69,0.07,0.14,0.94,0.04,0.31,0.15
1.13,353.88,87.94,179.94,0.0,0.0,0.0,0.08,0.01,0.0,-0.5161879502661796,0.4596194077712559,0.72,0.04,1.13,316.81,87.62,179.75,0.0,0.0,0.0,0.27,0.03,0.0,0.64,0.26,0.67,0.25,1.13,267.19,81.37,102.69,0.0,0.0,0.0,0.03,0.03,0.07,0.48,0.44,0.57,0.5,1.13,17.62,34.81,0.81,0.06,1.31,0.07,1.05,0.66,0.05,0.94,0.04,0.3,0.15
1.14,353.88,87.94,179.94,0.0,0.0,0.0,0.09,0.02,0.02,-0.5161879502661796,0.4596194077712559,0.72,0.04,1.14,316.81,87.62,179.75,0.0,0.0,0.0,0.27,0.02,0.0,0.64,0.26,0.67,0.25,1.14,267.19,81.37,102.69,0.0,0.0,0.0,0.05,0.03,0.02,0.48,0.44,0.57,0.5,1.14,17.69,33.31,0.75,0.05,1.33,0.07,1.02,0.2,0.06,0.95,0.04,0.28,0.15
1.15,353.88,87.94,179.94,0.0,0.0,0.0,0.0849999999999999,0.02,0.01,-0.5167825923634335,0.4601488836112764,0.7208294310430958,0.0400460795023942,1.15,316.81,87.62,179.75,0.0,0.0,0.0,0.29,0.02,0.0,0.64,0.26,0.67,0.25,1.15,267.19,81.37,102.69,0.0,0.0,0.0,0.05,0.03,0.06,0.48,0.44,0.57,0.5,1.15,17.94,31.75,0.75,0.11,1.44,0.22,0.75,0.38,0.11,0.95,0.04,0.27,0.15
1.16,353.88,87.94,179.94,0.0,0.0,0.0,0.08,0.02,0.0,-0.5161879502661796,0.4596194077712559,0.72,0.04,1.16,316.81,87.62,179.75,0.0,0.0,0.0,0.295,0.02,0.0,0.6436794896951259,0.2614947926886449,0.673851965774585,0.2514373006621585,1.16,267.19,81.37,102.69,0.0,0.0,0.0,0.05,0.04,0.02,0.48,0.44,0.57,0.5,1.16,18.12,30.19,0.75,0.06,1.38,0.1,0.3,0.56,0.26,0.95,0.03,0.26,0.15
1.17,353.88,87.94,179.94,0.0,0.0,0.0,0.08,0.01,0.03,-0.5161879502661796,0.4596194077712559,0.72,0.04,1.17,316.81,87.62,179.75,0.0,0.0,0.0,0.3,0.02,0.0,0.64,0.26,0.67,0.25,1.17,267.19,81.37,102.69,0.0,0.005,0.0,0.045,0.04,0.03,0.4802642179998423,0.4402421998331888,0.5703137588748127,0.5002752270831692,1.17,18.12,28.94,0.75,0.02,1.09,0.02,0.8,0.35,0.14,0.96,0.03,0.25,0.15
1.18,353.88,87.94,179.94,0.0,0.0,0.0,0.0849999999999999,0.01,0.02,-0.5167825923634335,0.4601488836112764,0.7208294310430958,0.0400460795023942,1.18,316.81,87.62,179.75,0.0,0.0,0.0,0.28,0.02,0.01,0.64,0.26,0.67,0.25,1.18,267.19,81.37,102.69,0.0,0.01,0.0,0.04,0.04,0.04,0.48,0.44,0.57,0.5,1.18,18.0,27.75,0.75,0.03,1.06,0.07,1.02,0.44,0.0,0.96,0.03,0.24,0.15
1.19,353.88,87.94,179.94,0.0,0.0,0.0,0.09,0.01,0.01,-0.5161879502661796,0.4596194077712559,0.72,0.04,1.19,316.81,87.62,179.75,0.0,0.0,0.0,0.285,0.03,0.0199999999999999,0.6436794896951259,0.2614947926886449,0.673851965774585,0.2514373006621585,1.19,267.19,81.37,102.69,0.0,0.0,0.0,0.05,0.04,0.01,0.48,0.44,0.57,0.5,1.19,18.06,26.5,0.75,0.03,1.15,0.08,1.12,0.21,0.03,0.96,0.03,0.23,0.15
1.2,353.88,87.94,179.94,0.0,0.0,0.0,0.08,0.01,0.01,-0.5161879502661796,0.4596194077712559,0.72,0.04,1.2,316.81,87.62,179.75,0.0,0.0,0.0,0.29,0.04,0.03,0.64,0.26,0.67,0.25,1.2,267.19,81.37,102.69,0.0,0.0,0.0,0.05,0.03,0.03,0.48,0.44,0.57,0.5,1.2,18.19,25.12,0.75,0.03,1.29,0.1,0.83,0.23,0.05,0.96,0.03,0.22,0.15
1.21,353.88,87.94,179.94,0.0,0.0,0.0,0.09,0.02,0.01,-0.5161879502661796,0.4596194077712559,0.72,0.04,1.21,316.81,87.62,179.75,0.0,0.0,0.0,0.28,0.03,0.01,0.64,0.26,0.67,0.25,1.21,267.19,81.37,102.69,0.0,0.0,0.0,0.05,0.03,0.05,0.48,0.44,0.57,0.5,1.21,18.22,23.715,0.75,0.05,1.165,0.07,0.5599999999999999,0.165,0.155,0.9660148486666618,0.0250262914162347,0.205215589613125,0.1551630067806555
1.22,353.88,87.94,179.94,0.0,0.0,0.0,0.09,0.02,0.0,-0.5161879502661796,0.4596194077712559,0.72,0.04,1.22,316.81,87.62,179.75,0.0,0.0,0.0,0.27,0.02,0.0,0.64,0.26,0.67,0.25,1.22,267.19,81.37,102.69,0.0,0.0,0.0,0.04,0.02,0.04,0.48,0.44,0.57,0.5,1.22,18.25,22.31,0.75,0.07,1.04,0.04,0.29,0.1,0.26,0.97,0.02,0.19,0.16
1.23,353.88,87.94,179.94,0.0,0.0,0.0,0.09,0.01,0.01,-0.5161879502661796,0.4596194077712559,0.72,0.04,1.23,316.81,87.62,179.75,0.0,0.0,0.0,0.28,0.03,0.04,0.64,0.26,0.67,0.25,1.23,267.19,81.37,102.69,0.0,0.0,0.0,0.04,0.04,0.02,0.48,0.44,0.57,0.5,1.23,18.06,21.44,0.81,0.16,0.7,0.16,0.59,0.48,0.23,0.97,0.02,0.19,0.15
1.24,353.88,87.94,179.94,0.0,0.0,0.0,0.09,0.03,0.01,-0.5161879502661796,0.4596194077712559,0.72,0.04,1.24,316.81,87.62,179.75,0.0,0.0,0.0,0.29,0.02,0.0,0.64,0.26,0.67,0.25,1.24,267.19,81.37,102.69,0.0,0.0,0.0,0.05,0.04,0.03,0.48,0.44,0.57,0.5,1.24,17.87,20.75,0.88,0.13,0.63,0.11,0.67,0.84,0.24,0.97,0.02,0.18,0.15
1.25,353.88,87.94,179.94,0.0,0.0,0.0,0.08,0.02,0.03,-0.5161879502661796,0.4596194077712559,0.72,0.04,1.25,316.81,87.62,179.75,0.0,0.0,0.0,0.28,0.03,0.01,0.64,0.26,0.67,0.25,1.25,267.19,81.37,102.69,0.0,0.0,0.0,0.05,0.04,0.04,0.4802642179998423,0.4402421998331888,0.5703137588748127,0.5002752270831692,1.25,17.81,19.94,1.06,0.22,0.79,0.06,0.89,0.8,0.03,0.97,0.02,0.17,0.15
1.26,353.88,87.94,179.94,0.0,0.0,0.0,0.09,0.02,0.02,-0.5161879502661796,0.4596194077712559,0.72,0.04,1.26,316.81,87.62,179.75,0.0,0.0,0.0,0.28,0.03,0.02,0.64,0.26,0.67,0.25,1.26,267.19,81.37,102.69,0.0,0.0,0.0,0.05,0.04,0.05,0.48,0.44,0.57,0.5,1.26,17.69,19.44,1.19,0.27,0.87,0.18,0.75,1.27,0.14,0.97,0.02,0.17,0.15
1.27,353.88,87.94,179.94,0.0,0.0,0.0,0.1,0.03,0.03,-0.5161879502661796,0.4596194077712559,0.72,0.04,1.27,316.81,87.62,179.75,0.0,0.0,0.0,0.275,0.03,0.015,0.6436794896951259,0.2614947926886449,0.673851965774585,0.2514373006621585,1.27,267.19,81.37,102.69,0.0,0.0,0.0,0.05,0.04,0.02,0.48,0.44,0.57,0.5,1.27,17.37,18.5,1.37,0.28,0.83,0.39,0.31,1.3,0.49,0.98,0.01,0.16,0.15
1.28,353.88,87.94,179.94,0.0,0.0,0.0,0.095,0.025,0.02,-0.5167825923634335,0.4601488836112764,0.7208294310430958,0.0400460795023942,1.28,316.81,87.62,179.75,0.0,0.0,0.0,0.27,0.03,0.01,0.64,0.26,0.67,0.25,1.28,267.19,81.37,102.69,0.0,0.0,0.0,0.05,0.02,0.02,0.4802642179998423,0.4402421998331888,0.5703137588748127,0.5002752270831692,1.28,16.94,17.62,1.5,0.17,0.78,0.32,0.65,0.55,0.22,0.98,0.01,0.15,0.15
1.29,353.88,87.94,179.94,0.0,0.0,0.0,0.09,0.02,0.01,-0.5161879502661796,0.4596194077712559,0.72,0.04,1.29,316.81,87.62,179.75,0.0,0.0,0.0,0.28,0.03,0.0,0.64,0.26,0.67,0.25,1.29,267.19,81.37,102.69,0.0,0.0,0.0,0.05,0.0,0.02,0.48,0.44,0.57,0.5,1.29,16.815,16.84,1.5,0.145,0.755,0.285,0.765,0.555,0.135,0.9787528846020084,0.0099872743326735,0.1448154778237665,0.1448154778237665
1.3,353.88,87.94,179.94,0.0,0.0,0.0,0.09,0.02,0.03,-0.5161879502661796,0.4596194077712559,0.72,0.04,1.3,316.81,87.62,179.75,0.0,0.0,0.0,0.285,0.025,0.0,0.6436794896951259,0.2614947926886449,0.673851965774585,0.2514373006621585,1.3,267.19,81.37,102.69,0.0,0.0,0.0,0.04,0.03,0.05,0.48,0.44,0.57,0.5,1.3,16.69,16.06,1.5,0.12,0.73,0.25,0.88,0.56,0.05,0.98,0.01,0.14,0.14
1.31,353.88,87.94,179.94,0.0,0.0,0.0,0.1,0.01,0.01,-0.5161879502661796,0.4596194077712559,0.72,0.04,1.31,316.81,87.62,179.75,0.0,0.0,0.0,0.29,0.02,0.0,0.64,0.26,0.67,0.25,1.31,267.19,81.37,102.69,0.0,0.0,0.0,0.07,0.03,0.08,0.48,0.44,0.57,0.5,1.31,16.31,15.25,1.56,0.2,0.79,0.36,0.49,1.55,0.45,0.98,0.01,0.13,0.14
1.32,353.88,87.94,179.94,0.0,0.0,0.0,0.08,0.01,0.02,-0.5161879502661796,0.4596194077712559,0.72,0.04,1.32,316.81,87.62,179.75,0.0,0.0,0.0,0.26,0.02,0.02,0.64,0.26,0.67,0.25,1.32,267.19,81.37,102.69,0.0,0.0,0.0,0.05,0.03,0.02,0.48,0.44,0.57,0.5,1.32,16.125,14.405,1.625,0.125,0.76,0.235,0.49,0.89,0.4,0.9821384793233944,0.0050109106087928,0.1252727652198207,0.1403054970461992
1.33,353.88,87.94,179.94,0.0,0.0,0.0,0.07,0.01,0.01,-0.5161879502661796,0.4596194077712559,0.72,0.04,1.33,316.81,87.62,179.75,0.0,0.0,0.0,0.29,0.03,0.0,0.64,0.26,0.67,0.25,1.33,267.19,81.37,102.69,0.0,0.0,0.0,0.04,0.02,0.06,0.48,0.44,0.57,0.5,1.33,15.94,13.56,1.69,0.05,0.73,0.11,0.49,0.23,0.35,0.98,0.0,0.12,0.14
1.34,353.88,87.94,179.94,0.0,0.0,0.0,0.09,0.01,0.04,-0.5161879502661796,0.4596194077712559,0.72,0.04,1.34,316.81,87.62,179.75,0.0,0.0,0.0,0.29,0.03,0.03,0.64,0.26,0.67,0.25,1.34,267.19,81.37,102.69,0.0,0.0,0.0,0.05,0.02,0.03,0.48,0.44,0.57,0.5,1.34,15.75,12.69,1.62,0.05,0.72,0.13,0.68,0.42,0.1,0.98,0.0,0.11,0.14
1.35,353.88,87.94,179.94,0.0,0.0,0.0,0.08,0.02,0.02,-0.5161879502661796,0.4596194077712559,0.72,0.04,1.35,316.81,87.62,179.75,0.0,0.0,0.0,0.3,0.02,0.0,0.64,0.26,0.67,0.25,1.35,267.19,81.37,102.69,0.0,0.0,0.0,0.05,0.03,0.06,0.48,0.44,0.57,0.5,1.35,15.63,11.94,1.56,0.05,0.73,0.21,0.68,0.44,0.42,0.99,0.0,0.11,0.14
1.36,353.88,87.94,179.94,0.0,0.0,0.0,0.09,0.0,0.0,-0.5161879502661796,0.4596194077712559,0.72,0.04,1.36,316.81,87.62,179.75,0.0,0.01,0.0,0.29,0.03,0.0,0.64,0.26,0.67,0.25,1.36,267.19,81.37,102.69,0.0,0.0,0.0,0.045,0.03,0.055,0.4802642179998423,0.4402421998331888,0.5703137588748127,0.5002752270831692,1.36,15.38,11.12,1.56,0.0,0.78,0.2,0.53,0.32,0.32,0.99,0.0,0.1,0.13
1.37,353.88,87.94,179.94,0.0,0.0,0.0,0.095,0.005,0.0,-0.5167825923634335,0.4601488836112764,0.7208294310430958,0.0400460795023942,1.37,316.81,87.62,179.75,0.0,0.005,0.0,0.29,0.03,0.005,0.6436794896951259,0.2614947926886449,0.673851965774585,0.2514373006621585,1.37,267.19,81.37,102.69,0.0,0.0,0.0,0.04,0.03,0.05,0.48,0.44,0.57,0.5,1.37,15.31,10.31,1.31,0.12,0.61,0.05,0.68,0.24,0.11,0.99,0.0,0.09,0.13
1.38,353.88,87.94,179.94,0.0,0.0,0.0,0.1,0.01,0.0,-0.5161879502661796,0.4596194077712559,0.72,0.04,1.38,316.81,87.62,179.75,0.0,0.0,0.0,0.29,0.03,0.01,0.64,0.26,0.67,0.25,1.38,267.19,81.37,102.69,0.0,0.0,0.0,0.04,0.02,0.05,0.48,0.44,0.57,0.5,1.38,15.25,9.63,1.19,0.05,0.63,0.05,0.76,0.18,0.21,0.99,0.0,0.09,0.13
1.39,353.88,87.94,179.94,0.0,0.0,0.0,0.1,0.01,0.01,-0.5161879502661796,0.4596194077712559,0.72,0.04,1.39,316.81,87.62,179.75,0.0,0.0,0.0,0.28,0.03,0.01,0.64,0.26,0.67,0.25,1.39,267.19,81.37,102.69,0.0,0.0,0.0,0.04,0.02,0.04,0.4802642179998423,0.4402421998331888,0.5703137588748127,0.5002752270831692,1.39,15.19,8.88,1.19,0.06,0.75,0.04,1.15,0.21,0.43,0.99,0.0,0.08,0.13
1.4,353.88,87.94,179.94,0.0,0.0,0.0,0.08,0.01,0.04,-0.5161879502661796,0.4596194077712559,0.72,0.04,1.4,316.81,87.62,179.75,0.0,0.0,0.0,0.27,0.03,0.0,0.64,0.26,0.67,0.25,1.4,267.19,81.37,102.69,0.0,0.0,0.0,0.04,0.02,0.03,0.48,0.44,0.57,0.5,1.4,15.19,7.785,0.845,0.225,0.945,0.055,0.83,0.2299999999999999,0.475,0.9890608380940188,0.0,0.0699335946127084,0.1298766757093156
1.41,353.88,87.94,179.94,0.0,0.0,0.0,0.1,0.02,0.0,-0.5161879502661796,0.4596194077712559,0.72,0.04,1.41,316.81,87.62,179.75,0.0,0.0,0.0,0.29,0.04,0.01,0.64,0.26,0.67,0.25,1.41,267.19,81.37,102.69,0.0,0.0,0.0,0.04,0.05,0.04,0.48,0.44,0.57,0.5,1.41,15.19,6.69,0.5,0.39,1.14,0.07,0.51,0.25,0.52,0.99,0.0,0.06,0.13
1.42,353.88,87.94,179.94,0.0,0.0,0.0,0.07,0.01,0.02,-0.5161879502661796,0.4596194077712559,0.72,0.04,1.42,316.81,87.62,179.75,0.0,0.0,0.0,0.3,0.03,0.0,0.64,0.26,0.67,0.25,1.42,267.19,81.37,102.69,0.0,0.0,0.0,0.04,0.04,0.05,0.48,0.44,0.57,0.5,1.42,15.25,5.37,0.44,0.03,1.21,0.08,0.39,0.07,0.2,0.99,0.0,0.05,0.13
1.43,353.88,87.94,179.94,0.0,0.0,0.0,0.08,0.02,0.0,-0.5161879502661796,0.4596194077712559,0.72,0.04,1.43,316.81,87.62,179.75,0.0,0.0,0.0,0.3,0.02,0.03,0.64,0.26,0.67,0.25,1.43,267.19,81.37,102.69,0.0,0.0,0.0,0.07,0.02,0.03,0.48,0.44,0.57,0.5,1.43,15.375,3.995,0.345,0.03,0.865,0.04,0.49,0.13,0.195,0.9908797964023588,0.0,0.0350311039132147,0.1301155288205117
1.44,353.88,87.94,179.94,0.0,0.0,0.0,0.09,0.01,0.01,-0.5161879502661796,0.4596194077712559,0.72,0.04,1.44,316.81,87.62,179.75,0.0,0.0,0.0,0.28,0.02,0.01,0.64,0.26,0.67,0.25,1.44,267.19,81.37,102.69,0.0,0.0,0.0,0.03,0.04,0.03,0.48,0.44,0.57,0.5,1.44,15.5,2.62,0.25,0.03,0.52,0.0,0.59,0.19,0.19,0.99,0.0,0.02,0.13
1.45,353.88,87.94,179.94,0.0,0.0,0.0,0.1,0.0,0.0,-0.5161879502661796,0.4596194077712559,0.72,0.04,1.45,316.81,87.62,179.75,0.0,0.0,0.0,0.29,0.02,0.03,0.64,0.26,0.67,0.25,1.45,267.19,81.37,102.69,0.0,0.0,0.0,0.03,0.02,0.07,0.48,0.44,0.57,0.5,1.45,15.38,2.19,0.37,0.15,0.38,0.09,0.67,0.13,0.18,0.99,0.0,0.02,0.13
1.46,353.88,87.94,179.94,0.0,0.0,0.0,0.09,0.02,0.0,-0.5161879502661796,0.4596194077712559,0.72,0.04,1.46,316.81,87.62,179.75,0.0,0.0,0.0,0.29,0.02,0.0,0.64,0.26,0.67,0.25,1.46,267.19,81.37,102.69,0.0,0.0,0.0,0.03,0.01,0.03,0.48,0.44,0.57,0.5,1.46,15.38,2.06,0.37,0.05,0.15,0.06,0.55,0.03,0.28,0.99,0.0,0.02,0.13
1.47,353.88,87.94,179.94,0.0,0.0,0.0,0.09,0.02,0.0,-0.5167825923634335,0.4601488836112764,0.7208294310430958,0.0400460795023942,1.47,316.81,87.62,179.75,0.0,0.0,0.0,0.3,0.02,0.01,0.64,0.26,0.67,0.25,1.47,267.19,81.37,102.69,0.0,0.0,0.0,0.045,0.01,0.04,0.4802642179998423,0.4402421998331888,0.5703137588748127,0.5002752270831692,1.47,15.31,1.94,0.31,0.01,0.01,0.04,0.61,0.2,0.26,0.99,0.0,0.02,0.13
1.48,353.88,87.94,179.94,0.0,0.0,0.0,0.09,0.02,0.0,-0.5161879502661796,0.4596194077712559,0.72,0.04,1.48,316.81,87.62,179.75,0.0,0.0,0.0,0.295,0.025,0.015,0.6436794896951259,0.2614947926886449,0.673851965774585,0.2514373006621585,1.48,267.19,81.37,102.69,0.0,0.0,0.0,0.06,0.01,0.05,0.48,0.44,0.57,0.5,1.48,15.25,1.81,0.31,0.01,0.01,0.07,0.76,0.05,0.19,0.99,0.0,0.02,0.13
1.49,353.88,87.94,179.94,0.0,0.0,0.0,0.08,0.01,0.0,-0.5161879502661796,0.4596194077712559,0.72,0.04,1.49,316.81,87.62,179.75,0.0,0.0,0.0,0.29,0.03,0.02,0.64,0.26,0.67,0.25,1.49,267.19,81.37,102.69,0.0,0.0,0.0,0.06,0.04,0.04,0.48,0.44,0.57,0.5,1.49,15.19,1.62,0.31,0.02,0.03,0.03,0.66,0.05,0.19,0.99,0.0,0.01,0.13
1.5,353.88,87.94,179.94,0.0,0.0,0.0,0.09,0.04,0.01,-0.5161879502661796,0.4596194077712559,0.72,0.04,1.5,316.81,87.62,179.75,0.0,0.0,0.0,0.28,0.03,0.02,0.64,0.26,0.67,0.25,1.5,267.19,81.37,102.69,0.0,0.0,0.0,0.05,0.04,0.04,0.48,0.44,0.57,0.5,1.5,15.25,1.44,0.25,0.01,0.03,0.05,0.66,0.22,0.44,0.99,0.0,0.01,0.13
1.51,353.88,87.94,179.94,0.0,0.0,0.0,0.1,0.01,0.0,-0.5161879502661796,0.4596194077712559,0.72,0.04,1.51,316.81,87.62,179.75,0.0,0.0,0.0,0.275,0.025,0.015,0.6436794896951259,0.2614947926886449,0.673851965774585,0.2514373006621585,1.51,267.19,81.37,102.69,0.0,0.0,0.0,0.04,0.03,0.03,0.48,0.44,0.57,0.5,1.51,15.25,1.345,0.22,0.01,0.035,0.03,0.64,0.14,0.28,0.9914386297770432,0.0,0.0100145316139095,0.1301889109808238
1.52,353.88,87.94,179.94,0.0,0.0,0.0,0.09,0.02,0.02,-0.5161879502661796,0.4596194077712559,0.72,0.04,1.52,316.81,87.62,179.75,0.0,0.0,0.0,0.27,0.02,0.01,0.64,0.26,0.67,0.25,1.52,267.19,81.37,102.69,0.0,0.0,0.0,0.06,0.03,0.03,0.48,0.44,0.57,0.5,1.52,15.25,1.25,0.19,0.01,0.04,0.01,0.62,0.06,0.12,0.99,0.0,0.01,0.13
1.53,353.88,87.94,179.94,0.0,0.0,0.0,0.09,0.0,0.01,-0.5161879502661796,0.4596194077712559,0.72,0.04,1.53,316.81,87.62,179.75,0.0,0.0,0.0,0.29,0.02,0.01,0.64,0.26,0.67,0.25,1.53,267.19,81.37,102.69,0.0,0.0,0.0,0.05,0.02,0.05,0.48,0.44,0.57,0.5,1.53,15.25,1.06,0.19,0.01,0.03,0.0,0.43,0.3,0.08,0.99,0.0,0.01,0.13
1.54,353.88,87.94,179.94,0.0,0.0,0.0,0.08,0.0,0.0,-0.5161879502661796,0.4596194077712559,0.72,0.04,1.54,316.81,87.62,179.75,0.0,0.0,0.0,0.3,0.02,0.0,0.64,0.26,0.67,0.25,1.54,267.19,81.37,102.69,0.0,0.0,0.0,0.07,0.01,0.04,0.48,0.44,0.57,0.5,1.54,15.25,1.0,0.19,0.0,0.0,0.0,0.53,0.09,0.29,0.99,0.0,0.01,0.13
1.55,353.88,87.94,179.94,0.0,0.0,0.0,0.09,0.02,0.03,-0.5161879502661796,0.4596194077712559,0.72,0.04,1.55,316.81,87.62,179.75,0.0,0.0,0.0,0.3,0.03,0.01,0.64,0.26,0.67,0.25,1.55,267.19,81.37,102.69,0.0,0.0,0.0,0.06,0.0199999999999999,0.035,0.4802642179998423,0.4402421998331888,0.5703137588748127,0.5002752270831692,1.55,15.25,0.94,0.13,0.0,0.01,0.0,0.5,0.08,0.34,0.99,0.0,0.01,0.13
1.56,353.88,87.94,179.94,0.0,0.0,0.0,0.0849999999999999,0.015,0.02,-0.5167825923634335,0.4601488836112764,0.7208294310430958,0.0400460795023942,1.56,316.81,87.62,179.75,0.0,0.0,0.0,0.31,0.03,0.0,0.64,0.26,0.67,0.25,1.56,267.19,81.37,102.69,0.0,0.0,0.0,0.05,0.03,0.03,0.48,0.44,0.57,0.5,1.56,15.25,0.81,0.13,0.01,0.02,0.0,0.51,0.1,0.44,0.99,0.0,0.01,0.13
1.57,353.88,87.94,179.94,0.0,0.0,0.0,0.08,0.01,0.01,-0.5161879502661796,0.4596194077712559,0.72,0.04,1.57,316.81,87.62,179.75,0.0,0.0,0.0,0.3,0.04,0.03,0.64,0.26,0.67,0.25,1.57,267.19,81.37,102.69,0.0,0.0,0.0,0.04,0.01,0.04,0.48,0.44,0.57,0.5,1.57,15.25,0.75,0.13,0.01,0.01,0.0,0.44,0.09,0.19,0.99,0.0,0.01,0.13
1.58,353.88,87.94,179.94,0.0,0.0,0.0,0.09,0.01,0.02,-0.5161879502661796,0.4596194077712559,0.72,0.04,1.58,316.81,87.62,179.75,0.0,0.0,0.0,0.3,0.02,0.01,0.64,0.26,0.67,0.25,1.58,267.19,81.37,102.69,0.0,0.0,0.0,0.03,0.03,0.07,0.48,0.44,0.57,0.5,1.58,15.25,0.62,0.13,0.0,0.01,0.0,0.44,0.11,0.26,0.99,0.0,0.01,0.13
1.59,353.88,87.94,179.94,0.0,0.0,0.0,0.0849999999999999,0.01,0.02,-0.5167825923634335,0.4601488836112764,0.7208294310430958,0.0400460795023942,1.59,316.81,87.62,179.75,0.0,0.0,0.0,0.29,0.025,0.01,0.6436794896951259,0.2614947926886449,0.673851965774585,0.2514373006621585,1.59,267.19,81.37,102.69,0.0,0.0,0.0,0.05,0.03,0.04,0.48,0.44,0.57,0.5,1.59,15.25,0.56,0.06,0.0,0.01,0.0,0.43,0.06,0.25,0.99,0.0,0.01,0.13
1.6,353.88,87.94,179.94,0.0,0.0,0.0,0.08,0.01,0.02,-0.5161879502661796,0.4596194077712559,0.72,0.04,1.6,316.81,87.62,179.75,0.0,0.0,0.0,0.28,0.03,0.01,0.64,0.26,0.67,0.25,1.6,267.19,81.37,102.69,0.0,0.0,0.0,0.06,0.04,0.02,0.48,0.44,0.57,0.5,1.6,15.25,0.5,0.06,0.01,0.02,0.0,0.45,0.08,0.35,0.99,0.0,0.0,0.13
1.61,353.88,87.94,179.94,0.0,0.0,0.0,0.09,0.0,0.02,-0.5161879502661796,0.4596194077712559,0.72,0.04,1.61,316.81,87.62,179.75,0.0,0.0,0.0,0.29,0.03,0.01,0.64,0.26,0.67,0.25,1.61,267.19,81.37,102.69,0.0,0.0,0.0,0.03,0.01,0.03,0.48,0.44,0.57,0.5,1.61,15.25,0.44,0.06,0.0,0.01,0.0,0.44,0.08,0.41,0.99,0.0,0.0,0.13
1.62,353.88,87.94,179.94,0.0,0.0,0.0,0.08,0.02,0.01,-0.5161879502661796,0.4596194077712559,0.72,0.04,1.62,316.81,87.62,179.75,0.0,0.0,0.0,0.28,0.02,0.03,0.64,0.26,0.67,0.25,1.62,267.19,81.37,102.69,0.0,0.0,0.0,0.06,0.03,0.07,0.48,0.44,0.57,0.5,1.62,15.25,0.31,0.06,0.0,0.0,0.0,0.39,0.05,0.23,0.99,0.0,0.0,0.13
1.63,353.88,87.94,179.94,0.0,0.0,0.0,0.1,0.02,0.0,-0.5161879502661796,0.4596194077712559,0.72,0.04,1.63,316.81,87.62,179.75,0.0,0.0,0.0,0.29,0.03,0.0,0.64,0.26,0.67,0.25,1.63,267.19,81.37,102.69,0.0,0.0,0.0,0.04,0.02,0.05,0.48,0.44,0.57,0.5,1.63,15.25,0.31,0.06,0.0,0.0,0.0,0.4,0.05,0.24,0.99,0.0,0.0,0.13
1.64,353.88,87.94,179.94,0.0,0.0,0.0,0.1,0.01,0.04,-0.5161879502661796,0.4596194077712559,0.72,0.04,1.64,316.81,87.62,179.75,0.0,0.0,0.0,0.3,0.01,0.01,0.64,0.26,0.67,0.25,1.64,267.19,81.37,102.69,0.0,0.0,0.0,0.06,0.03,0.04,0.48,0.44,0.57,0.5,1.64,15.25,0.25,0.0,0.0,0.0,0.0,0.39,0.05,0.24,0.99,0.0,0.0,0.13
1.65,353.88,87.94,179.94,0.0,0.0,0.0,0.08,0.01,0.0,-0.5161879502661796,0.4596194077712559,0.72,0.04,1.65,316.81,87.62,179.75,0.0,0.0,0.0,0.3,0.02,0.0,0.64,0.26,0.67,0.25,1.65,267.19,81.37,102.69,0.0,0.0,0.0,0.06,0.03,0.03,0.4802642179998423,0.4402421998331888,0.5703137588748127,0.5002752270831692,1.65,15.25,0.19,0.0,0.0,0.0,0.0,0.36,0.06,0.25,0.99,0.0,0.0,0.13
1.66,353.88,87.94,179.94,0.0,0.0,0.0,0.09,0.01,0.02,-0.5161879502661796,0.4596194077712559,0.72,0.04,1.66,316.81,87.62,179.75,0.0,0.0,0.0,0.29,0.04,0.01,0.64,0.26,0.67,0.25,1.66,267.19,81.37,102.69,0.0,0.0,0.0,0.06,0.03,0.02,0.48,0.44,0.57,0.5,1.66,15.25,0.13,0.0,0.0,0.0,0.0,0.38,0.05,0.27,0.99,0.0,0.0,0.13
1.67,353.88,87.94,179.94,0.0,0.0,0.0,0.08,0.01,0.01,-0.5167825923634335,0.4601488836112764,0.7208294310430958,0.0400460795023942,1.67,316.81,87.62,179.75,0.0,0.0,0.0,0.28,0.03,0.03,0.64,0.26,0.67,0.25,1.67,267.19,81.37,102.69,0.0,0.0,0.0,0.04,0.04,0.04,0.48,0.44,0.57,0.5,1.67,15.25,0.06,0.0,0.0,0.0,0.0,0.37,0.04,0.26,0.99,0.0,0.0,0.13
1.68,353.88,87.94,179.94,0.0,0.0,0.0,0.07,0.01,0.0,-0.5161879502661796,0.4596194077712559,0.72,0.04,1.68,316.81,87.62,179.75,0.0,0.0,0.0,0.28,0.025,0.015,0.6436794896951259,0.2614947926886449,0.673851965774585,0.2514373006621585,1.68,267.19,81.37,102.69,0.0,0.0,0.0,0.05,0.02,0.04,0.48,0.44,0.57,0.5,1.68,15.25,0.0,0.0,0.0,0.0,0.0,0.34,0.05,0.26,0.99,0.0,0.0,0.13
1.69,353.88,87.94,179.94,0.0,0.0,0.0,0.08,0.01,0.0,-0.5161879502661796,0.4596194077712559,0.72,0.04,1.69,316.81,87.62,179.75,0.0,0.0,0.0,0.28,0.02,0.0,0.64,0.26,0.67,0.25,1.69,267.19,81.37,102.69,0.0,0.0,0.0,0.03,0.03,0.05,0.48,0.44,0.57,0.5,1.69,15.25,0.0,0.0,0.0,0.0,0.0,0.34,0.06,0.25,0.9914883496251112,0.0,0.0,0.1301954398497621
1.7,353.88,87.94,179.94,0.0,0.0,0.0,0.1,0.02,0.02,-0.5161879502661796,0.4596194077712559,0.72,0.04,1.7,316.81,87.62,179.75,0.0,0.0,0.0,0.28,0.02,0.01,0.64,0.26,0.67,0.25,1.7,267.19,81.37,102.69,0.0,0.0,0.0,0.05,0.03,0.06,0.48,0.44,0.57,0.5,1.7,15.25,0.0,0.0,0.0,0.0,0.0,0.34,0.07,0.24,0.99,0.0,0.0,0.13
1.71,353.88,87.94,179.94,0.0,0.0,0.0,0.1,0.01,0.0,-0.5161879502661796,0.4596194077712559,0.72,0.04,1.71,316.81,87.62,179.75,0.0,0.0,0.0,0.3,0.03,0.02,0.64,0.26,0.67,0.25,1.71,267.19,81.37,102.69,0.0,0.0,0.0,0.06,0.04,0.04,0.48,0.44,0.57,0.5,1.71,15.25,0.06,0.0,0.0,0.0,0.0,0.33,0.04,0.29,0.99,0.0,0.0,0.13
1.72,353.88,87.94,179.94,0.0,0.0,0.0,0.09,0.01,0.01,-0.5161879502661796,0.4596194077712559,0.72,0.04,1.72,316.81,87.62,179.75,0.0,0.0,0.0,0.29,0.02,0.01,0.64,0.26,0.67,0.25,1.72,267.19,81.37,102.69,0.0,0.0,0.0,0.06,0.03,0.05,0.48,0.44,0.57,0.5,1.72,15.25,0.095,0.0,0.0,0.0,0.0,0.315,0.035,0.27,0.9914883496251112,0.0,0.0,0.1301954398497621
1.73,353.88,87.94,179.94,0.0,0.0,0.0,0.09,0.0,0.0,-0.5161879502661796,0.4596194077712559,0.72,0.04,1.73,316.81,87.62,179.75,0.0,0.0,0.0,0.28,0.02,0.0,0.64,0.26,0.67,0.25,1.73,267.19,81.37,102.69,0.0,0.0,0.0,0.05,0.05,0.05,0.48,0.44,0.57,0.5,1.73,15.25,0.13,0.0,0.0,0.0,0.0,0.3,0.03,0.25,0.99,0.0,0.0,0.13
1.74,353.88,87.94,179.94,0.0,0.0,0.0,0.07,0.01,0.02,-0.5161879502661796,0.4596194077712559,0.72,0.04,1.74,316.81,87.62,179.75,0.0,0.0,0.0,0.28,0.03,0.01,0.64,0.26,0.67,0.25,1.74,267.19,81.37,102.69,0.0,0.0,0.0,0.05,0.03,0.04,0.48,0.44,0.57,0.5,1.74,15.25,0.19,0.0,0.0,0.0,0.0,0.31,0.03,0.26,0.99,0.0,0.0,0.13
1.75,353.88,87.94,179.94,0.0,0.0,0.0,0.08,0.01,0.02,-0.5161879502661796,0.4596194077712559,0.72,0.04,1.75,316.81,87.62,179.75,0.0,0.0,0.0,0.3,0.03,0.0,0.64,0.26,0.67,0.25,1.75,267.19,81.37,102.69,0.0,0.0,0.0,0.05,0.035,0.03,0.4802642179998423,0.4402421998331888,0.5703137588748127,0.5002752270831692,1.75,15.25,0.19,0.0,0.0,0.0,0.0,0.29,0.04,0.27,0.99,0.0,0.0,0.13
1.76,353.88,87.94,179.94,0.0,0.0,0.0,0.08,0.0,0.0,-0.5161879502661796,0.4596194077712559,0.72,0.04,1.76,316.81,87.62,179.75,0.0,0.0,0.0,0.28,0.02,0.0,0.64,0.26,0.67,0.25,1.76,267.19,81.37,102.69,0.0,0.0,0.0,0.05,0.04,0.02,0.48,0.44,0.57,0.5,1.76,15.25,0.25,0.0,0.0,0.0,0.0,0.3,0.05,0.28,0.99,0.0,0.0,0.13
1.77,353.88,87.94,179.94,0.0,0.0,0.0,0.08,0.02,0.01,-0.5161879502661796,0.4596194077712559,0.72,0.04,1.77,316.81,87.62,179.75,0.0,0.0,0.0,0.28,0.03,0.0,0.64,0.26,0.67,0.25,1.77,267.19,81.37,102.69,0.0,0.0,0.0,0.06,0.03,0.03,0.48,0.44,0.57,0.5,1.77,15.25,0.25,0.0,0.0,0.0,0.0,0.3,0.03,0.27,0.99,0.0,0.0,0.13
1.78,353.88,87.94,179.94,0.0,0.0,0.0,0.07,0.02,0.02,-0.5161879502661796,0.4596194077712559,0.72,0.04,1.78,316.81,87.62,179.75,0.0,0.0,0.0,0.27,0.02,0.02,0.64,0.26,0.67,0.25,1.78,267.19,81.37,102.69,0.0,0.0,0.0,0.06,0.02,0.03,0.4802642179998423,0.4402421998331888,0.5703137588748127,0.5002752270831692,1.78,15.25,0.31,0.0,0.0,0.0,0.0,0.29,0.05,0.25,0.99,0.0,0.0,0.13
1.79,353.88,87.94,179.94,0.0,0.0,0.0,0.07,0.03,0.02,-0.5161879502661796,0.4596194077712559,0.72,0.04,1.79,316.81,87.62,179.75,0.0,0.0,0.0,0.29,0.03,0.02,0.64,0.26,0.67,0.25,1.79,267.19,81.37,102.69,0.0,0.0,0.0,0.06,0.01,0.03,0.48,0.44,0.57,0.5,1.79,15.25,0.31,0.0,0.0,0.0,0.0,0.29,0.07,0.26,0.99,0.0,0.0,0.13
1.8,353.88,87.94,179.94,0.0,0.0,0.0,0.1,0.02,0.03,-0.5161879502661796,0.4596194077712559,0.72,0.04,1.8,316.81,87.62,179.75,0.0,0.0,0.0,0.28,0.02,0.0,0.64,0.26,0.67,0.25,1.8,267.19,81.37,102.69,0.0,0.0,0.0,0.03,0.02,0.03,0.48,0.44,0.57,0.5,1.8,15.25,0.3399999999999999,0.0,0.0,0.005,0.0,0.29,0.055,0.27,0.9914883496251112,0.0,0.0,0.1301954398497621
1.81,353.88,87.94,179.94,0.0,0.0,0.0,0.1,0.01,0.02,-0.5161879502661796,0.4596194077712559,0.72,0.04,1.81,316.81,87.62,179.75,0.0,0.0,0.0,0.29,0.03,0.0,0.64,0.26,0.67,0.25,1.81,267.19,81.37,102.69,0.0,0.0,0.0,0.03,0.04,0.03,0.48,0.44,0.57,0.5,1.81,15.25,0.37,0.0,0.0,0.01,0.0,0.29,0.04,0.28,0.99,0.0,0.0,0.13
1.82,353.88,87.94,179.94,0.0,0.0,0.0,0.09,0.01,0.01,-0.5161879502661796,0.4596194077712559,0.72,0.04,1.82,316.81,87.62,179.75,0.0,0.0,0.0,0.26,0.03,0.01,0.64,0.26,0.67,0.25,1.82,267.19,81.37,102.69,0.0,0.0,0.0,0.05,0.02,0.04,0.48,0.44,0.57,0.5,1.82,15.25,0.44,0.0,0.0,0.0,0.0,0.28,0.04,0.25,0.99,0.0,0.0,0.13
1.83,353.88,87.94,179.94,0.0,0.0,0.0,0.09,0.03,0.01,-0.5161879502661796,0.4596194077712559,0.72,0.04,1.83,316.81,87.62,179.75,0.0,0.0,0.0,0.28,0.03,0.01,0.64,0.26,0.67,0.25,1.83,267.19,81.37,102.69,0.0,0.0,0.0,0.07,0.01,0.06,0.48,0.44,0.57,0.5,1.83,15.25,0.44,0.0,0.0,0.0,0.0,0.24,0.04,0.27,0.99,0.0,0.0,0.13
1.84,353.88,87.94,179.94,0.0,0.0,0.0,0.09,0.03,0.02,-0.5161879502661796,0.4596194077712559,0.72,0.04,1.84,316.81,87.62,179.75,0.0,0.0,0.0,0.28,0.03,0.0,0.64,0.26,0.67,0.25,1.84,267.19,81.37,102.69,0.0,0.0,0.0,0.07,0.02,0.02,0.48,0.44,0.57,0.5,1.84,15.25,0.44,0.0,0.0,0.0,0.0,0.26,0.04,0.29,0.99,0.0,0.0,0.13
1.85,353.88,87.94,179.94,0.0,0.0,0.0,0.09,0.02,0.04,-0.5161879502661796,0.4596194077712559,0.72,0.04,1.85,316.81,87.62,179.75,0.0,0.0,0.0,0.29,0.03,0.02,0.64,0.26,0.67,0.25,1.85,267.19,81.37,102.69,0.0,0.0,0.0,0.04,0.02,0.07,0.48,0.44,0.57,0.5,1.85,15.25,0.5,0.0,0.0,0.0,0.0,0.25,0.04,0.24,0.99,0.0,0.0,0.13
1.86,353.88,87.94,179.94,0.0,0.0,0.0,0.0849999999999999,0.01,0.02,-0.5167825923634335,0.4601488836112764,0.7208294310430958,0.0400460795023942,1.86,316.81,87.62,179.75,0.0,0.0,0.0,0.28,0.04,0.01,0.64,0.26,0.67,0.25,1.86,267.19,81.37,102.69,0.0,0.0,0.0,0.05,0.025,0.06,0.4802642179998423,0.4402421998331888,0.5703137588748127,0.5002752270831692,1.86,15.25,0.5,0.06,0.0,0.0,0.0,0.24,0.04,0.25,0.99,0.0,0.0,0.13
1.87,353.88,87.94,179.94,0.0,0.0,0.0,0.08,0.0,0.0,-0.5161879502661796,0.4596194077712559,0.72,0.04,1.87,316.81,87.62,179.75,0.0,0.0,0.0,0.28,0.03,0.02,0.64,0.26,0.67,0.25,1.87,267.19,81.37,102.69,0.0,0.0,0.0,0.06,0.03,0.05,0.48,0.44,0.57,0.5,1.87,15.25,0.56,0.06,0.0,0.0,0.0,0.25,0.03,0.26,0.99,0.0,0.01,0.13
1.88,353.88,87.94,179.94,0.0,0.0,0.0,0.07,0.01,0.01,-0.5161879502661796,0.4596194077712559,0.72,0.04,1.88,316.81,87.62,179.75,0.0,0.0,0.0,0.29,0.03,0.02,0.6436794896951259,0.2614947926886449,0.673851965774585,0.2514373006621585,1.88,267.19,81.37,102.69,0.0,0.0,0.0,0.04,0.03,0.04,0.48,0.44,0.57,0.5,1.88,15.25,0.56,0.06,0.0,0.0,0.0,0.26,0.05,0.24,0.99,0.0,0.01,0.13
1.89,353.88,87.94,179.94,0.0,0.0,0.0,0.075,0.01,0.015,-0.5167825923634335,0.4601488836112764,0.7208294310430958,0.0400460795023942,1.89,316.81,87.62,179.75,0.0,0.0,0.0,0.3,0.03,0.02,0.64,0.26,0.67,0.25,1.89,267.19,81.37,102.69,0.0,0.0,0.0,0.05,0.05,0.04,0.48,0.44,0.57,0.5,1.89,15.25,0.56,0.06,0.0,0.0,0.0,0.24,0.04,0.27,0.99,0.0,0.01,0.13
1.9,353.88,87.94,179.94,0.0,0.0,0.0,0.08,0.01,0.02,-0.5161879502661796,0.4596194077712559,0.72,0.04,1.9,316.81,87.62,179.75,0.0,0.0,0.0,0.29,0.03,0.02,0.64,0.26,0.67,0.25,1.9,267.19,81.37,102.69,0.0,0.0,0.0,0.05,0.04,0.05,0.48,0.44,0.57,0.5,1.9,15.25,0.5900000000000001,0.06,0.0,0.0,0.0,0.235,0.03,0.265,0.9914386297770432,0.0,0.0100145316139095,0.1301889109808238
1.91,353.88,87.94,179.94,0.0,0.0,0.0,0.09,0.01,0.01,-0.5161879502661796,0.4596194077712559,0.72,0.04,1.91,316.81,87.62,179.75,0.0,0.0,0.0,0.31,0.02,0.02,0.64,0.26,0.67,0.25,1.91,267.19,81.37,102.69,0.0,0.0,0.0,0.03,0.02,0.03,0.48,0.44,0.57,0.5,1.91,15.25,0.62,0.06,0.0,0.0,0.0,0.23,0.02,0.26,0.99,0.0,0.01,0.13
1.92,353.88,87.94,179.94,0.0,0.0,0.0,0.1,0.01,0.01,-0.5161879502661796,0.4596194077712559,0.72,0.04,1.92,316.81,87.62,179.75,0.0,0.0,0.0,0.29,0.02,0.02,0.64,0.26,0.67,0.25,1.92,267.19,81.37,102.69,0.0,0.0,0.0,0.05,0.04,0.05,0.48,0.44,0.57,0.5,1.92,15.25,0.62,0.06,0.0,0.0,0.0,0.23,0.05,0.26,0.99,0.0,0.01,0.13
1.93,353.88,87.94,179.94,0.0,0.0,0.0,0.09,0.02,0.01,-0.5161879502661796,0.4596194077712559,0.72,0.04,1.93,316.81,87.62,179.75,0.0,0.0,0.0,0.29,0.02,0.0,0.64,0.26,0.67,0.25,1.93,267.19,81.37,102.69,0.0,0.0,0.0,0.04,0.04,0.04,0.48,0.44,0.57,0.5,1.93,15.25,0.69,0.06,0.0,0.01,0.0,0.23,0.04,0.27,0.99,0.0,0.01,0.13
1.94,353.88,87.94,179.94,0.0,0.0,0.0,0.07,0.04,0.01,-0.5161879502661796,0.4596194077712559,0.72,0.04,1.94,316.81,87.62,179.75,0.0,0.0,0.0,0.29,0.01,0.02,0.64,0.26,0.67,0.25,1.94,267.19,81.37,102.69,0.0,0.0,0.0,0.05,0.02,0.05,0.48,0.44,0.57,0.5,1.94,15.25,0.69,0.06,0.0,0.0,0.0,0.23,0.04,0.27,0.99,0.0,0.01,0.13
1.95,353.88,87.94,179.94,0.0,0.0,0.0,0.08,0.0,0.01,-0.5161879502661796,0.4596194077712559,0.72,0.04,1.95,316.81,87.62,179.75,0.0,0.0,0.0,0.29,0.03,0.02,0.64,0.26,0.67,0.25,1.95,267.19,81.37,102.69,0.0,0.0,0.0,0.04,0.05,0.06,0.48,0.44,0.57,0.5,1.95,15.25,0.69,0.06,0.0,0.0,0.0,0.22,0.04,0.29,0.99,0.0,0.01,0.13
1.96,353.88,87.94,179.94,0.0,0.0,0.0,0.1,0.01,0.0,-0.5161879502661796,0.4596194077712559,0.72,0.04,1.96,316.81,87.62,179.75,0.0,0.0,0.0,0.28,0.04,0.02,0.64,0.26,0.67,0.25,1.96,267.19,81.37,102.69,0.0,0.0,0.0,0.05,0.035,0.045,0.4802642179998423,0.4402421998331888,0.5703137588748127,0.5002752270831692,1.96,15.25,0.75,0.06,0.0,0.0,0.0,0.2,0.01,0.3,0.99,0.0,0.01,0.13
1.97,353.88,87.94,179.94,0.0,0.0,0.0,0.09,0.01,0.005,-0.5167825923634335,0.4601488836112764,0.7208294310430958,0.0400460795023942,1.97,316.81,87.62,179.75,0.0,0.0,0.0,0.28,0.03,0.01,0.64,0.26,0.67,0.25,1.97,267.19,81.37,102.69,0.0,0.0,0.0,0.06,0.02,0.03,0.48,0.44,0.57,0.5,1.97,15.25,0.75,0.06,0.0,0.0,0.0,0.17,0.01,0.2,0.99,0.0,0.01,0.13
1.98,353.88,87.94,179.94,0.0,0.0,0.0,0.08,0.01,0.01,-0.5161879502661796,0.4596194077712559,0.72,0.04,1.98,316.81,87.62,179.75,0.0,0.0,0.0,0.28,0.03,0.0,0.64,0.26,0.67,0.25,1.98,267.19,81.37,102.69,0.0,0.0,0.0,0.05,0.04,0.02,0.48,0.44,0.57,0.5,1.98,15.25,0.75,0.06,0.0,0.0,0.0,0.27,0.03,0.48,0.99,0.0,0.01,0.13
1.99,353.88,87.94,179.94,0.0,0.0,0.0,0.08,0.02,0.0,-0.5161879502661796,0.4596194077712559,0.72,0.04,1.99,316.81,87.62,179.75,0.0,0.0,0.0,0.3,0.02,0.0,0.64,0.26,0.67,0.25,1.99,267.19,81.37,102.69,0.0,0.0,0.0,0.06,0.02,0.02,0.48,0.44,0.57,0.5,1.99,15.25,0.75,0.06,0.0,0.0,0.0,0.21,0.04,0.36,0.99,0.0,0.01,0.13
2.0,353.88,87.94,179.94,0.0,0.0,0.0,0.08,0.01,0.01,-0.5161879502661796,0.4596194077712559,0.72,0.04,2.0,316.81,87.62,179.75,0.0,0.0,0.0,0.29,0.02,0.03,0.64,0.26,0.67,0.25,2.0,267.19,81.37,102.69,0.0,0.0,0.0,0.03,0.04,0.04,0.48,0.44,0.57,0.5,2.0,15.25,0.78,0.06,0.0,0.0,0.0,0.215,0.03,0.28,0.9914386297770432,0.0,0.0100145316139095,0.1301889109808238
2.01,353.88,87.94,179.94,0.0,0.0,0.0,0.1,0.01,0.01,-0.5161879502661796,0.4596194077712559,0.72,0.04,2.01,316.81,87.62,179.75,0.0,0.0,0.0,0.27,0.02,0.0,0.64,0.26,0.67,0.25,2.01,267.19,81.37,102.69,0.0,0.0,0.0,0.04,0.02,0.03,0.48,0.44,0.57,0.5,2.01,15.25,0.81,0.06,0.0,0.0,0.0,0.22,0.02,0.2,0.99,0.0,0.01,0.13
2.02,353.88,87.94,179.94,0.0,0.0,0.0,0.08,0.02,0.01,-0.5161879502661796,0.4596194077712559,0.72,0.04,2.02,316.81,87.62,179.75,0.0,0.0,0.0,0.28,0.03,0.05,0.64,0.26,0.67,0.25,2.02,267.19,81.37,102.69,0.0,0.0,0.0,0.15,0.0,0.13,0.48,0.44,0.57,0.5,2.02,15.25,0.81,0.06,0.0,0.0,0.0,0.22,0.01,0.24,0.99,0.0,0.01,0.13
2.03,353.88,87.94,179.94,0.0,0.0,0.0,0.09,0.01,0.01,-0.5161879502661796,0.4596194077712559,0.72,0.04,2.03,316.81,87.62,179.75,0.0,0.0,0.0,0.29,0.04,0.0,0.64,0.26,0.67,0.25,2.03,267.19,81.37,102.69,0.0,0.0,0.0,0.03,0.05,0.03,0.48,0.44,0.57,0.5,2.03,15.25,0.845,0.06,0.0,0.0,0.0,0.205,0.03,0.245,0.9914386297770432,0.0,0.0100145316139095,0.1301889109808238
2.04,353.88,87.94,179.94,0.0,0.0,0.0,0.08,0.02,0.01,-0.5161879502661796,0.4596194077712559,0.72,0.04,2.04,316.81,87.62,179.75,0.0,0.0,0.0,0.31,0.03,0.02,0.64,0.26,0.67,0.25,2.04,267.19,81.37,102.69,0.0,0.0,0.0,0.04,0.01,0.03,0.48,0.44,0.57,0.5,2.04,15.25,0.88,0.06,0.0,0.0,0.0,0.19,0.05,0.25,0.99,0.0,0.01,0.13
2.05,353.88,87.94,179.94,0.0,0.0,0.0,0.08,0.02,0.0,-0.5161879502661796,0.4596194077712559,0.72,0.04,2.05,316.81,87.62,179.75,0.0,0.0,0.0,0.27,0.01,0.0,0.64,0.26,0.67,0.25,2.05,267.19,81.37,102.69,0.0,0.0,0.0,0.0,0.03,0.03,0.48,0.44,0.57,0.5,2.05,15.25,0.88,0.06,0.0,0.0,0.0,0.18,0.01,0.29,0.99,0.0,0.01,0.13
2.06,353.88,87.94,179.94,0.0,0.0,0.0,0.07,0.01,0.0,-0.5161879502661796,0.4596194077712559,0.72,0.04,2.06,316.81,87.62,179.75,0.0,0.0,0.0,0.3,0.03,0.0,0.64,0.26,0.67,0.25,2.06,267.19,81.37,102.69,0.0,0.0,0.0,0.035,0.025,0.035,0.4802642179998423,0.4402421998331888,0.5703137588748127,0.5002752270831692,2.06,15.25,0.88,0.06,0.0,0.0,0.0,0.21,0.04,0.27,0.99,0.0,0.01,0.13
2.07,353.88,87.94,179.94,0.0,0.0,0.0,0.07,0.01,0.01,-0.5161879502661796,0.4596194077712559,0.72,0.04,2.07,316.81,87.62,179.75,0.0,0.0,0.0,0.29,0.03,0.02,0.64,0.26,0.67,0.25,2.07,267.19,81.37,102.69,0.0,0.0,0.0,0.07,0.02,0.04,0.48,0.44,0.57,0.5,2.07,15.25,0.94,0.13,0.0,0.0,0.0,0.18,0.05,0.25,0.99,0.0,0.01,0.13
2.08,353.88,87.94,179.94,0.0,0.0,0.0,0.08,0.02,0.01,-0.5161879502661796,0.4596194077712559,0.72,0.04,2.08,316.81,87.62,179.75,0.0,0.0,0.0,0.28,0.03,0.01,0.6436794896951259,0.2614947926886449,0.673851965774585,0.2514373006621585,2.08,267.19,81.37,102.69,0.0,0.0,0.01,0.08,0.03,0.05,0.48,0.44,0.57,0.5,2.08,15.25,0.94,0.13,0.0,0.0,0.0,0.18,0.02,0.27,0.99,0.0,0.01,0.13
2.09,353.88,87.94,179.94,0.0,0.0,0.0,0.1,0.01,0.0,-0.5161879502661796,0.4596194077712559,0.72,0.04,2.09,316.81,87.62,179.75,0.0,0.0,0.0,0.27,0.03,0.0,0.64,0.26,0.67,0.25,2.09,267.19,81.37,102.69,0.0,0.0,0.01,0.06,0.03,0.04,0.48,0.44,0.57,0.5,2.09,15.25,0.94,0.13,0.0,0.0,0.0,0.18,0.03,0.28,0.99,0.0,0.01,0.13
2.1,353.88,87.94,179.94,0.0,0.0,0.0,0.1,0.015,0.005,-0.5167825923634335,0.4601488836112764,0.7208294310430958,0.0400460795023942,2.1,316.81,87.62,179.75,0.0,0.0,0.0,0.29,0.03,0.0,0.64,0.26,0.67,0.25,2.1,267.19,81.37,102.69,0.0,0.0,0.0,0.04,0.02,0.03,0.48,0.44,0.57,0.5,2.1,15.25,0.94,0.13,0.0,0.0,0.0,0.19,0.03,0.25,0.99,0.0,0.01,0.13
2.11,353.88,87.94,179.94,0.0,0.0,0.0,0.1,0.02,0.01,-0.5161879502661796,0.4596194077712559,0.72,0.04,2.11,316.81,87.62,179.75,0.0,0.0,0.0,0.29,0.035,0.0,0.6436794896951259,0.2614947926886449,0.673851965774585,0.2514373006621585,2.11,267.19,81.37,102.69,0.0,0.0,0.0,0.03,0.04,0.03,0.48,0.44,0.57,0.5,2.11,15.25,0.94,0.13,0.0,0.0,0.0,0.18,0.01,0.29,0.99,0.0,0.01,0.13
2.12,353.88,87.94,179.94,0.0,0.0,0.0,0.09,0.01,0.03,-0.5161879502661796,0.4596194077712559,0.72,0.04,2.12,316.81,87.62,179.75,0.0,0.0,0.0,0.29,0.04,0.0,0.64,0.26,0.67,0.25,2.12,267.19,81.37,102.69,0.0,0.0,0.0,0.05,0.0,0.04,0.48,0.44,0.57,0.5,2.12,15.25,1.0,0.13,0.0,0.0,0.0,0.19,0.01,0.28,0.99,0.0,0.01,0.13
2.13,353.88,87.94,179.94,0.0,0.0,0.0,0.13,0.03,0.01,-0.5161879502661796,0.4596194077712559,0.72,0.04,2.13,316.81,87.62,179.75,0.0,0.0,0.0,0.3,0.04,0.02,0.64,0.26,0.67,0.25,2.13,267.19,81.37,102.69,0.0,0.0,0.0,0.05,0.02,0.03,0.48,0.44,0.57,0.5,2.13,15.25,1.0,0.13,0.0,0.0,0.0,0.175,0.015,0.27,0.9914386297770432,0.0,0.0100145316139095,0.1301889109808238
2.14,353.88,87.94,179.94,0.0,0.01,0.0,0.12,0.01,0.01,-0.5161879502661796,0.4596194077712559,0.72,0.04,2.14,316.81,87.62,179.75,0.0,0.0,0.0,0.24,0.03,0.03,0.64,0.26,0.67,0.25,2.14,267.19,81.37,102.69,0.0,0.01,0.0,0.05,0.06,0.02,0.48,0.44,0.57,0.5,2.14,15.25,1.0,0.13,0.0,0.0,0.0,0.16,0.02,0.26,0.99,0.0,0.01,0.13
2.15,353.88,87.94,179.94,0.0,0.0,0.01,0.19,0.04,0.09,-0.5161879502661796,0.4596194077712559,0.72,0.04,2.15,316.81,87.62,179.75,0.0,0.0,0.01,0.36,0.01,0.0,0.64,0.26,0.67,0.25,2.15,267.19,81.37,102.69,0.0,0.0,0.0,0.05,0.03,0.05,0.48,0.44,0.57,0.5,2.15,15.25,1.0,0.13,0.0,0.0,0.0,0.17,0.03,0.26,0.99,0.0,0.01,0.13
2.16,353.88,87.94,179.94,0.0,0.01,0.0,0.16,0.02,0.04,-0.5161879502661796,0.4596194077712559,0.72,0.04,2.16,316.81,87.62,179.75,0.0,0.0,0.0,0.3,0.01,0.01,0.64,0.26,0.67,0.25,2.16,267.19,81.37,102.69,0.0,0.0,0.0,0.04,0.05,0.04,0.48,0.44,0.57,0.5,2.16,15.25,1.0,0.13,0.0,0.0,0.0,0.17,0.03,0.29,0.99,0.0,0.01,0.13
2.17,353.88,87.94,179.94,0.0,0.01,0.01,0.01,0.02,0.05,-0.5161879502661796,0.4596194077712559,0.72,0.04,2.17,316.81,87.62,179.75,0.0,0.0,0.0,0.22,0.03,0.0,0.64,0.26,0.67,0.25,2.17,267.19,81.37,102.69,0.0,0.0,0.0,0.07,0.02,0.04,0.48,0.44,0.57,0.5,2.17,15.25,1.06,0.13,0.0,0.0,0.0,0.16,0.03,0.23,0.99,0.0,0.01,0.13
2.18,353.88,87.94,179.94,0.0,0.005,0.005,0.065,0.015,0.03,-0.5167825923634335,0.4601488836112764,0.7208294310430958,0.0400460795023942,2.18,316.81,87.62,179.75,0.0,0.0,0.0,0.29,0.05,0.03,0.64,0.26,0.67,0.25,2.18,267.19,81.37,102.69,0.0,0.0,0.0,0.03,0.02,0.01,0.48,0.44,0.57,0.5,2.18,15.25,1.06,0.13,0.0,0.0,0.0,0.17,0.03,0.26,0.99,0.0,0.01,0.13
2.19,353.88,87.94,179.94,0.0,0.0,0.0,0.12,0.01,0.01,-0.5161879502661796,0.4596194077712559,0.72,0.04,2.19,316.81,87.62,179.75,0.0,0.0,0.0,0.275,0.04,0.025,0.6436794896951259,0.2614947926886449,0.673851965774585,0.2514373006621585,2.19,267.19,81.37,102.69,0.0,0.0,0.0,0.04,0.025,0.0199999999999999,0.4802642179998423,0.4402421998331888,0.5703137588748127,0.5002752270831692,2.19,15.25,1.06,0.13,0.0,0.0,0.0,0.15,0.03,0.27,0.99,0.0,0.01,0.13
2.2,353.88,87.94,179.94,0.0,0.0,0.01,0.08,0.02,0.02,-0.5161879502661796,0.4596194077712559,0.72,0.04,2.2,316.81,87.62,179.75,0.0,0.0,0.0,0.26,0.03,0.02,0.64,0.26,0.67,0.25,2.2,267.19,81.37,102.69,0.0,0.0,0.0,0.05,0.03,0.03,0.48,0.44,0.57,0.5,2.2,15.25,1.06,0.13,0.0,0.0,0.0,0.17,0.04,0.25,0.99,0.0,0.01,0.13
2.21,353.88,87.94,179.94,0.0,0.01,0.0,0.1,0.01,0.02,-0.5161879502661796,0.4596194077712559,0.72,0.04,2.21,316.81,87.62,179.75,0.0,0.0,0.0,0.29,0.02,0.02,0.64,0.26,0.67,0.25,2.21,267.19,81.37,102.69,0.0,0.0,0.0,0.04,0.02,0.03,0.48,0.44,0.57,0.5,2.21,15.25,1.06,0.13,0.0,0.0,0.0,0.15,0.02,0.27,0.99,0.0,0.01,0.13
2.22,353.88,87.94,179.94,0.0,0.0,0.0,0.08,0.03,0.02,-0.5161879502661796,0.4596194077712559,0.72,0.04,2.22,316.81,87.62,179.75,0.0,0.0,0.0,0.32,0.03,0.06,0.64,0.26,0.67,0.25,2.22,267.19,81.37,102.69,0.0,0.0,0.0,0.02,0.04,0.07,0.48,0.44,0.57,0.5,2.22,15.25,1.06,0.13,0.0,0.0,0.0,0.17,0.02,0.23,0.99,0.0,0.01,0.13
