0.01,272.63,0.56,14.87,0.0,0.0,0.0,0.02,0.03,0.03,0.72,0.09,0.09,0.68
0.02,272.63,0.56,14.87,0.0,0.0,0.0,0.02,0.03,0.0,0.72,0.09,0.09,0.68
0.03,272.63,0.56,14.87,0.0,0.0,0.0,0.03,0.04,0.0,0.72,0.09,0.09,0.68
0.04,272.63,0.56,14.87,0.0,0.0,0.0,0.02,0.04,0.01,0.72,0.09,0.09,0.68
0.05,272.63,0.56,14.87,0.0,0.0,0.0,0.02,0.02,0.03,0.72,0.09,0.09,0.68
0.06,272.63,0.56,14.87,0.0,0.0,0.0,0.02,0.04,0.03,0.72,0.09,0.09,0.68
0.07,272.63,0.56,14.87,0.0,0.0,0.0,0.02,0.045,0.02,0.72108243609099,0.0901353045113737,0.0901353045113737,0.6810223007526017
0.08,272.63,0.56,14.87,0.0,0.0,0.0,0.02,0.05,0.01,0.72,0.09,0.09,0.68
0.09,272.63,0.56,14.87,0.0,0.0,0.0,0.0,0.02,0.05,0.72,0.09,0.09,0.68
0.1,272.63,0.56,14.87,0.0,0.0,0.0,0.01,0.05,0.01,0.72,0.09,0.09,0.68
0.11,272.63,0.56,14.87,0.0,0.0,0.0,0.0,0.06,0.03,0.72,0.09,0.09,0.68
0.12,272.63,0.56,14.87,0.0,0.0,0.0,0.01,0.04,0.0,0.72,0.09,0.09,0.68
0.13,272.63,0.56,14.87,0.0,0.0,0.0,0.01,0.03,0.0,0.72,0.09,0.09,0.68
0.14,272.63,0.56,14.87,0.0,0.0,0.0,0.0,0.03,0.01,0.72,0.09,0.09,0.68
0.15,272.63,0.56,14.87,0.0,0.0,0.0,0.01,0.04,0.04,0.72,0.09,0.09,0.68
0.16,272.63,0.56,14.87,0.0,0.0,0.0,0.0,0.02,0.03,0.72,0.09,0.09,0.68
0.17,272.63,0.56,14.87,0.0,0.0,0.0,0.005,0.025,0.015,0.72108243609099,0.0901353045113737,0.0901353045113737,0.6810223007526017
0.18,272.63,0.56,14.87,0.0,0.0,0.0,0.01,0.03,0.0,0.72,0.09,0.09,0.68
0.19,272.63,0.56,14.87,0.0,0.0,0.0,0.01,0.06,0.0,0.72,0.09,0.09,0.68
0.2,272.63,0.56,14.87,0.0,0.0,0.0,0.01,0.04,0.0,0.72108243609099,0.0901353045113737,0.0901353045113737,0.6810223007526017
0.21,272.63,0.56,14.87,0.0,0.0,0.0,0.01,0.02,0.0,0.72,0.09,0.09,0.68
0.22,272.63,0.56,14.87,0.0,0.0,0.0,0.01,0.05,0.0,0.72,0.09,0.09,0.68
0.23,272.63,0.56,14.87,0.0,0.0,0.0,0.03,0.05,0.0,0.72,0.09,0.09,0.68
0.24,272.63,0.56,14.87,0.0,0.0,0.0,0.0,0.02,0.02,0.72,0.09,0.09,0.68
0.25,272.63,0.56,14.87,0.0,0.0,0.0,0.0,0.03,0.02,0.72,0.09,0.09,0.68
0.26,272.63,0.56,14.87,0.0,0.0,0.0,0.02,0.03,0.01,0.72,0.09,0.09,0.68
0.27,272.63,0.56,14.87,0.0,0.0,0.0,0.03,0.05,0.04,0.72,0.09,0.09,0.68
0.28,272.63,0.56,14.87,0.0,0.0,0.0,0.02,0.01,0.02,0.72,0.09,0.09,0.68
0.29,272.63,0.56,14.87,0.0,0.0,0.0,0.01,0.04,0.03,0.72,0.09,0.09,0.68
0.3,272.63,0.56,14.87,0.0,0.0,0.0,0.0,0.05,0.0,0.72,0.09,0.09,0.68
0.31,272.63,0.56,14.87,0.0,0.0,0.0,0.02,0.03,0.03,0.72,0.09,0.09,0.68
0.32,272.63,0.56,14.87,0.0,0.0,0.0,0.01,0.05,0.01,0.72,0.09,0.09,0.68
0.33,272.63,0.56,14.87,0.0,0.0,0.0,0.02,0.04,0.03,0.72,0.09,0.09,0.68
0.34,272.63,0.56,14.87,0.0,0.0,0.0,0.02,0.03,0.02,0.72,0.09,0.09,0.68
0.35,272.63,0.56,14.87,0.0,0.0,0.0,0.02,0.02,0.0,0.72,0.09,0.09,0.68
0.36,272.63,0.56,14.87,0.0,0.0,0.0,0.0,0.04,0.02,0.72,0.09,0.09,0.68
0.37,272.63,0.56,14.87,0.0,0.0,0.0,0.01,0.04,0.02,0.72,0.09,0.09,0.68
0.38,272.63,0.56,14.87,0.0,0.0,0.0,0.0,0.04,0.02,0.72,0.09,0.09,0.68
0.39,272.63,0.56,14.87,0.0,0.0,0.0,0.02,0.04,0.02,0.72,0.09,0.09,0.68
0.4,272.63,0.56,14.87,0.0,0.0,0.0,0.01,0.04,0.0,0.72,0.09,0.09,0.68
0.41,272.63,0.56,14.87,0.0,0.0,0.0,0.03,0.05,0.04,0.72,0.09,0.09,0.68
0.42,272.63,0.56,14.87,0.0,0.0,0.0,0.02,0.03,0.02,0.72,0.09,0.09,0.68
0.43,272.63,0.56,14.87,0.0,0.0,0.0,0.02,0.02,0.03,0.72,0.09,0.09,0.68
0.44,272.63,0.56,14.87,0.0,0.0,0.0,0.02,0.02,0.02,0.72,0.09,0.09,0.68
0.45,272.63,0.56,14.87,0.0,0.0,0.0,0.01,0.04,0.02,0.72,0.09,0.09,0.68
0.46,272.63,0.56,14.87,0.0,0.0,0.0,0.02,0.04,0.01,0.72,0.09,0.09,0.68
0.47,272.63,0.56,14.87,0.0,0.0,0.0,0.02,0.04,0.02,0.72,0.09,0.09,0.68
0.48,272.63,0.56,14.87,0.0,0.0,0.0,0.03,0.04,0.0,0.72,0.09,0.09,0.68
0.49,272.63,0.56,14.87,0.0,0.0,0.0,0.025,0.045,0.0,0.72108243609099,0.0901353045113737,0.0901353045113737,0.6810223007526017
0.5,272.63,0.56,14.87,0.0,0.0,0.0,0.02,0.05,0.0,0.72,0.09,0.09,0.68
0.51,272.63,0.56,14.87,0.0,0.0,0.0,0.01,0.03,0.03,0.72,0.09,0.09,0.68
0.52,272.63,0.56,14.87,0.0,0.0,0.0,0.01,0.04,0.01,0.72,0.09,0.09,0.68
0.53,272.63,0.56,14.87,0.0,0.0,0.0,0.02,0.04,0.02,0.72,0.09,0.09,0.68
0.54,272.63,0.56,14.87,0.0,0.0,0.0,0.02,0.03,0.01,0.72,0.09,0.09,0.68
0.55,272.63,0.56,14.87,0.0,0.0,0.0,0.0,0.03,0.0,0.72,0.09,0.09,0.68
0.56,272.63,0.56,14.87,0.0,0.0,0.0,0.0,0.04,0.04,0.72,0.09,0.09,0.68
0.57,272.63,0.56,14.87,0.0,0.0,0.0,0.01,0.05,0.0,0.72,0.09,0.09,0.68
0.58,272.63,0.56,14.87,0.0,0.0,0.0,0.0,0.04,0.02,0.72,0.09,0.09,0.68
0.59,272.63,0.56,14.87,0.0,0.0,0.0,0.03,0.02,0.02,0.72,0.09,0.09,0.68
0.6,272.63,0.56,14.87,0.0,0.0,0.0,0.0,0.05,0.0,0.72,0.09,0.09,0.68
0.61,272.63,0.56,14.87,0.0,0.0,0.0,0.005,0.05,0.0,0.72108243609099,0.0901353045113737,0.0901353045113737,0.6810223007526017
0.62,272.63,0.56,14.87,0.0,0.0,0.0,0.01,0.05,0.0,0.72,0.09,0.09,0.68
0.63,272.63,0.56,14.87,0.0,0.0,0.0,0.02,0.04,0.02,0.72,0.09,0.09,0.68
0.64,272.63,0.56,14.87,0.0,0.0,0.0,0.0,0.04,0.0,0.72,0.09,0.09,0.68
0.65,272.63,0.56,14.87,0.0,0.0,0.0,0.0,0.04,0.01,0.72,0.09,0.09,0.68
0.66,272.63,0.56,14.87,0.0,0.0,0.0,0.02,0.04,0.02,0.72,0.09,0.09,0.68
0.67,272.63,0.56,14.87,0.0,0.0,0.0,0.01,0.03,0.03,0.72,0.09,0.09,0.68
0.68,272.63,0.56,14.87,0.0,0.0,0.0,0.02,0.04,0.02,0.72,0.09,0.09,0.68
0.69,272.63,0.56,14.87,0.0,0.0,0.0,0.01,0.03,0.0,0.72,0.09,0.09,0.68
0.7,272.63,0.56,14.87,0.0,0.0,0.0,0.0,0.03,0.0,0.72,0.09,0.09,0.68
0.71,272.63,0.56,14.87,0.0,0.0,0.0,0.005,0.03,0.005,0.72108243609099,0.0901353045113737,0.0901353045113737,0.6810223007526017
0.72,272.63,0.56,14.87,0.0,0.0,0.0,0.01,0.03,0.01,0.72,0.09,0.09,0.68
0.73,272.63,0.56,14.87,0.0,0.0,0.0,0.0,0.03,0.01,0.72,0.09,0.09,0.68
0.74,272.63,0.56,14.87,0.0,0.0,0.0,0.01,0.04,0.02,0.72,0.09,0.09,0.68
0.75,272.63,0.56,14.87,0.0,0.0,0.0,0.01,0.03,0.0,0.72,0.09,0.09,0.68
0.76,272.63,0.56,14.87,0.01,0.0,0.0,0.0,0.04,0.04,0.72,0.09,0.09,0.68
0.77,272.63,0.56,14.87,0.0,0.0,0.0,0.0,0.05,0.0,0.72,0.09,0.09,0.68
0.78,272.63,0.56,14.87,0.0,0.0,0.0,0.0,0.03,0.04,0.72,0.09,0.09,0.68
0.79,272.63,0.56,14.87,0.0,0.0,0.0,0.005,0.025,0.025,0.72108243609099,0.0901353045113737,0.0901353045113737,0.6810223007526017
0.8,272.63,0.56,14.87,0.0,0.0,0.0,0.01,0.02,0.01,0.72,0.09,0.09,0.68
0.81,272.63,0.56,14.87,0.0,0.0,0.0,0.0,0.03,0.03,0.72,0.09,0.09,0.68
0.82,272.63,0.56,14.87,0.0,0.0,0.0,0.02,0.03,0.02,0.72,0.09,0.09,0.68
0.83,272.63,0.56,14.87,0.0,0.0,0.0,0.0,0.03,0.01,0.72,0.09,0.09,0.68
0.84,272.63,0.56,14.87,0.0,0.0,0.0,0.0,0.05,0.03,0.72,0.09,0.09,0.68
0.85,272.63,0.56,14.87,0.0,0.0,0.0,0.01,0.05,0.01,0.72,0.09,0.09,0.68
0.86,272.63,0.56,14.87,0.0,0.0,0.0,0.02,0.02,0.01,0.72,0.09,0.09,0.68
0.87,272.63,0.56,14.87,0.0,0.0,0.0,0.01,0.04,0.01,0.72,0.09,0.09,0.68
0.88,272.63,0.56,14.87,0.0,0.0,0.0,0.0,0.02,0.01,0.72,0.09,0.09,0.68
0.89,272.63,0.56,14.87,0.0,0.0,0.0,0.01,0.02,0.03,0.72,0.09,0.09,0.68
0.9,272.63,0.56,14.87,0.0,0.0,0.0,0.01,0.01,0.0,0.72,0.09,0.09,0.68
0.91,272.63,0.56,14.87,0.0,0.0,0.0,0.02,0.03,0.01,0.72,0.09,0.09,0.68
0.92,272.63,0.56,14.87,0.0,0.0,0.0,0.0,0.03,0.01,0.72,0.09,0.09,0.68
0.93,272.63,0.56,14.87,0.0,0.0,0.0,0.03,0.04,0.01,0.72,0.09,0.09,0.68
0.94,272.63,0.56,14.87,0.0,0.0,0.0,0.0,0.03,0.0,0.72,0.09,0.09,0.68
0.95,272.63,0.56,14.87,0.0,0.0,0.0,0.0,0.03,0.03,0.72,0.09,0.09,0.68
0.96,272.63,0.56,14.87,0.0,0.0,0.0,0.03,0.04,0.0,0.72,0.09,0.09,0.68
0.97,272.63,0.56,14.87,0.0,0.0,0.0,0.01,0.02,0.0,0.72,0.09,0.09,0.68
0.98,272.63,0.56,14.87,0.0,0.0,0.0,0.03,0.03,0.0,0.72,0.09,0.09,0.68
0.99,272.63,0.56,14.87,0.0,0.0,0.0,0.01,0.03,0.01,0.72,0.09,0.09,0.68
1.0,272.63,0.56,14.87,0.0,0.0,0.0,0.01,0.02,0.01,0.72,0.09,0.09,0.68
1.01,272.63,0.56,14.87,0.0,0.0,0.0,0.0,0.04,0.05,0.72,0.09,0.09,0.68
1.02,272.63,0.56,14.87,0.0,0.0,0.0,0.01,0.045,0.025,0.72108243609099,0.0901353045113737,0.0901353045113737,0.6810223007526017
1.03,272.63,0.56,14.87,0.0,0.0,0.0,0.02,0.05,0.0,0.72,0.09,0.09,0.68
1.04,272.63,0.56,14.87,0.0,0.0,0.0,0.0,0.04,0.05,0.72,0.09,0.09,0.68
1.05,272.63,0.56,14.87,0.0,0.0,0.0,0.02,0.03,0.01,0.72,0.09,0.09,0.68
1.06,272.63,0.56,14.87,0.0,0.0,0.0,0.01,0.03,0.04,0.72,0.09,0.09,0.68
1.07,272.63,0.56,14.87,0.0,0.0,0.0,0.01,0.04,0.0,0.72,0.09,0.09,0.68
1.08,272.63,0.56,14.87,0.0,0.0,0.0,0.0,0.04,0.02,0.72,0.09,0.09,0.68
1.09,272.63,0.56,14.87,0.0,0.0,0.0,0.0,0.03,0.02,0.72,0.09,0.09,0.68
1.1,272.63,0.56,14.87,0.0,0.01,0.0,0.02,0.03,0.02,0.72,0.09,0.09,0.68
1.11,272.63,0.56,14.87,0.0,0.0,0.0,0.01,0.05,0.01,0.72,0.09,0.09,0.68
1.12,272.63,0.56,14.87,0.0,0.0,0.0,0.005,0.045,0.005,0.72108243609099,0.0901353045113737,0.0901353045113737,0.6810223007526017
1.13,272.63,0.56,14.87,0.0,0.0,0.0,0.0,0.04,0.0,0.72,0.09,0.09,0.68
1.14,272.63,0.56,14.87,0.0,0.0,0.0,0.02,0.04,0.03,0.72,0.09,0.09,0.68
1.15,272.63,0.56,14.87,0.0,0.0,0.0,0.01,0.03,0.03,0.72,0.09,0.09,0.68
1.16,272.63,0.56,14.87,0.0,0.0,0.0,0.01,0.02,0.04,0.72,0.09,0.09,0.68
1.17,272.63,0.56,14.87,0.0,0.0,0.0,0.0,0.05,0.0,0.72,0.09,0.09,0.68
1.18,272.63,0.56,14.87,0.0,0.0,0.0,0.02,0.02,0.02,0.72,0.09,0.09,0.68
1.19,272.63,0.56,14.87,0.0,0.0,0.0,0.02,0.04,0.0,0.72,0.09,0.09,0.68
1.2,272.63,0.56,14.87,0.01,0.0,0.0,0.01,0.05,0.03,0.72,0.09,0.09,0.68
1.21,272.63,0.56,14.87,0.0,0.0,0.0,0.02,0.07,0.05,0.72,0.09,0.09,0.68
1.22,272.63,0.56,14.87,0.0,0.0,0.0,0.01,0.05,0.0,0.72,0.09,0.09,0.68
1.23,272.63,0.56,14.87,0.0,0.0,0.0,0.01,0.03,0.02,0.72,0.09,0.09,0.68
1.24,272.63,0.56,14.87,0.0,0.0,0.0,0.01,0.03,0.0,0.72,0.09,0.09,0.68
1.25,272.63,0.56,14.87,0.0,0.0,0.0,0.0,0.02,0.02,0.72,0.09,0.09,0.68
1.26,272.63,0.56,14.87,0.0,0.0,0.0,0.01,0.04,0.06,0.72,0.09,0.09,0.68
1.27,272.63,0.56,14.87,0.0,0.0,0.0,0.02,0.04,0.01,0.72,0.09,0.09,0.68
1.28,272.63,0.56,14.87,0.0,0.0,0.0,0.01,0.04,0.0,0.72,0.09,0.09,0.68
1.29,272.63,0.56,14.87,0.0,0.0,0.0,0.02,0.01,0.0,0.72,0.09,0.09,0.68
1.3,272.63,0.56,14.87,0.0,0.0,0.0,0.02,0.025,0.02,0.72108243609099,0.0901353045113737,0.0901353045113737,0.6810223007526017
1.31,272.63,0.56,14.87,0.0,0.0,0.0,0.02,0.04,0.04,0.72,0.09,0.09,0.68
1.32,272.63,0.56,14.87,0.0,0.0,0.0,0.01,0.02,0.0,0.72,0.09,0.09,0.68
1.33,272.63,0.56,14.87,0.0,0.0,0.0,0.02,0.05,0.0,0.72,0.09,0.09,0.68
1.34,272.63,0.56,14.87,0.0,0.0,0.0,0.01,0.05,0.03,0.72,0.09,0.09,0.68
1.35,272.63,0.56,14.87,0.0,0.0,0.0,0.04,0.04,0.03,0.72,0.09,0.09,0.68
1.36,272.63,0.56,14.87,0.0,0.0,0.0,0.0,0.03,0.05,0.72,0.09,0.09,0.68
1.37,272.63,0.56,14.87,0.0,0.0,0.0,0.02,0.05,0.03,0.72,0.09,0.09,0.68
1.38,272.63,0.56,14.87,0.0,0.0,0.0,0.0,0.03,0.0,0.72,0.09,0.09,0.68
1.39,272.63,0.56,14.87,0.0,0.0,0.0,0.02,0.05,0.01,0.72,0.09,0.09,0.68
1.4,272.63,0.56,14.87,0.0,0.0,0.0,0.02,0.03,0.0,0.72,0.09,0.09,0.68
1.41,272.63,0.56,14.87,0.0,0.0,0.0,0.01,0.03,0.02,0.72,0.09,0.09,0.68
1.42,272.63,0.56,14.87,0.0,0.0,0.0,0.0,0.04,0.01,0.72,0.09,0.09,0.68
1.43,272.63,0.56,14.87,0.0,0.0,0.0,0.015,0.035,0.03,0.72108243609099,0.0901353045113737,0.0901353045113737,0.6810223007526017
1.44,272.63,0.56,14.87,0.0,0.0,0.0,0.03,0.03,0.05,0.72,0.09,0.09,0.68
1.45,272.63,0.56,14.87,0.0,0.0,0.0,0.01,0.05,0.0,0.72,0.09,0.09,0.68
1.46,272.63,0.56,14.87,0.0,0.0,0.0,0.03,0.05,0.03,0.72,0.09,0.09,0.68
1.47,272.63,0.56,14.87,0.0,0.0,0.0,0.02,0.04,0.0,0.72,0.09,0.09,0.68
1.48,272.63,0.56,14.87,0.0,0.0,0.0,0.01,0.02,0.0,0.72,0.09,0.09,0.68
1.49,272.63,0.56,14.87,0.0,0.0,0.0,0.02,0.02,0.0,0.72,0.09,0.09,0.68
1.5,272.63,0.56,14.87,0.0,0.01,0.0,0.01,0.03,0.02,0.72,0.09,0.09,0.68
1.51,272.63,0.56,14.87,0.0,0.0,0.0,0.0,0.04,0.0,0.72,0.09,0.09,0.68
1.52,272.63,0.56,14.87,0.0,0.0,0.0,0.01,0.04,0.0,0.72,0.09,0.09,0.68
1.53,272.63,0.56,14.87,0.0,0.0,0.0,0.01,0.03,0.02,0.72,0.09,0.09,0.68
1.54,272.63,0.56,14.87,0.0,0.01,0.0,0.02,0.04,0.02,0.72,0.09,0.09,0.68
1.55,272.63,0.56,14.87,0.0,0.0,0.0,0.01,0.03,0.0,0.72,0.09,0.09,0.68
1.56,272.63,0.56,14.87,0.0,0.0,0.0,0.0,0.03,0.0,0.72,0.09,0.09,0.68
1.57,272.63,0.56,14.87,0.0,0.0,0.0,0.0,0.04,0.01,0.72,0.09,0.09,0.68
1.58,272.63,0.56,14.87,0.0,0.0,0.0,0.0,0.01,0.0,0.72,0.09,0.09,0.68
1.59,272.63,0.56,14.87,0.0,0.0,0.0,0.02,0.02,0.03,0.72,0.09,0.09,0.68
1.6,272.63,0.56,14.87,0.0,0.0,0.0,0.01,0.03,0.02,0.72,0.09,0.09,0.68
1.61,272.63,0.56,14.87,0.0,0.0,0.0,0.02,0.03,0.02,0.72,0.09,0.09,0.68
1.62,272.63,0.56,14.87,0.0,0.0,0.0,0.02,0.03,0.0,0.72,0.09,0.09,0.68
1.63,272.63,0.56,14.87,0.0,0.0,0.0,0.02,0.03,0.0,0.72108243609099,0.0901353045113737,0.0901353045113737,0.6810223007526017
1.64,272.63,0.56,14.87,0.0,0.0,0.0,0.02,0.03,0.0,0.72,0.09,0.09,0.68
1.65,272.63,0.56,14.87,0.0,0.0,0.0,0.01,0.04,0.01,0.72,0.09,0.09,0.68
1.66,272.63,0.56,14.87,0.0,0.01,0.0,0.02,0.04,0.02,0.72,0.09,0.09,0.68
1.67,272.63,0.56,14.87,0.0,0.0,0.0,0.02,0.04,0.0,0.72,0.09,0.09,0.68
1.68,272.63,0.56,14.87,0.0,0.0,0.0,0.02,0.05,0.0,0.72,0.09,0.09,0.68
1.69,272.63,0.56,14.87,0.0,0.0,0.0,0.0,0.03,0.01,0.72,0.09,0.09,0.68
1.7,272.63,0.56,14.87,0.0,0.0,0.0,0.03,0.03,0.02,0.72,0.09,0.09,0.68
1.71,272.63,0.56,14.87,0.0,0.0,0.0,0.02,0.04,0.0,0.72,0.09,0.09,0.68
1.72,272.63,0.56,14.87,0.0,0.0,0.0,0.0,0.02,0.0,0.72,0.09,0.09,0.68
1.73,272.63,0.56,14.87,0.0,0.0,0.0,0.03,0.04,0.0,0.72,0.09,0.09,0.68
1.74,272.63,0.56,14.87,0.0,0.0,0.0,0.0,0.04,0.01,0.72,0.09,0.09,0.68
1.75,272.63,0.56,14.87,0.0,0.0,0.0,0.01,0.04,0.0,0.72,0.09,0.09,0.68
1.76,272.63,0.56,14.87,0.0,0.0,0.0,0.02,0.02,0.06,0.72,0.09,0.09,0.68
1.77,272.63,0.56,14.87,0.0,0.0,0.0,0.01,0.02,0.01,0.72,0.09,0.09,0.68
1.78,272.63,0.56,14.87,0.0,0.0,0.0,0.0,0.04,0.0,0.72,0.09,0.09,0.68
1.79,272.63,0.56,14.87,0.0,0.01,0.0,0.03,0.02,0.01,0.72,0.09,0.09,0.68
1.8,272.63,0.56,14.87,0.0,0.01,0.0,0.03,0.02,0.01,0.72,0.09,0.09,0.68
1.81,272.63,0.56,14.87,0.0,0.005,0.0,0.015,0.035,0.025,0.72108243609099,0.0901353045113737,0.0901353045113737,0.6810223007526017
1.82,272.63,0.56,14.87,0.0,0.0,0.0,0.0,0.05,0.04,0.72,0.09,0.09,0.68
1.83,272.63,0.56,14.87,0.0,0.0,0.0,0.0,0.03,0.02,0.72,0.09,0.09,0.68
1.84,272.63,0.56,14.87,0.0,0.0,0.0,0.005,0.035,0.015,0.72108243609099,0.0901353045113737,0.0901353045113737,0.6810223007526017
1.85,272.63,0.56,14.87,0.0,0.0,0.0,0.01,0.04,0.01,0.72,0.09,0.09,0.68
1.86,272.63,0.56,14.87,0.0,0.0,0.0,0.01,0.04,0.03,0.72,0.09,0.09,0.68
1.87,272.63,0.56,14.87,0.0,0.0,0.0,0.01,0.04,0.02,0.72,0.09,0.09,0.68
1.88,272.63,0.56,14.87,0.0,0.0,0.0,0.01,0.03,0.01,0.72,0.09,0.09,0.68
1.89,272.63,0.56,14.87,0.0,0.0,0.0,0.01,0.03,0.03,0.72,0.09,0.09,0.68
1.9,272.63,0.56,14.87,0.0,0.0,0.0,0.01,0.01,0.02,0.72,0.09,0.09,0.68
1.91,272.63,0.56,14.87,0.0,0.0,0.0,0.0,0.02,0.03,0.72,0.09,0.09,0.68
1.92,272.63,0.56,14.87,0.0,0.0,0.0,0.02,0.03,0.0,0.72,0.09,0.09,0.68
1.93,272.63,0.56,14.87,0.0,0.0,0.0,0.02,0.03,0.01,0.72,0.09,0.09,0.68
1.94,272.63,0.56,14.87,0.0,0.0,0.0,0.02,0.03,0.005,0.72108243609099,0.0901353045113737,0.0901353045113737,0.6810223007526017
1.95,272.63,0.56,14.87,0.0,0.0,0.0,0.02,0.03,0.0,0.72,0.09,0.09,0.68
1.96,272.63,0.56,14.87,0.0,0.0,0.0,0.02,0.05,0.02,0.72,0.09,0.09,0.68
1.97,272.63,0.56,14.87,0.0,0.0,0.0,0.02,0.01,0.05,0.72,0.09,0.09,0.68
1.98,272.63,0.56,14.87,0.0,0.0,0.0,0.01,0.03,0.02,0.72,0.09,0.09,0.68
1.99,272.63,0.56,14.87,0.01,0.0,0.0,0.0,0.03,0.02,0.72,0.09,0.09,0.68
2.0,272.63,0.56,14.87,0.0,0.0,0.0,0.0,0.05,0.03,0.72,0.09,0.09,0.68
2.01,272.63,0.56,14.87,0.0,0.0,0.0,0.0,0.02,0.01,0.72,0.09,0.09,0.68
2.02,272.63,0.56,14.87,0.0,0.01,0.0,0.03,0.04,0.0,0.72,0.09,0.09,0.68
2.03,272.63,0.56,14.87,0.0,0.0,0.0,0.01,0.03,0.02,0.72,0.09,0.09,0.68
2.04,272.63,0.56,14.87,0.0,0.0,0.0,0.02,0.04,0.01,0.72,0.09,0.09,0.68
2.05,272.63,0.56,14.87,0.0,0.0,0.0,0.03,0.03,0.01,0.72,0.09,0.09,0.68
2.06,272.63,0.56,14.87,0.0,0.0,0.0,0.02,0.03,0.03,0.72,0.09,0.09,0.68
2.07,272.63,0.56,14.87,0.0,0.0,0.0,0.03,0.03,0.04,0.72,0.09,0.09,0.68
2.08,272.63,0.56,14.87,0.0,0.0,0.0,0.01,0.05,0.02,0.72,0.09,0.09,0.68
2.09,272.63,0.56,14.87,0.0,0.0,0.0,0.02,0.03,0.0,0.72,0.09,0.09,0.68
2.1,272.63,0.56,14.87,0.0,0.0,0.0,0.01,0.03,0.01,0.72,0.09,0.09,0.68
2.11,272.63,0.56,14.87,0.0,0.0,0.0,0.01,0.02,0.01,0.72,0.09,0.09,0.68
2.12,272.63,0.56,14.87,0.0,0.0,0.0,0.02,0.03,0.0,0.72,0.09,0.09,0.68
2.13,272.63,0.56,14.87,0.0,0.0,0.0,0.0,0.02,0.0,0.72,0.09,0.09,0.68
2.14,272.63,0.56,14.87,0.0,0.0,0.0,0.03,0.03,0.03,0.72,0.09,0.09,0.68
2.15,272.63,0.56,14.87,0.0,0.0,0.0,0.0,0.02,0.01,0.72,0.09,0.09,0.68
2.16,272.63,0.56,14.87,0.0,0.0,0.0,0.0,0.04,0.01,0.72,0.09,0.09,0.68
2.17,272.63,0.56,14.87,0.0,0.0,0.0,0.0,0.03,0.01,0.72,0.09,0.09,0.68
2.18,272.63,0.56,14.87,0.0,0.0,0.0,0.03,0.04,0.01,0.72,0.09,0.09,0.68
2.19,272.63,0.56,14.87,0.0,0.0,0.0,0.0,0.04,0.01,0.72,0.09,0.09,0.68
2.2,272.63,0.56,14.87,0.0,0.0,0.0,0.0,0.04,0.0,0.72,0.09,0.09,0.68
2.21,272.63,0.56,14.87,0.0,0.0,0.0,0.01,0.03,0.02,0.72,0.09,0.09,0.68
2.22,272.63,0.56,14.87,0.0,0.0,0.0,0.0,0.04,0.01,0.72,0.09,0.09,0.68
2.23,272.63,0.56,14.87,0.0,0.0,0.0,0.0,0.04,0.0,0.72,0.09,0.09,0.68
2.24,272.63,0.56,14.87,0.0,0.0,0.0,0.0,0.04,0.03,0.72,0.09,0.09,0.68
2.25,272.63,0.56,14.87,0.0,0.0,0.0,0.03,0.02,0.01,0.72,0.09,0.09,0.68
2.26,272.63,0.56,14.87,0.0,0.0,0.0,0.01,0.03,0.0,0.72,0.09,0.09,0.68
2.27,272.63,0.56,14.87,0.0,0.0,0.0,0.0,0.05,0.0,0.72,0.09,0.09,0.68
2.28,272.63,0.56,14.87,0.0,0.0,0.0,0.02,0.04,0.04,0.72,0.09,0.09,0.68
2.29,272.63,0.56,14.87,0.0,0.0,0.0,0.02,0.02,0.03,0.72,0.09,0.09,0.68
2.3,272.63,0.56,14.87,0.0,0.0,0.0,0.03,0.04,0.0,0.72,0.09,0.09,0.68
2.31,272.63,0.56,14.87,0.0,0.01,0.0,0.03,0.03,0.01,0.72,0.09,0.09,0.68
2.32,272.63,0.56,14.87,0.0,0.0,0.0,0.0,0.03,0.0,0.72,0.09,0.09,0.68
2.33,272.63,0.56,14.87,0.0,0.0,0.0,0.03,0.03,0.01,0.72,0.09,0.09,0.68
2.34,272.63,0.56,14.87,0.0,0.0,0.0,0.01,0.02,0.02,0.72,0.09,0.09,0.68
2.35,272.63,0.56,14.87,0.0,0.0,0.0,0.02,0.03,0.0,0.72,0.09,0.09,0.68
2.36,272.63,0.56,14.87,0.0,0.0,0.0,0.01,0.03,0.01,0.72,0.09,0.09,0.68
2.37,272.63,0.56,14.87,0.0,0.0,0.0,0.02,0.05,0.01,0.72,0.09,0.09,0.68
2.38,272.63,0.56,14.87,0.0,0.0,0.0,0.03,0.05,0.0,0.72,0.09,0.09,0.68
2.39,272.63,0.56,14.87,0.0,0.01,0.0,0.02,0.03,0.04,0.72,0.09,0.09,0.68
2.4,272.63,0.56,14.87,0.0,0.005,0.0,0.02,0.02,0.025,0.72108243609099,0.0901353045113737,0.0901353045113737,0.6810223007526017
2.41,272.63,0.56,14.87,0.0,0.0,0.0,0.02,0.01,0.01,0.72,0.09,0.09,0.68
2.42,272.63,0.56,14.87,0.0,0.0,0.0,0.03,0.01,0.0,0.72,0.09,0.09,0.68
2.43,272.63,0.56,14.87,0.0,0.0,0.0,0.02,0.01,0.01,0.72108243609099,0.0901353045113737,0.0901353045113737,0.6810223007526017
2.44,272.63,0.56,14.87,0.0,0.0,0.0,0.01,0.01,0.02,0.72,0.09,0.09,0.68
2.45,272.63,0.56,14.87,0.0,0.0,0.0,0.0,0.04,0.0,0.72,0.09,0.09,0.68
2.46,272.63,0.56,14.87,0.0,0.01,0.0,0.01,0.03,0.04,0.72,0.09,0.09,0.68
2.47,272.63,0.56,14.87,0.0,0.0,0.0,0.0,0.03,0.0,0.72,0.09,0.09,0.68
2.48,272.63,0.56,14.87,0.0,0.0,0.0,0.02,0.04,0.0,0.72,0.09,0.09,0.68
2.49,272.63,0.56,14.87,0.0,0.0,0.0,0.01,0.05,0.02,0.72,0.09,0.09,0.68
2.5,272.63,0.56,14.87,0.0,0.0,0.0,0.02,0.04,0.02,0.72,0.09,0.09,0.68
2.51,272.63,0.56,14.87,0.0,0.0,0.0,0.02,0.04,0.06,0.72,0.09,0.09,0.68
2.52,272.63,0.56,14.87,0.0,0.0,0.0,0.02,0.03,0.04,0.72,0.09,0.09,0.68
2.53,272.63,0.56,14.87,0.0,0.0,0.0,0.0,0.03,0.0,0.72,0.09,0.09,0.68
2.54,272.63,0.56,14.87,0.0,0.0,0.0,0.0,0.07,0.06,0.72,0.09,0.09,0.68
2.55,272.63,0.56,14.87,0.0,0.0,0.0,0.02,0.04,0.0,0.72,0.09,0.09,0.68
2.56,272.63,0.56,14.87,0.0,0.0,0.0,0.01,0.04,0.03,0.72,0.09,0.09,0.68
2.57,272.63,0.56,14.87,0.0,0.0,0.0,0.03,0.02,0.01,0.72,0.09,0.09,0.68
2.58,272.63,0.56,14.87,0.0,0.0,0.0,0.02,0.05,0.0,0.72,0.09,0.09,0.68
2.59,272.63,0.56,14.87,0.0,0.0,0.0,0.01,0.03,0.01,0.72,0.09,0.09,0.68
2.6,272.63,0.56,14.87,0.0,0.0,0.0,0.02,0.06,0.0,0.72,0.09,0.09,0.68
2.61,272.63,0.56,14.87,0.0,0.0,0.0,0.02,0.045,0.0,0.72108243609099,0.0901353045113737,0.0901353045113737,0.6810223007526017
2.62,272.63,0.56,14.87,0.0,0.0,0.0,0.02,0.03,0.0,0.72,0.09,0.09,0.68
2.63,272.63,0.56,14.87,0.0,0.0,0.0,0.01,0.04,0.0,0.72,0.09,0.09,0.68
2.64,272.63,0.56,14.87,0.0,0.0,0.0,0.01,0.03,0.015,0.72108243609099,0.0901353045113737,0.0901353045113737,0.6810223007526017
2.65,272.63,0.56,14.87,0.0,0.0,0.0,0.01,0.02,0.03,0.72,0.09,0.09,0.68
2.66,272.63,0.56,14.87,0.0,0.0,0.0,0.0,0.01,0.03,0.72,0.09,0.09,0.68
2.67,272.63,0.56,14.87,0.0,0.0,0.0,0.0,0.03,0.01,0.72,0.09,0.09,0.68
2.68,272.63,0.56,14.87,0.0,0.0,0.0,0.0,0.02,0.0,0.72,0.09,0.09,0.68
2.69,272.63,0.56,14.87,0.0,0.0,0.0,0.02,0.02,0.02,0.72,0.09,0.09,0.68
2.7,272.63,0.56,14.87,0.0,0.0,0.0,0.0,0.06,0.0,0.72,0.09,0.09,0.68
2.71,272.63,0.56,14.87,0.0,0.0,0.0,0.01,0.06,0.02,0.72,0.09,0.09,0.68
2.72,272.63,0.56,14.87,0.0,0.0,0.0,0.0,0.03,0.0,0.72,0.09,0.09,0.68
2.73,272.63,0.56,14.87,0.0,0.0,0.0,0.0,0.03,0.0,0.72,0.09,0.09,0.68
2.74,272.63,0.56,14.87,0.0,0.0,0.0,0.0,0.035,0.005,0.72108243609099,0.0901353045113737,0.0901353045113737,0.6810223007526017
2.75,272.63,0.56,14.87,0.0,0.0,0.0,0.0,0.04,0.01,0.72,0.09,0.09,0.68
2.76,272.63,0.56,14.87,0.0,0.0,0.0,0.0,0.02,0.06,0.72,0.09,0.09,0.68
2.77,272.63,0.56,14.87,0.0,0.0,0.0,0.01,0.04,0.03,0.72,0.09,0.09,0.68
2.78,272.63,0.56,14.87,0.0,0.0,0.0,0.0,0.04,0.02,0.72,0.09,0.09,0.68
2.79,272.63,0.56,14.87,0.0,0.0,0.0,0.0,0.02,0.05,0.72,0.09,0.09,0.68
2.8,272.63,0.56,14.87,0.0,0.0,0.0,0.03,0.04,0.02,0.72,0.09,0.09,0.68
2.81,272.63,0.56,14.87,0.0,0.0,0.0,0.01,0.03,0.04,0.72,0.09,0.09,0.68
2.82,272.63,0.56,14.87,0.0,0.0,0.0,0.0,0.04,0.02,0.72,0.09,0.09,0.68
2.83,272.63,0.56,14.87,0.0,0.01,0.0,0.02,0.03,0.0,0.72,0.09,0.09,0.68
2.84,272.63,0.56,14.87,0.0,0.005,0.0,0.025,0.035,0.005,0.72108243609099,0.0901353045113737,0.0901353045113737,0.6810223007526017
2.85,272.63,0.56,14.87,0.0,0.0,0.0,0.03,0.04,0.01,0.72,0.09,0.09,0.68
2.86,272.63,0.56,14.87,0.0,0.0,0.0,0.0,0.02,0.05,0.72,0.09,0.09,0.68
2.87,272.63,0.56,14.87,0.0,0.01,0.0,0.01,0.03,0.03,0.72,0.09,0.09,0.68
2.88,272.63,0.56,14.87,0.0,0.0,0.0,0.0,0.05,0.0,0.72,0.09,0.09,0.68
2.89,272.63,0.56,14.87,0.0,0.0,0.0,0.01,0.05,0.03,0.72,0.09,0.09,0.68
2.9,272.63,0.56,14.87,0.0,0.0,0.0,0.03,0.02,0.0,0.72,0.09,0.09,0.68
2.91,272.63,0.56,14.87,0.0,0.0,0.0,0.02,0.05,0.01,0.72,0.09,0.09,0.68
2.92,272.63,0.56,14.87,0.0,0.0,0.0,0.0,0.03,0.02,0.72,0.09,0.09,0.68
2.93,272.63,0.56,14.87,0.0,0.0,0.0,0.03,0.02,0.02,0.72,0.09,0.09,0.68
2.94,272.63,0.56,14.87,0.0,0.0,0.0,0.01,0.05,0.03,0.72,0.09,0.09,0.68
2.95,272.63,0.56,14.87,0.0,0.0,0.0,0.02,0.03,0.01,0.72,0.09,0.09,0.68
2.96,272.63,0.56,14.87,0.0,0.0,0.0,0.02,0.025,0.01,0.72108243609099,0.0901353045113737,0.0901353045113737,0.6810223007526017
2.97,272.63,0.56,14.87,0.0,0.0,0.0,0.02,0.02,0.01,0.72,0.09,0.09,0.68
2.98,272.63,0.56,14.87,0.0,0.0,0.0,0.02,0.05,0.02,0.72,0.09,0.09,0.68
2.99,272.63,0.56,14.87,0.0,0.0,0.0,0.01,0.05,0.03,0.72,0.09,0.09,0.68
3.0,272.63,0.56,14.87,0.0,0.0,0.0,0.02,0.06,0.02,0.72,0.09,0.09,0.68
3.01,272.63,0.56,14.87,0.0,0.0,0.0,0.0,0.04,0.0,0.72,0.09,0.09,0.68
3.02,272.63,0.56,14.87,0.0,0.0,0.0,0.0,0.03,0.01,0.72,0.09,0.09,0.68
3.03,272.63,0.56,14.87,0.0,0.0,0.0,0.02,0.05,0.04,0.72,0.09,0.09,0.68
3.04,272.63,0.56,14.87,0.0,0.0,0.0,0.01,0.04,0.02,0.72,0.09,0.09,0.68
3.05,272.63,0.56,14.87,0.0,0.0,0.0,0.03,0.03,0.0,0.72,0.09,0.09,0.68
3.06,272.63,0.56,14.87,0.0,0.0,0.0,0.02,0.03,0.02,0.72,0.09,0.09,0.68
3.07,272.63,0.56,14.87,0.0,0.0,0.0,0.01,0.04,0.0,0.72,0.09,0.09,0.68
3.08,272.63,0.56,14.87,0.0,0.0,0.0,0.0,0.07,0.01,0.72,0.09,0.09,0.68
3.09,272.63,0.56,14.87,0.0,0.0,0.0,0.01,0.02,0.03,0.72,0.09,0.09,0.68
3.1,272.63,0.56,14.87,0.0,0.0,0.0,0.0,0.02,0.0,0.72,0.09,0.09,0.68
3.11,272.63,0.56,14.87,0.0,0.0,0.0,0.01,0.05,0.04,0.72,0.09,0.09,0.68
3.12,272.63,0.56,14.87,0.0,0.0,0.0,0.02,0.03,0.01,0.72,0.09,0.09,0.68
3.13,272.63,0.56,14.87,0.0,0.0,0.0,0.03,0.04,0.0,0.72,0.09,0.09,0.68
3.14,272.63,0.56,14.87,0.0,0.0,0.0,0.02,0.02,0.02,0.72,0.09,0.09,0.68
3.15,272.63,0.56,14.87,0.0,0.0,0.0,0.025,0.025,0.025,0.72108243609099,0.0901353045113737,0.0901353045113737,0.6810223007526017
3.16,272.63,0.56,14.87,0.0,0.0,0.0,0.03,0.03,0.03,0.72,0.09,0.09,0.68
3.17,272.63,0.56,14.87,0.0,0.0,0.0,0.02,0.03,0.0,0.72,0.09,0.09,0.68
3.18,272.63,0.56,14.87,0.0,0.0,0.0,0.0,0.06,0.01,0.72,0.09,0.09,0.68
3.19,272.63,0.56,14.87,0.0,0.0,0.0,0.0,0.04,0.01,0.72,0.09,0.09,0.68
3.2,272.63,0.56,14.87,0.0,0.0,0.0,0.03,0.04,0.01,0.72,0.09,0.09,0.68
3.21,272.63,0.56,14.87,0.0,0.0,0.0,0.01,0.04,0.01,0.72,0.09,0.09,0.68
3.22,272.63,0.56,14.87,0.0,0.0,0.0,0.03,0.01,0.05,0.72,0.09,0.09,0.68
3.23,272.63,0.56,14.87,0.0,0.0,0.0,0.01,0.02,0.0,0.72,0.09,0.09,0.68
3.24,272.63,0.56,14.87,0.0,0.0,0.0,0.0,0.03,0.0,0.72,0.09,0.09,0.68
3.25,272.63,0.56,14.87,0.0,0.0,0.0,0.0,0.04,0.01,0.72,0.09,0.09,0.68
3.26,272.63,0.56,14.87,0.0,0.0,0.0,0.0,0.02,0.03,0.72,0.09,0.09,0.68
3.27,272.63,0.56,14.87,0.0,0.0,0.0,0.0,0.025,0.025,0.72108243609099,0.0901353045113737,0.0901353045113737,0.6810223007526017
3.28,272.63,0.56,14.87,0.0,0.0,0.0,0.0,0.03,0.02,0.72,0.09,0.09,0.68
3.29,272.63,0.56,14.87,0.0,0.0,0.0,0.0,0.04,0.03,0.72,0.09,0.09,0.68
3.3,272.63,0.56,14.87,0.0,0.0,0.0,0.01,0.03,0.01,0.72,0.09,0.09,0.68
3.31,272.63,0.56,14.87,0.0,0.0,0.0,0.02,0.03,0.01,0.72,0.09,0.09,0.68
3.32,272.63,0.56,14.87,0.0,0.0,0.0,0.01,0.04,0.0,0.72,0.09,0.09,0.68
3.33,272.63,0.56,14.87,0.0,0.0,0.0,0.01,0.03,0.01,0.72,0.09,0.09,0.68
3.34,272.63,0.56,14.87,0.0,0.0,0.0,0.01,0.02,0.01,0.72,0.09,0.09,0.68
3.35,272.63,0.56,14.87,0.0,0.0,0.0,0.01,0.03,0.005,0.72108243609099,0.0901353045113737,0.0901353045113737,0.6810223007526017
3.36,272.63,0.56,14.87,0.0,0.0,0.0,0.01,0.04,0.0,0.72,0.09,0.09,0.68
3.37,272.63,0.56,14.87,0.0,0.0,0.0,0.01,0.04,0.0,0.72,0.09,0.09,0.68
3.38,272.63,0.56,14.87,0.0,0.0,0.0,0.0,0.04,0.0,0.72,0.09,0.09,0.68
3.39,272.63,0.56,14.87,0.0,0.0,0.0,0.01,0.06,0.02,0.72,0.09,0.09,0.68
3.4,272.63,0.56,14.87,0.0,0.0,0.0,0.03,0.03,0.0,0.72,0.09,0.09,0.68
3.41,272.63,0.56,14.87,0.0,0.0,0.0,0.01,0.03,0.03,0.72,0.09,0.09,0.68
3.42,272.63,0.56,14.87,0.0,0.0,0.0,0.02,0.01,0.0,0.72,0.09,0.09,0.68
3.43,272.63,0.56,14.87,0.0,0.0,0.0,0.01,0.04,0.01,0.72,0.09,0.09,0.68
3.44,272.63,0.56,14.87,0.0,0.0,0.0,0.0,0.04,0.02,0.72,0.09,0.09,0.68
3.45,272.63,0.56,14.87,0.0,0.0,0.0,0.02,0.02,0.01,0.72,0.09,0.09,0.68
3.46,272.63,0.56,14.87,0.0,0.0,0.0,0.03,0.05,0.0,0.72,0.09,0.09,0.68
3.47,272.63,0.56,14.87,0.0,0.0,0.0,0.03,0.03,0.02,0.72,0.09,0.09,0.68
3.48,272.63,0.56,14.87,0.0,0.0,0.0,0.015,0.04,0.02,0.72108243609099,0.0901353045113737,0.0901353045113737,0.6810223007526017
3.49,272.63,0.56,14.87,0.0,0.0,0.0,0.0,0.05,0.02,0.72,0.09,0.09,0.68
3.5,272.63,0.56,14.87,0.0,0.0,0.0,0.0,0.03,0.01,0.72,0.09,0.09,0.68
3.51,272.63,0.56,14.87,0.0,0.0,0.0,0.01,0.03,0.0,0.72,0.09,0.09,0.68
3.52,272.63,0.56,14.87,0.0,0.0,0.0,0.03,0.04,0.0,0.72,0.09,0.09,0.68
3.53,272.63,0.56,14.87,0.0,0.0,0.0,0.02,0.03,0.01,0.72,0.09,0.09,0.68
3.54,272.63,0.56,14.87,0.0,0.0,0.0,0.0,0.02,0.03,0.72,0.09,0.09,0.68
3.55,272.63,0.56,14.87,0.0,0.0,0.0,0.01,0.02,0.0,0.72,0.09,0.09,0.68
3.56,272.63,0.56,14.87,0.0,0.0,0.0,0.01,0.035,0.005,0.72108243609099,0.0901353045113737,0.0901353045113737,0.6810223007526017
3.57,272.63,0.56,14.87,0.0,0.0,0.0,0.01,0.05,0.01,0.72,0.09,0.09,0.68
3.58,272.63,0.56,14.87,0.0,0.0,0.0,0.02,0.02,0.02,0.72,0.09,0.09,0.68
3.59,272.63,0.56,14.87,0.0,0.0,0.0,0.01,0.02,0.05,0.72,0.09,0.09,0.68
3.6,272.63,0.56,14.87,0.0,0.0,0.0,0.01,0.04,0.01,0.72,0.09,0.09,0.68
3.61,272.63,0.56,14.87,0.0,0.0,0.0,0.0,0.04,0.05,0.72,0.09,0.09,0.68
3.62,272.63,0.56,14.87,0.0,0.0,0.0,0.03,0.07,0.03,0.72,0.09,0.09,0.68
3.63,272.63,0.56,14.87,0.0,0.0,0.0,0.01,0.03,0.01,0.72,0.09,0.09,0.68
3.64,272.63,0.56,14.87,0.0,0.01,0.0,0.03,0.04,0.0,0.72,0.09,0.09,0.68
3.65,272.63,0.56,14.87,0.0,0.0,0.0,0.03,0.05,0.02,0.72,0.09,0.09,0.68
3.66,272.63,0.56,14.87,0.0,0.0,0.0,0.02,0.045,0.015,0.72108243609099,0.0901353045113737,0.0901353045113737,0.6810223007526017
3.67,272.63,0.56,14.87,0.0,0.0,0.0,0.01,0.04,0.01,0.72,0.09,0.09,0.68
3.68,272.63,0.56,14.87,0.0,0.0,0.0,0.02,0.02,0.03,0.72,0.09,0.09,0.68
3.69,272.63,0.56,14.87,0.0,0.0,0.0,0.01,0.05,0.02,0.72,0.09,0.09,0.68
3.7,272.63,0.56,14.87,0.0,0.0,0.0,0.0,0.05,0.01,0.72,0.09,0.09,0.68
3.71,272.63,0.56,14.87,0.0,0.0,0.0,0.01,0.04,0.02,0.72,0.09,0.09,0.68
3.72,272.63,0.56,14.87,0.0,0.0,0.0,0.03,0.02,0.02,0.72,0.09,0.09,0.68
3.73,272.63,0.56,14.87,0.0,0.0,0.0,0.01,0.02,0.01,0.72,0.09,0.09,0.68
3.74,272.63,0.56,14.87,0.0,0.0,0.0,0.01,0.02,0.03,0.72,0.09,0.09,0.68
3.75,272.63,0.56,14.87,0.02,0.01,0.0,0.06,0.06,0.05,0.72,0.09,0.09,0.68
3.76,272.63,0.56,14.87,0.02,0.005,0.0,0.04,0.035,0.035,0.72108243609099,0.0901353045113737,0.0901353045113737,0.6810223007526017
3.77,272.63,0.56,14.87,0.02,0.0,0.0,0.02,0.01,0.02,0.72,0.09,0.09,0.68
3.78,272.63,0.56,14.87,0.01,0.0,0.0,0.0,0.0,0.03,0.72,0.09,0.09,0.68
3.79,272.63,0.56,14.87,0.015,0.005,0.0,0.0,0.0,0.025,0.72108243609099,0.0901353045113737,0.0901353045113737,0.6810223007526017
3.8,272.63,0.56,14.87,0.02,0.01,0.0,0.0,0.0,0.02,0.72,0.09,0.09,0.68
3.81,272.63,0.56,14.87,0.01,0.0,0.0,0.0,0.07,0.02,0.72,0.09,0.09,0.68
3.82,272.63,0.56,14.87,0.01,0.0,0.0,0.02,0.03,0.03,0.72,0.09,0.09,0.68
3.83,272.63,0.56,14.87,0.01,0.01,0.0,0.01,0.06,0.07,0.72,0.09,0.09,0.68
3.84,272.63,0.56,14.87,0.01,0.01,0.0,0.02,0.04,0.0,0.72,0.09,0.09,0.68
3.85,272.63,0.56,14.87,0.01,0.0,0.0,0.0,0.04,0.01,0.72,0.09,0.09,0.68
3.86,272.63,0.56,14.87,0.0,0.0,0.0,0.01,0.02,0.0,0.72,0.09,0.09,0.68
3.87,272.63,0.56,14.87,0.01,0.01,0.0,0.0,0.04,0.0,0.72,0.09,0.09,0.68
3.88,272.63,0.56,14.87,0.0,0.0,0.0,0.01,0.04,0.04,0.72,0.09,0.09,0.68
3.89,272.63,0.56,14.87,0.0,0.0,0.0,0.01,0.05,0.03,0.72,0.09,0.09,0.68
3.9,272.63,0.56,14.87,0.0,0.0,0.0,0.01,0.03,0.01,0.72,0.09,0.09,0.68
3.91,272.63,0.56,14.87,0.01,0.0,0.0,0.01,0.04,0.02,0.72,0.09,0.09,0.68
3.92,272.63,0.56,14.87,0.0,0.01,0.0,0.01,0.06,0.01,0.72,0.09,0.09,0.68
3.93,272.63,0.56,14.87,0.0,0.0,0.0,0.03,0.0,0.04,0.72,0.09,0.09,0.68
3.94,272.63,0.56,14.87,0.0,0.0,0.0,0.01,0.06,0.06,0.72,0.09,0.09,0.68
3.95,272.63,0.56,14.87,0.0,0.01,0.0,0.01,0.02,0.02,0.72,0.09,0.09,0.68
3.96,272.63,0.56,14.87,0.0,0.0,0.0,0.0,0.03,0.01,0.72,0.09,0.09,0.68
3.97,272.63,0.56,14.87,0.0,0.0,0.0,0.02,0.04,0.0,0.72,0.09,0.09,0.68
3.98,272.63,0.56,14.87,0.0,0.0,0.0,0.0,0.05,0.04,0.72,0.09,0.09,0.68
3.99,272.63,0.56,14.87,0.0,0.0,0.0,0.0,0.04,0.02,0.72108243609099,0.0901353045113737,0.0901353045113737,0.6810223007526017
4.0,272.63,0.56,14.87,0.0,0.0,0.0,0.0,0.03,0.0,0.72,0.09,0.09,0.68
4.01,272.63,0.56,14.87,0.0,0.0,0.0,0.01,0.03,0.02,0.72,0.09,0.09,0.68
4.02,272.63,0.56,14.87,0.01,0.01,0.0,0.0,0.03,0.0,0.72,0.09,0.09,0.68
4.03,272.63,0.56,14.87,0.0,0.0,0.0,0.02,0.03,0.03,0.72,0.09,0.09,0.68
4.04,272.63,0.56,14.87,0.0,0.0,0.0,0.0,0.04,0.02,0.72,0.09,0.09,0.68
4.05,272.63,0.56,14.87,0.0,0.0,0.0,0.01,0.03,0.01,0.72,0.09,0.09,0.68
4.06,272.63,0.56,14.87,0.0,0.0,0.0,0.02,0.03,0.03,0.72,0.09,0.09,0.68
4.07,272.63,0.56,14.87,0.0,0.0,0.0,0.01,0.02,0.03,0.72108243609099,0.0901353045113737,0.0901353045113737,0.6810223007526017
4.08,272.63,0.56,14.87,0.0,0.0,0.0,0.0,0.01,0.03,0.72,0.09,0.09,0.68
4.09,272.63,0.56,14.87,0.0,0.0,0.0,0.01,0.04,0.02,0.72,0.09,0.09,0.68
4.1,272.63,0.56,14.87,0.0,0.0,0.0,0.0,0.03,0.0,0.72,0.09,0.09,0.68
4.11,272.63,0.56,14.87,0.0,0.0,0.0,0.0,0.05,0.03,0.72,0.09,0.09,0.68
4.12,272.63,0.56,14.87,0.0,0.0,0.0,0.0,0.06,0.02,0.72,0.09,0.09,0.68
4.13,272.63,0.56,14.87,0.0,0.0,0.0,0.01,0.07,0.02,0.72,0.09,0.09,0.68
4.14,272.63,0.56,14.87,0.0,0.0,0.0,0.01,0.05,0.03,0.72,0.09,0.09,0.68
4.15,272.63,0.56,14.87,0.0,0.0,0.0,0.02,0.07,0.01,0.72,0.09,0.09,0.68
4.16,272.63,0.56,14.87,0.0,0.0,0.0,0.0,0.03,0.02,0.72,0.09,0.09,0.68
4.17,272.63,0.56,14.87,0.0,0.0,0.0,0.0,0.03,0.025,0.72108243609099,0.0901353045113737,0.0901353045113737,0.6810223007526017
4.18,272.63,0.56,14.87,0.0,0.0,0.0,0.0,0.03,0.03,0.72,0.09,0.09,0.68
4.19,272.63,0.56,14.87,0.0,0.0,0.0,0.01,0.04,0.02,0.72,0.09,0.09,0.68
4.2,272.63,0.56,14.87,0.01,0.0,0.0,0.01,0.04,0.0,0.72,0.09,0.09,0.68
4.21,272.63,0.56,14.87,0.0,0.0,0.0,0.01,0.04,0.02,0.72,0.09,0.09,0.68
4.22,272.63,0.56,14.87,0.0,0.0,0.0,0.01,0.02,0.01,0.72,0.09,0.09,0.68
4.23,272.63,0.56,14.87,0.0,0.0,0.0,0.0,0.01,0.0,0.72,0.09,0.09,0.68
4.24,272.63,0.56,14.87,0.0,0.0,0.0,0.0,0.03,0.0,0.72,0.09,0.09,0.68
4.25,272.63,0.56,14.87,0.0,0.0,0.0,0.02,0.02,0.0,0.72,0.09,0.09,0.68
4.26,272.63,0.56,14.87,0.0,0.0,0.0,0.02,0.04,0.05,0.72,0.09,0.09,0.68
4.27,272.63,0.56,14.87,0.0,0.0,0.0,0.01,0.03,0.01,0.72,0.09,0.09,0.68
4.28,272.63,0.56,14.87,0.0,0.0,0.0,0.0,0.02,0.04,0.72,0.09,0.09,0.68
4.29,272.63,0.56,14.87,0.0,0.0,0.0,0.0,0.05,0.0,0.72,0.09,0.09,0.68
4.3,272.63,0.56,14.87,0.0,0.0,0.0,0.01,0.03,0.0,0.72,0.09,0.09,0.68
4.31,272.63,0.56,14.87,0.0,0.0,0.0,0.0,0.02,0.03,0.72,0.09,0.09,0.68
4.32,272.63,0.56,14.87,0.0,0.01,0.0,0.01,0.01,0.02,0.72,0.09,0.09,0.68
4.33,272.63,0.56,14.87,0.0,0.0,0.0,0.0,0.05,0.04,0.72,0.09,0.09,0.68
4.34,272.63,0.56,14.87,0.0,0.0,0.0,0.0,0.03,0.01,0.72,0.09,0.09,0.68
4.35,272.63,0.56,14.87,0.0,0.0,0.0,0.01,0.04,0.0,0.72,0.09,0.09,0.68
4.36,272.63,0.56,14.87,0.01,0.0,0.0,0.0,0.04,0.01,0.72,0.09,0.09,0.68
4.37,272.63,0.56,14.87,0.0,0.0,0.0,0.0,0.04,0.0,0.72,0.09,0.09,0.68
4.38,272.63,0.56,14.87,0.0,0.0,0.0,0.0,0.03,0.01,0.72108243609099,0.0901353045113737,0.0901353045113737,0.6810223007526017
4.39,272.63,0.56,14.87,0.0,0.0,0.0,0.0,0.02,0.02,0.72,0.09,0.09,0.68
4.4,272.63,0.56,14.87,0.0,0.0,0.0,0.0,0.05,0.0,0.72,0.09,0.09,0.68
4.41,272.63,0.56,14.87,0.0,0.0,0.0,0.0,0.04,0.04,0.72,0.09,0.09,0.68
4.42,272.63,0.56,14.87,0.0,0.0,0.0,0.01,0.05,0.03,0.72,0.09,0.09,0.68
4.43,272.63,0.56,14.87,0.0,0.0,0.0,0.02,0.07,0.02,0.72,0.09,0.09,0.68
4.44,272.63,0.56,14.87,0.0,0.0,0.0,0.01,0.03,0.0,0.72,0.09,0.09,0.68
4.45,272.63,0.56,14.87,0.0,0.0,0.0,0.01,0.04,0.02,0.72,0.09,0.09,0.68
4.46,272.63,0.56,14.87,0.0,0.0,0.0,0.0,0.03,0.05,0.72,0.09,0.09,0.68
4.47,272.63,0.56,14.87,0.0,0.0,0.0,0.01,0.05,0.02,0.72,0.09,0.09,0.68
4.48,272.63,0.56,14.87,0.0,0.0,0.0,0.02,0.03,0.01,0.72,0.09,0.09,0.68
4.49,272.63,0.56,14.87,0.0,0.0,0.0,0.01,0.06,0.01,0.72,0.09,0.09,0.68
4.5,272.63,0.56,14.87,0.0,0.0,0.0,0.0,0.02,0.02,0.72,0.09,0.09,0.68
4.51,272.63,0.56,14.87,0.0,0.0,0.0,0.0,0.03,0.02,0.72,0.09,0.09,0.68
4.52,272.63,0.56,14.87,0.0,0.01,0.0,0.02,0.03,0.03,0.72,0.09,0.09,0.68
4.53,272.63,0.56,14.87,0.0,0.005,0.0,0.015,0.035,0.035,0.72108243609099,0.0901353045113737,0.0901353045113737,0.6810223007526017
4.54,272.63,0.56,14.87,0.0,0.0,0.0,0.01,0.04,0.04,0.72,0.09,0.09,0.68
4.55,272.63,0.56,14.87,0.0,0.0,0.0,0.0,0.01,0.0,0.72,0.09,0.09,0.68
4.56,272.63,0.56,14.87,0.0,0.0,0.0,0.01,0.03,0.0,0.72,0.09,0.09,0.68
4.57,272.63,0.56,14.87,0.0,0.01,0.0,0.01,0.04,0.01,0.72,0.09,0.09,0.68
4.58,272.63,0.56,14.87,0.0,0.0,0.0,0.02,0.02,0.04,0.72,0.09,0.09,0.68
4.59,272.63,0.56,14.87,0.0,0.0,0.0,0.01,0.03,0.02,0.72,0.09,0.09,0.68
4.6,272.63,0.56,14.87,0.0,0.0,0.0,0.01,0.01,0.0,0.72,0.09,0.09,0.68
4.61,272.63,0.56,14.87,0.0,0.0,0.0,0.01,0.04,0.04,0.72,0.09,0.09,0.68
4.62,272.63,0.56,14.87,0.0,0.0,0.0,0.01,0.04,0.01,0.72,0.09,0.09,0.68
4.63,272.63,0.56,14.87,0.0,0.0,0.0,0.01,0.02,0.01,0.72,0.09,0.09,0.68
4.64,272.63,0.56,14.87,0.0,0.0,0.0,0.0,0.04,0.02,0.72,0.09,0.09,0.68
4.65,272.63,0.56,14.87,0.0,0.0,0.0,0.0,0.05,0.01,0.72,0.09,0.09,0.68
4.66,272.63,0.56,14.87,0.0,0.0,0.0,0.01,0.03,0.02,0.72,0.09,0.09,0.68
4.67,272.63,0.56,14.87,0.0,0.01,0.0,0.0,0.02,0.0,0.72,0.09,0.09,0.68
4.68,272.63,0.56,14.87,0.0,0.0,0.0,0.0,0.02,0.02,0.72,0.09,0.09,0.68
4.69,272.63,0.56,14.87,0.0,0.0,0.0,0.0,0.05,0.01,0.72,0.09,0.09,0.68
4.7,272.63,0.56,14.87,0.0,0.0,0.0,0.01,0.02,0.01,0.72,0.09,0.09,0.68
4.71,272.63,0.56,14.87,0.0,0.0,0.0,0.01,0.02,0.01,0.72,0.09,0.09,0.68
4.72,272.63,0.56,14.87,0.0,0.0,0.0,0.0,0.04,0.0,0.72,0.09,0.09,0.68
4.73,272.63,0.56,14.87,0.0,0.0,0.0,0.0,0.02,0.03,0.72,0.09,0.09,0.68
4.74,272.63,0.56,14.87,0.0,0.0,0.0,0.02,0.03,0.02,0.72,0.09,0.09,0.68
4.75,272.63,0.56,14.87,0.0,0.0,0.0,0.01,0.04,0.0,0.72,0.09,0.09,0.68
4.76,272.63,0.56,14.87,0.0,0.0,0.0,0.0,0.06,0.0,0.72,0.09,0.09,0.68
4.77,272.63,0.56,14.87,0.0,0.0,0.0,0.01,0.03,0.0,0.72,0.09,0.09,0.68
4.78,272.63,0.56,14.87,0.0,0.0,0.0,0.0,0.02,0.01,0.72,0.09,0.09,0.68
4.79,272.63,0.56,14.87,0.0,0.0,0.0,0.0,0.035,0.01,0.72108243609099,0.0901353045113737,0.0901353045113737,0.6810223007526017
4.8,272.63,0.56,14.87,0.0,0.0,0.0,0.0,0.05,0.01,0.72,0.09,0.09,0.68
4.81,272.63,0.56,14.87,0.0,0.0,0.0,0.01,0.05,0.04,0.72,0.09,0.09,0.68
4.82,272.63,0.56,14.87,0.0,0.0,0.0,0.01,0.04,0.02,0.72,0.09,0.09,0.68
4.83,272.63,0.56,14.87,0.0,0.0,0.0,0.0,0.05,0.01,0.72,0.09,0.09,0.68
4.84,272.63,0.56,14.87,0.0,0.0,0.0,0.01,0.02,0.0,0.72,0.09,0.09,0.68
4.85,272.63,0.56,14.87,0.0,0.0,0.0,0.01,0.05,0.02,0.72,0.09,0.09,0.68
4.86,272.63,0.56,14.87,0.0,0.0,0.0,0.0,0.04,0.02,0.72,0.09,0.09,0.68
4.87,272.63,0.56,14.87,0.0,0.0,0.0,0.0,0.04,0.0,0.72,0.09,0.09,0.68
4.88,272.63,0.56,14.87,0.0,0.0,0.0,0.01,0.04,0.01,0.72,0.09,0.09,0.68
4.89,272.63,0.56,14.87,0.0,0.0,0.0,0.0,0.03,0.01,0.72,0.09,0.09,0.68
4.9,272.63,0.56,14.87,0.0,0.0,0.0,0.0,0.05,0.02,0.72,0.09,0.09,0.68
4.91,272.63,0.56,14.87,0.0,0.0,0.0,0.01,0.04,0.0,0.72,0.09,0.09,0.68
4.92,272.63,0.56,14.87,0.0,0.01,0.0,0.0,0.04,0.02,0.72,0.09,0.09,0.68
4.93,272.63,0.56,14.87,0.0,0.0,0.0,0.02,0.05,0.02,0.72,0.09,0.09,0.68
4.94,272.63,0.56,14.87,0.0,0.0,0.0,0.01,0.02,0.04,0.72,0.09,0.09,0.68
4.95,272.63,0.56,14.87,0.0,0.0,0.0,0.01,0.03,0.0,0.72,0.09,0.09,0.68
4.96,272.63,0.56,14.87,0.005,0.0,0.0,0.01,0.03,0.015,0.72108243609099,0.0901353045113737,0.0901353045113737,0.6810223007526017
4.97,272.63,0.56,14.87,0.01,0.0,0.0,0.01,0.03,0.03,0.72,0.09,0.09,0.68
4.98,272.63,0.56,14.87,0.0,0.0,0.0,0.0,0.02,0.01,0.72,0.09,0.09,0.68
4.99,272.63,0.56,14.87,0.0,0.0,0.0,0.0,0.02,0.01,0.72108243609099,0.0901353045113737,0.0901353045113737,0.6810223007526017
5.0,272.63,0.56,14.87,0.0,0.0,0.0,0.0,0.02,0.01,0.72,0.09,0.09,0.68
5.01,272.63,0.56,14.87,0.0,0.0,0.0,0.03,0.01,0.03,0.72,0.09,0.09,0.68
5.02,272.63,0.56,14.87,0.0,0.0,0.0,0.0,0.04,0.0,0.72,0.09,0.09,0.68
5.03,272.63,0.56,14.87,0.0,0.0,0.0,0.01,0.04,0.0,0.72,0.09,0.09,0.68
5.04,272.63,0.56,14.87,0.0,0.0,0.0,0.01,0.04,0.01,0.72,0.09,0.09,0.68
5.05,272.63,0.56,14.87,0.0,0.0,0.0,0.01,0.04,0.01,0.72,0.09,0.09,0.68
5.06,272.63,0.56,14.87,0.0,0.0,0.0,0.0,0.05,0.02,0.72,0.09,0.09,0.68
5.07,272.63,0.56,14.87,0.0,0.0,0.0,0.0,0.04,0.015,0.72108243609099,0.0901353045113737,0.0901353045113737,0.6810223007526017
5.08,272.63,0.56,14.87,0.0,0.0,0.0,0.0,0.03,0.01,0.72,0.09,0.09,0.68
5.09,272.63,0.56,14.87,0.0,0.0,0.0,0.01,0.03,0.02,0.72,0.09,0.09,0.68
5.1,272.63,0.56,14.87,0.0,0.0,0.0,0.015,0.025,0.025,0.72108243609099,0.0901353045113737,0.0901353045113737,0.6810223007526017
5.11,272.63,0.56,14.87,0.0,0.0,0.0,0.02,0.02,0.03,0.72,0.09,0.09,0.68
5.12,272.63,0.56,14.87,0.0,0.0,0.0,0.0,0.05,0.01,0.72,0.09,0.09,0.68
5.13,272.63,0.56,14.87,0.0,0.0,0.0,0.0,0.04,0.03,0.72,0.09,0.09,0.68
5.14,272.63,0.56,14.87,0.0,0.0,0.0,0.0,0.03,0.04,0.72,0.09,0.09,0.68
5.15,272.63,0.56,14.87,0.0,0.0,0.0,0.0,0.03,0.0,0.72,0.09,0.09,0.68
5.16,272.63,0.56,14.87,0.0,0.01,0.0,0.01,0.05,0.01,0.72,0.09,0.09,0.68
5.17,272.63,0.56,14.87,0.0,0.0,0.0,0.01,0.03,0.0,0.72,0.09,0.09,0.68
5.18,272.63,0.56,14.87,0.0,0.0,0.0,0.0,0.04,0.02,0.72,0.09,0.09,0.68
5.19,272.63,0.56,14.87,0.0,0.0,0.0,0.0,0.03,0.02,0.72,0.09,0.09,0.68
5.2,272.63,0.56,14.87,0.0,0.005,0.0,0.01,0.04,0.015,0.72108243609099,0.0901353045113737,0.0901353045113737,0.6810223007526017
5.21,272.63,0.56,14.87,0.0,0.01,0.0,0.02,0.05,0.01,0.72,0.09,0.09,0.68
5.22,272.63,0.56,14.87,0.0,0.0,0.0,0.0,0.02,0.0,0.72,0.09,0.09,0.68
5.23,272.63,0.56,14.87,0.0,0.0,0.0,0.0,0.04,0.0,0.72,0.09,0.09,0.68
5.24,272.63,0.56,14.87,0.0,0.0,0.0,0.0,0.04,0.01,0.72,0.09,0.09,0.68
5.25,272.63,0.56,14.87,0.0,0.0,0.0,0.0,0.03,0.02,0.72,0.09,0.09,0.68
5.26,272.63,0.56,14.87,0.0,0.0,0.0,0.0,0.04,0.03,0.72,0.09,0.09,0.68
5.27,272.63,0.56,14.87,0.0,0.0,0.0,0.02,0.05,0.0,0.72,0.09,0.09,0.68
5.28,272.63,0.56,14.87,0.0,0.0,0.0,0.01,0.01,0.0,0.72,0.09,0.09,0.68
5.29,272.63,0.56,14.87,0.0,0.0,0.0,0.01,0.04,0.01,0.72,0.09,0.09,0.68
5.3,272.63,0.56,14.87,0.0,0.0,0.0,0.01,0.02,0.03,0.72,0.09,0.09,0.68
5.31,272.63,0.56,14.87,0.0,0.0,0.0,0.01,0.03,0.01,0.72,0.09,0.09,0.68
5.32,272.63,0.56,14.87,0.0,0.0,0.0,0.0,0.03,0.02,0.72,0.09,0.09,0.68
5.33,272.63,0.56,14.87,0.0,0.0,0.0,0.01,0.05,0.0,0.72,0.09,0.09,0.68
5.34,272.63,0.56,14.87,0.0,0.0,0.0,0.01,0.03,0.04,0.72,0.09,0.09,0.68
5.35,272.63,0.56,14.87,0.0,0.0,0.0,0.02,0.03,0.01,0.72,0.09,0.09,0.68
5.36,272.63,0.56,14.87,0.0,0.0,0.0,0.01,0.04,0.02,0.72,0.09,0.09,0.68
5.37,272.63,0.56,14.87,0.0,0.0,0.0,0.0,0.02,0.01,0.72,0.09,0.09,0.68
5.38,272.63,0.56,14.87,0.0,0.0,0.0,0.01,0.04,0.01,0.72,0.09,0.09,0.68
5.39,272.63,0.56,14.87,0.0,0.0,0.0,0.0,0.03,0.0,0.72,0.09,0.09,0.68
5.4,272.63,0.56,14.87,0.0,0.0,0.0,0.02,0.04,0.02,0.72,0.09,0.09,0.68
5.41,272.63,0.56,14.87,0.0,0.0,0.0,0.0,0.04,0.04,0.72,0.09,0.09,0.68
5.42,272.63,0.56,14.87,0.0,0.0,0.0,0.01,0.045,0.035,0.72108243609099,0.0901353045113737,0.0901353045113737,0.6810223007526017
5.43,272.63,0.56,14.87,0.0,0.0,0.0,0.02,0.05,0.03,0.72,0.09,0.09,0.68
5.44,272.63,0.56,14.87,0.0,0.0,0.0,0.01,0.0,0.02,0.72,0.09,0.09,0.68
5.45,272.63,0.56,14.87,0.0,0.0,0.0,0.01,0.04,0.02,0.72,0.09,0.09,0.68
5.46,272.63,0.56,14.87,0.0,0.0,0.0,0.0,0.04,0.06,0.72,0.09,0.09,0.68
5.47,272.63,0.56,14.87,0.0,0.0,0.0,0.02,0.04,0.01,0.72,0.09,0.09,0.68
5.48,272.63,0.56,14.87,0.0,0.0,0.0,0.0,0.05,0.02,0.72,0.09,0.09,0.68
5.49,272.63,0.56,14.87,0.0,0.0,0.0,0.02,0.04,0.01,0.72,0.09,0.09,0.68
5.5,272.63,0.56,14.87,0.0,0.0,0.0,0.015,0.035,0.01,0.72108243609099,0.0901353045113737,0.0901353045113737,0.6810223007526017
5.51,272.63,0.56,14.87,0.0,0.0,0.0,0.01,0.03,0.01,0.72,0.09,0.09,0.68
5.52,272.63,0.56,14.87,0.0,0.0,0.0,0.01,0.02,0.0,0.72,0.09,0.09,0.68
5.53,272.63,0.56,14.87,0.0,0.0,0.0,0.01,0.035,0.0,0.72108243609099,0.0901353045113737,0.0901353045113737,0.6810223007526017
5.54,272.63,0.56,14.87,0.0,0.0,0.0,0.01,0.05,0.0,0.72,0.09,0.09,0.68
5.55,272.63,0.56,14.87,0.0,0.0,0.0,0.01,0.01,0.0,0.72,0.09,0.09,0.68
5.56,272.63,0.56,14.87,0.0,0.0,0.0,0.01,0.04,0.02,0.72,0.09,0.09,0.68
5.57,272.63,0.56,14.87,0.0,0.0,0.0,0.0,0.03,0.01,0.72,0.09,0.09,0.68
5.58,272.63,0.56,14.87,0.0,0.0,0.0,0.02,0.03,0.02,0.72,0.09,0.09,0.68
5.59,272.63,0.56,14.87,0.0,0.0,0.0,0.01,0.06,0.03,0.72,0.09,0.09,0.68
5.6,272.63,0.56,14.87,0.0,0.01,0.0,0.03,0.04,0.01,0.72,0.09,0.09,0.68
5.61,272.63,0.56,14.87,0.0,0.0,0.0,0.0,0.03,0.03,0.72,0.09,0.09,0.68
5.62,272.63,0.56,14.87,0.0,0.0,0.0,0.0,0.04,0.0,0.72,0.09,0.09,0.68
5.63,272.63,0.56,14.87,0.0,0.0,0.0,0.0,0.05,0.02,0.72,0.09,0.09,0.68
5.64,272.63,0.56,14.87,0.0,0.0,0.0,0.02,0.05,0.0,0.72,0.09,0.09,0.68
5.65,272.63,0.56,14.87,0.0,0.0,0.0,0.0,0.02,0.0,0.72,0.09,0.09,0.68
5.66,272.63,0.56,14.87,0.0,0.0,0.0,0.03,0.04,0.04,0.72,0.09,0.09,0.68
5.67,272.63,0.56,14.87,0.0,0.0,0.0,0.0,0.04,0.01,0.72,0.09,0.09,0.68
5.68,272.63,0.56,14.87,0.0,0.0,0.0,0.01,0.02,0.02,0.72,0.09,0.09,0.68
5.69,272.63,0.56,14.87,0.0,0.01,0.0,0.0,0.02,0.03,0.72,0.09,0.09,0.68
5.7,272.63,0.56,14.87,0.0,0.0,0.0,0.01,0.06,0.0,0.72,0.09,0.09,0.68
5.71,272.63,0.56,14.87,0.0,0.01,0.0,0.01,0.01,0.04,0.72,0.09,0.09,0.68
5.72,272.63,0.56,14.87,0.0,0.005,0.0,0.005,0.03,0.025,0.72108243609099,0.0901353045113737,0.0901353045113737,0.6810223007526017
5.73,272.63,0.56,14.87,0.0,0.0,0.0,0.0,0.05,0.01,0.72,0.09,0.09,0.68
5.74,272.63,0.56,14.87,0.0,0.0,0.0,0.0,0.04,0.03,0.72,0.09,0.09,0.68
5.75,272.63,0.56,14.87,0.0,0.0,0.0,0.0,0.035,0.02,0.72108243609099,0.0901353045113737,0.0901353045113737,0.6810223007526017
5.76,272.63,0.56,14.87,0.0,0.0,0.0,0.0,0.03,0.01,0.72,0.09,0.09,0.68
5.77,272.63,0.56,14.87,0.0,0.0,0.0,0.03,0.04,0.0,0.72,0.09,0.09,0.68
5.78,272.63,0.56,14.87,0.0,0.0,0.0,0.01,0.03,0.0,0.72,0.09,0.09,0.68
5.79,272.63,0.56,14.87,0.0,0.0,0.0,0.0,0.06,0.01,0.72,0.09,0.09,0.68
5.8,272.63,0.56,14.87,0.0,0.0,0.0,0.0,0.05,0.0,0.72,0.09,0.09,0.68
5.81,272.63,0.56,14.87,0.0,0.0,0.0,0.0,0.03,0.0,0.72,0.09,0.09,0.68
5.82,272.63,0.56,14.87,0.0,0.0,0.0,0.01,0.07,0.02,0.72,0.09,0.09,0.68
5.83,272.63,0.56,14.87,0.0,0.0,0.0,0.0,0.01,0.01,0.72,0.09,0.09,0.68
5.84,272.63,0.56,14.87,0.0,0.0,0.0,0.0,0.04,0.01,0.72,0.09,0.09,0.68
5.85,272.63,0.56,14.87,0.0,0.0,0.0,0.0,0.06,0.0,0.72,0.09,0.09,0.68
5.86,272.63,0.56,14.87,0.0,0.0,0.0,0.02,0.01,0.04,0.72,0.09,0.09,0.68
5.87,272.63,0.56,14.87,0.0,0.0,0.0,0.01,0.03,0.0,0.72,0.09,0.09,0.68
5.88,272.63,0.56,14.87,0.0,0.0,0.0,0.0,0.04,0.0,0.72,0.09,0.09,0.68
5.89,272.63,0.56,14.87,0.0,0.0,0.0,0.01,0.03,0.02,0.72,0.09,0.09,0.68
5.9,272.63,0.56,14.87,0.0,0.0,0.0,0.0,0.04,0.02,0.72,0.09,0.09,0.68
5.91,272.63,0.56,14.87,0.0,0.0,0.0,0.01,0.04,0.03,0.72108243609099,0.0901353045113737,0.0901353045113737,0.6810223007526017
5.92,272.63,0.56,14.87,0.0,0.0,0.0,0.02,0.04,0.04,0.72,0.09,0.09,0.68
5.93,272.63,0.56,14.87,0.0,0.0,0.0,0.02,0.05,0.01,0.72,0.09,0.09,0.68
5.94,272.63,0.56,14.87,0.0,0.0,0.0,0.02,0.045,0.01,0.72108243609099,0.0901353045113737,0.0901353045113737,0.6810223007526017
5.95,272.63,0.56,14.87,0.0,0.0,0.0,0.02,0.04,0.01,0.72,0.09,0.09,0.68
5.96,272.63,0.56,14.87,0.0,0.0,0.0,0.02,0.05,0.02,0.72,0.09,0.09,0.68
5.97,272.63,0.56,14.87,0.0,0.0,0.0,0.02,0.03,0.01,0.72,0.09,0.09,0.68
5.98,272.63,0.56,14.87,0.0,0.0,0.0,0.0,0.04,0.0,0.72,0.09,0.09,0.68
5.99,272.63,0.56,14.87,0.0,0.0,0.0,0.02,0.04,0.01,0.72,0.09,0.09,0.68
6.0,272.63,0.56,14.87,0.0,0.0,0.0,0.0,0.05,0.02,0.72,0.09,0.09,0.68
6.01,272.63,0.56,14.87,0.0,0.0,0.0,0.03,0.04,0.05,0.72,0.09,0.09,0.68
6.02,272.63,0.56,14.87,0.0,0.0,0.0,0.025,0.045,0.04,0.72108243609099,0.0901353045113737,0.0901353045113737,0.6810223007526017
6.03,272.63,0.56,14.87,0.0,0.0,0.0,0.02,0.05,0.03,0.72,0.09,0.09,0.68
6.04,272.63,0.56,14.87,0.0,0.0,0.0,0.02,0.02,0.0,0.72,0.09,0.09,0.68
6.05,272.63,0.56,14.87,0.0,0.0,0.0,0.02,0.05,0.02,0.72,0.09,0.09,0.68
6.06,272.63,0.56,14.87,0.0,0.0,0.0,0.01,0.02,0.02,0.72,0.09,0.09,0.68
6.07,272.63,0.56,14.87,0.0,0.0,0.0,0.0,0.01,0.0,0.72,0.09,0.09,0.68
6.08,272.63,0.56,14.87,0.0,0.0,0.0,0.01,0.06,0.04,0.72,0.09,0.09,0.68
6.09,272.63,0.56,14.87,0.0,0.0,0.0,0.01,0.03,0.01,0.72,0.09,0.09,0.68
6.1,272.63,0.56,14.87,0.0,0.0,0.0,0.01,0.03,0.01,0.72,0.09,0.09,0.68
6.11,272.63,0.56,14.87,0.0,0.01,0.0,0.0,0.05,0.0,0.72,0.09,0.09,0.68
6.12,272.63,0.56,14.87,0.0,0.005,0.0,0.005,0.045,0.01,0.72108243609099,0.0901353045113737,0.0901353045113737,0.6810223007526017
6.13,272.63,0.56,14.87,0.0,0.0,0.0,0.01,0.04,0.02,0.72,0.09,0.09,0.68
6.14,272.63,0.56,14.87,0.0,0.0,0.0,0.02,0.03,0.01,0.72,0.09,0.09,0.68
6.15,272.63,0.56,14.87,0.0,0.0,0.0,0.01,0.02,0.01,0.72,0.09,0.09,0.68
6.16,272.63,0.56,14.87,0.0,0.0,0.0,0.0,0.04,0.0,0.72,0.09,0.09,0.68
6.17,272.63,0.56,14.87,0.0,0.0,0.0,0.02,0.04,0.01,0.72,0.09,0.09,0.68
6.18,272.63,0.56,14.87,0.0,0.0,0.0,0.0,0.01,0.0,0.72,0.09,0.09,0.68
6.19,272.63,0.56,14.87,0.0,0.0,0.0,0.0,0.03,0.02,0.72,0.09,0.09,0.68
6.2,272.63,0.56,14.87,0.0,0.0,0.0,0.0,0.03,0.0,0.72,0.09,0.09,0.68
6.21,272.63,0.56,14.87,0.0,0.0,0.0,0.0,0.03,0.01,0.72,0.09,0.09,0.68
6.22,272.63,0.56,14.87,0.0,0.0,0.0,0.01,0.0,0.01,0.72,0.09,0.09,0.68
6.23,272.63,0.56,14.87,0.0,0.0,0.0,0.0,0.02,0.02,0.72,0.09,0.09,0.68
6.24,272.63,0.56,14.87,0.0,0.0,0.0,0.01,0.03,0.02,0.72,0.09,0.09,0.68
6.25,272.63,0.56,14.87,0.0,0.0,0.0,0.01,0.04,0.0,0.72,0.09,0.09,0.68
6.26,272.63,0.56,14.87,0.0,0.0,0.0,0.0,0.05,0.02,0.72,0.09,0.09,0.68
6.27,272.63,0.56,14.87,0.0,0.0,0.0,0.0,0.03,0.01,0.72,0.09,0.09,0.68
6.28,272.63,0.56,14.87,0.0,0.0,0.0,0.0,0.01,0.01,0.72,0.09,0.09,0.68
6.29,272.63,0.56,14.87,0.0,0.0,0.0,0.0,0.03,0.0,0.72,0.09,0.09,0.68
6.3,272.63,0.56,14.87,0.0,0.0,0.0,0.0,0.03,0.01,0.72,0.09,0.09,0.68
6.31,272.63,0.56,14.87,0.0,0.0,0.0,0.0,0.02,0.0,0.72,0.09,0.09,0.68
6.32,272.63,0.56,14.87,0.0,0.0,0.0,0.0,0.035,0.0,0.72108243609099,0.0901353045113737,0.0901353045113737,0.6810223007526017
6.33,272.63,0.56,14.87,0.0,0.0,0.0,0.0,0.05,0.0,0.72,0.09,0.09,0.68
6.34,272.63,0.56,14.87,0.0,0.0,0.0,0.0,0.04,0.04,0.72,0.09,0.09,0.68
6.35,272.63,0.56,14.87,0.0,0.0,0.0,0.0,0.035,0.035,0.72108243609099,0.0901353045113737,0.0901353045113737,0.6810223007526017
6.36,272.63,0.56,14.87,0.0,0.0,0.0,0.0,0.03,0.03,0.72,0.09,0.09,0.68
6.37,272.63,0.56,14.87,0.0,0.0,0.0,0.0,0.04,0.0,0.72,0.09,0.09,0.68
6.38,272.63,0.56,14.87,0.0,0.0,0.0,0.03,0.04,0.0,0.72,0.09,0.09,0.68
6.39,272.63,0.56,14.87,0.0,0.0,0.0,0.02,0.05,0.0,0.72,0.09,0.09,0.68
6.4,272.63,0.56,14.87,0.0,0.0,0.0,0.0,0.05,0.02,0.72,0.09,0.09,0.68
6.41,272.63,0.56,14.87,0.0,0.0,0.0,0.02,0.03,0.01,0.72,0.09,0.09,0.68
6.42,272.63,0.56,14.87,0.0,0.0,0.0,0.01,0.03,0.02,0.72,0.09,0.09,0.68
6.43,272.63,0.56,14.87,0.0,0.0,0.0,0.005,0.04,0.035,0.72108243609099,0.0901353045113737,0.0901353045113737,0.6810223007526017
6.44,272.63,0.56,14.87,0.0,0.0,0.0,0.0,0.05,0.05,0.72,0.09,0.09,0.68
6.45,272.63,0.56,14.87,0.0,0.0,0.0,0.0,0.02,0.02,0.72,0.09,0.09,0.68
6.46,272.63,0.56,14.87,0.0,0.0,0.0,0.0,0.03,0.04,0.72,0.09,0.09,0.68
6.47,272.63,0.56,14.87,0.01,0.0,0.0,0.0,0.02,0.0,0.72,0.09,0.09,0.68
6.48,272.63,0.56,14.87,0.01,0.0,0.0,0.01,0.02,0.01,0.72,0.09,0.09,0.68
6.49,272.63,0.56,14.87,0.0,0.0,0.0,0.02,0.06,0.01,0.72,0.09,0.09,0.68
6.5,272.63,0.56,14.87,0.0,0.0,0.0,0.01,0.07,0.01,0.72,0.09,0.09,0.68
6.51,272.63,0.56,14.87,0.02,0.01,0.0,0.0,0.03,0.04,0.72,0.09,0.09,0.68
6.52,272.63,0.56,14.87,0.01,0.01,0.0,0.0,0.01,0.05,0.72,0.09,0.09,0.68
6.53,272.63,0.56,14.87,0.02,0.03,0.01,0.06,0.06,0.03,0.72,0.09,0.09,0.68
6.54,272.63,0.5,14.81,0.09,0.03,0.01,0.0,0.06,0.09,0.72,0.09,0.09,0.68
6.55,272.63,0.53,14.84,0.045,0.015,0.01,0.0,0.06,0.065,0.72108243609099,0.0901353045113737,0.0901353045113737,0.6810223007526017
6.56,272.63,0.56,14.87,0.0,0.0,0.01,0.0,0.06,0.04,0.72,0.09,0.09,0.68
6.57,272.63,0.56,14.81,0.06,0.01,0.01,0.05,0.08,0.04,0.72,0.09,0.09,0.68
6.58,272.63,0.56,14.87,0.03,0.0,0.0,0.0,0.03,0.04,0.72,0.09,0.09,0.68
6.59,272.63,0.5,14.87,0.04,0.02,0.0,0.03,0.0,0.1,0.72,0.09,0.09,0.68
6.6,272.63,0.5,14.87,0.01,0.0,0.0,0.03,0.07,0.11,0.72,0.09,0.09,0.68
6.61,272.63,0.56,14.87,0.0,0.02,0.0,0.04,0.06,0.16,0.72,0.09,0.09,0.68
6.62,272.63,0.56,14.87,0.0,0.0,0.0,0.0,0.12,0.13,0.72,0.09,0.09,0.68
6.63,272.63,0.56,14.87,0.01,0.01,0.0,0.0,0.03,0.01,0.72,0.09,0.09,0.68
6.64,272.63,0.56,14.87,0.02,0.01,0.0,0.04,0.03,0.07,0.72,0.09,0.09,0.68
6.65,272.63,0.56,14.87,0.01,0.0,0.0,0.02,0.01,0.1,0.72,0.09,0.09,0.68
6.66,272.63,0.56,14.87,0.0,0.02,0.01,0.02,0.06,0.02,0.72,0.09,0.09,0.68
6.67,272.63,0.56,14.87,0.01,0.02,0.0,0.0,0.07,0.15,0.72,0.09,0.09,0.68
6.68,272.63,0.56,14.87,0.01,0.01,0.0,0.0,0.09,0.12,0.72,0.09,0.09,0.68
6.69,272.63,0.56,14.87,0.01,0.01,0.0,0.01,0.02,0.0,0.72,0.09,0.09,0.68
6.7,272.63,0.56,14.87,0.0,0.01,0.0,0.01,0.03,0.07,0.72,0.09,0.09,0.68
6.71,272.63,0.56,14.87,0.02,0.0,0.0,0.02,0.03,0.05,0.72,0.09,0.09,0.68
6.72,272.63,0.56,14.87,0.0,0.01,0.0,0.02,0.06,0.06,0.72,0.09,0.09,0.68
6.73,272.63,0.56,14.87,0.0,0.01,0.005,0.01,0.065,0.04,0.72108243609099,0.0901353045113737,0.0901353045113737,0.6810223007526017
6.74,272.63,0.56,14.87,0.0,0.01,0.01,0.0,0.07,0.02,0.72,0.09,0.09,0.68
6.75,272.63,0.56,14.87,0.01,0.01,0.0,0.03,0.0,0.01,0.72,0.09,0.09,0.68
6.76,272.63,0.56,14.87,0.01,0.01,0.0,0.015,0.02,0.0199999999999999,0.72108243609099,0.0901353045113737,0.0901353045113737,0.6810223007526017
6.77,272.63,0.56,14.87,0.01,0.01,0.0,0.0,0.04,0.03,0.72,0.09,0.09,0.68
6.78,272.63,0.56,14.87,0.01,0.02,0.0,0.0,0.08,0.11,0.72,0.09,0.09,0.68
6.79,272.63,0.56,14.87,0.0,0.0,0.0,0.0,0.03,0.11,0.72,0.09,0.09,0.68
6.8,272.63,0.56,14.87,0.0,0.01,0.0,0.03,0.05,0.01,0.72,0.09,0.09,0.68
6.81,272.63,0.56,14.87,0.01,0.0,0.0,0.04,0.03,0.08,0.72,0.09,0.09,0.68
6.82,272.63,0.56,14.87,0.0,0.0,0.0,0.01,0.0,0.08,0.72,0.09,0.09,0.68
6.83,272.63,0.56,14.87,0.01,0.02,0.0,0.01,0.05,0.07,0.72,0.09,0.09,0.68
6.84,272.63,0.62,14.87,0.01,0.01,0.0,0.01,0.04,0.13,0.72,0.09,0.09,0.68
6.85,272.63,0.62,14.87,0.0,0.0,0.0,0.0,0.03,0.03,0.72,0.09,0.09,0.68
6.86,272.63,0.5900000000000001,14.87,0.0,0.0,0.0,0.0,0.02,0.055,0.72108243609099,0.0901353045113737,0.0901353045113737,0.6810223007526017
6.87,272.63,0.56,14.87,0.0,0.0,0.0,0.0,0.01,0.08,0.72,0.09,0.09,0.68
6.88,272.63,0.56,14.87,0.0,0.01,0.0,0.0,0.02,0.03,0.72,0.09,0.09,0.68
6.89,272.63,0.56,14.87,0.01,0.01,0.0,0.0,0.06,0.06,0.72,0.09,0.09,0.68
6.9,272.63,0.56,14.87,0.01,0.0,0.0,0.01,0.04,0.08,0.72,0.09,0.09,0.68
6.91,272.63,0.56,14.87,0.0,0.01,0.0,0.0,0.04,0.02,0.72,0.09,0.09,0.68
6.92,272.63,0.56,14.87,0.0,0.0,0.0,0.0,0.0,0.05,0.72,0.09,0.09,0.68
6.93,272.63,0.56,14.87,0.01,0.0,0.0,0.02,0.03,0.04,0.72,0.09,0.09,0.68
6.94,272.63,0.56,14.87,0.005,0.005,0.0,0.02,0.035,0.05,0.72108243609099,0.0901353045113737,0.0901353045113737,0.6810223007526017
6.95,272.63,0.56,14.87,0.0,0.01,0.0,0.02,0.04,0.06,0.72,0.09,0.09,0.68
6.96,272.63,0.56,14.87,0.0,0.01,0.0,0.01,0.05,0.03,0.72,0.09,0.09,0.68
