0.01,274.12,84.0,179.56,0.02,0.18,0.0,0.66,0.16,0.27,-0.36004745215668776,-0.34043435027253927,0.3232792848896861,0.3889648246767016
0.02,274.25,83.68999999999998,179.63,0.08999999999999998,0.34,0.07,0.17,0.14,0.24,-0.3585429254558918,-0.33989213426100995,0.3236046059761338,0.3905550053304016
0.03,274.56,83.37,179.75,0.15,0.25,0.07,0.06,0.08999999999999998,0.03,-0.3562858248915351,-0.33989247266390193,0.3232071767367024,0.3929420878936735
0.04,274.75,83.25,179.81,0.16,0.1,0.02,0.08999999999999998,0.03,0.02,-0.35516075487799986,-0.3401115134062238,0.3227638938665209,0.39413362072235225
0.05,275.0,83.12,179.81,0.15,0.08999999999999998,0.03,0.23,0.05,0.2,-0.3540293356063183,-0.3402696013044436,0.3223252448390001,0.395372115888709
0.06,275.13,83.0,179.38,0.08,0.17,0.03,0.14,0.03,0.15,-0.3547782268359728,-0.33895692738734484,0.3235308681000996,0.3948433031599009
0.07,275.25,82.56,179.5,0.07,0.47,0.03,1.69,0.14,0.94,-0.3527666995025979,-0.338053090970399,0.3241156282158275,0.39693534546350817
0.08,274.75,81.935,177.28,0.215,0.595,0.285,1.43,0.145,0.8049999999999998,-0.3601478689514747,-0.3282563416040773,0.33413141833431254,0.3901670507524843
0.09,274.25,81.31,175.06,0.36,0.72,0.54,1.17,0.15,0.67,-0.36736231482709847,-0.3182019956712089,0.3438886862105647,0.3832307876680577
0.1,273.25,80.5,171.75,0.25,0.59,0.34,1.65,0.1,1.0,-0.3788160000983049,-0.3025303442007192,0.3584198554861049,0.37127063124519744
0.11,272.97,79.935,171.375,0.22999999999999987,0.425,0.275,1.295,0.1,0.8,-0.37923892432005646,-0.2985339583637487,0.36188265719783663,0.3707143130879134
0.12,272.69,79.37,171.0,0.21,0.26,0.21,0.94,0.1,0.6,-0.37964088238111776,-0.2945182462935742,0.36532094431813233,0.37014221076786713
0.13,273.31,79.12,172.94,0.47,0.28,0.32,0.37,0.16,0.05,-0.37095922279769966,-0.3013278328375104,0.35896216583145274,0.3795652792405293
0.14,274.31,78.87,175.44,0.48,0.37,0.27,0.04,0.01,0.57,-0.35910356325053927,-0.31063568952762893,0.34967108999986407,0.3919350374683791
0.15,275.25,78.43999999999998,177.5,0.37,0.43,0.22,0.19,0.02,0.71,-0.3480794380663624,-0.3175349206232764,0.3420555775779499,0.4029182378008749
0.16,275.87,77.93999999999998,178.94,0.07,0.61,0.1,0.2,0.08,0.34,-0.33973824837034367,-0.3214148400772305,0.33733145108988166,0.41086586716658013
0.17,275.94,77.12,179.31,0.1,1.13,0.02,0.56,0.02,0.33,-0.33582001097573166,-0.3196737929839977,0.3384219012753534,0.41453232511980415
0.18,275.75,75.81,179.19,0.13,1.29,0.03,0.51,0.06,0.51,-0.3329528437007089,-0.31409140806241886,0.3431877912024745,0.41718578205293294
0.19,275.69,74.37,179.38,0.08,1.2,0.08,0.5,0.07,0.57,-0.328139937415754,-0.30921171392360913,0.3469735561400121,0.421490799792042
0.2,275.81,73.31,179.87,0.03,0.91,0.13,0.08,0.03,0.35,-0.3227951599308553,-0.3070133079450604,0.34820698036677544,0.4261817192445841
0.21,276.25,72.5,179.25,0.36,0.59,0.17,0.25,0.08,0.08,-0.32143306963217305,-0.30300846814382887,0.3505064761915683,0.4281876990903764
0.22,276.875,71.75,178.655,0.275,0.735,0.105,0.35,0.07499999999999998,0.15,-0.31968685615785897,-0.2996357487443562,0.3518244909734146,0.43077964802226143
0.23,277.5,71.0,178.06,0.19,0.88,0.04,0.45,0.07,0.22,-0.31798355160118286,-0.2962072071314219,0.3530681294702692,0.4333860782621407
0.24,277.87,70.0,177.75,0.19,0.91,0.06,0.45,0.11,0.25,-0.3151730006165393,-0.29210897991433143,0.3551096393786305,0.43654130741629354
0.25,278.44,68.94,177.25,0.32,0.93,0.14,0.57,0.04,0.66,-0.312402504969972,-0.28752344638256433,0.35695934559031905,0.4400543304969089
0.26,279.19,68.0,176.69,0.24,0.8,0.02,0.34,0.03,0.63,-0.30979777900347855,-0.2835081230786595,0.35787359586224154,0.4437429607127632
0.27,279.5,67.12,176.63,0.14,0.8199999999999998,0.05,0.17,0.02,0.16,-0.30660773957837983,-0.28037337273644086,0.35900208855188126,0.44702663436420487
0.28,279.38,66.19,177.06,0.05,0.89,0.13,0.19,0.05,0.21,-0.30244056358732846,-0.27772239790324954,0.3606834667619999,0.4501558147230422
0.29,279.19,65.19,177.44,0.05,0.88,0.04,0.1,0.05,0.12,-0.29838720237665023,-0.2745033848139305,0.36293234680900766,0.4530186821178676
0.3,279.315,64.285,177.53,0.065,0.895,0.08999999999999998,0.11,0.04,0.095,-0.2949414041698199,-0.2713302275905087,0.36441450424473953,0.4559872699129339
0.31,279.44,63.38,177.62,0.08,0.91,0.14,0.12,0.03,0.07,-0.2914802628103427,-0.26813530793726886,0.3658734843105487,0.458924996085886
0.32,279.25,62.19,178.19,0.01,1.06,0.25,0.02,0.0,0.17,-0.28594829911969,-0.2647344476553354,0.36811957793447375,0.4625689833107036
0.33,279.0,61.06,178.75,0.0,0.9900000000000002,0.23,0.12,0.0,0.01,-0.2807169046095756,-0.2614610705657437,0.3704986226143237,0.4657249662735454
0.34,278.69,60.12,179.19,0.08,0.8199999999999998,0.18,0.25,0.04,0.1,-0.27665999812212194,-0.2585018401988612,0.3729566275182215,0.46783783896525166
0.35,278.31,59.06,179.69,0.11,1.08,0.17,0.48,0.04,0.26,-0.2720778485613973,-0.2551551210872699,0.3758576421535252,0.4700355165990194
0.36,278.06,57.62,179.94,0.02,1.23,0.08,0.2,0.01,0.1,-0.2668974232115182,-0.24964910126291856,0.3796839872730308,0.47287842735178154
0.37,277.94,56.37,179.81,0.01,1.07,0.05,0.22,0.1,0.11,-0.2635541230128636,-0.24385666807162196,0.3833331616588518,0.4748280555918407
0.38,277.94,55.38,179.81,0.01,0.8399999999999999,0.01,0.17,0.08999999999999998,0.07,-0.26023957223072675,-0.2397378706835832,0.385582156008016,0.47692805002227767
0.39,278.12,54.44,179.94,0.13,0.89,0.03,0.28,0.06,0.14,-0.256134541715176,-0.2365110920501432,0.38668281412913447,0.4798612785580337
0.4,278.44,53.44,179.81,0.13,0.86,0.02,0.33,0.12,0.28,-0.2526056458963852,-0.23232420551769867,0.3878380276034584,0.48283574956818553
0.41,278.5,52.5,179.87,0.03,0.89,0.08,0.05,0.01,0.27,-0.2490399100323261,-0.22863577632577503,0.38951460621661194,0.4850938281028644
0.42,278.44,51.94,179.94,0.06,0.86,0.12,0.38,0.05,0.01,-0.24696613292770367,-0.22641677942762636,0.39083371972341013,0.48613271874262126
0.43,277.75,50.56,179.5,0.22,0.81,0.08,0.08,0.06,0.49,-0.24553308479097452,-0.21810785167579505,0.39750300029020585,0.48524909025700846
0.44,277.31,49.63,179.31,0.14,0.87,0.02,0.1,0.14,0.49,-0.2440006587458985,-0.21290158069813708,0.4016416997908276,0.48492616549481976
0.45,277.31,48.75,179.31,0.07,0.75,0.0,0.26,0.08,0.46,-0.24092901994472735,-0.20914907906413696,0.40345864756327227,0.48658384201089544
0.46,277.69,48.0,179.56,0.18,0.68,0.04,0.37,0.0,0.05,-0.23649544422111995,-0.2073019611414429,0.4029383003111148,0.48996874740796387
0.47,278.44,47.06,179.87,0.32,0.9,0.02,0.51,0.01,0.38,-0.23041584565698583,-0.2052593146175952,0.4010972822838197,0.49520800427900746
0.48,279.25,46.0,179.75,0.32,1.01,0.1,0.01,0.12,0.74,-0.2256803810913652,-0.20118380251756948,0.39993825127853777,0.499975683292563
0.49,279.155,44.845,179.81,0.275,1.005,0.085,0.325,0.065,0.58,-0.22156119203657212,-0.19622897037217013,0.4024780513754573,0.5017460443846051
0.5,279.06,43.69,179.87,0.23,1.0,0.07,0.64,0.01,0.42,-0.21740930565290875,-0.19126412527080816,0.40498558760610087,0.503458784366532
0.51,278.88,42.62,179.63,0.25,0.98,0.07,0.18,0.03,0.94,-0.21499903122529668,-0.1855082509846414,0.4081591847230196,0.5040843489334058
0.52,278.88,41.56,179.72,0.315,0.93,0.05,0.175,0.015,0.635,-0.21082815222752097,-0.18114676777162417,0.40995818929087785,0.5059688402581127
0.53,278.88,40.5,179.81,0.38,0.88,0.03,0.17,0.0,0.33,-0.20663644222642952,-0.17677270012008336,0.4117292289619512,0.5078037817693248
0.54,279.06,39.56,179.31,0.45,0.8499999999999999,0.01,0.8299999999999998,0.01,0.26,-0.20518102473401273,-0.1709629461468498,0.4133557835797037,0.5090601731030149
0.55,279.19,39.06,179.06,0.53,0.9,0.12,0.64,0.14,0.65,-0.20428590328149787,-0.16794893332722224,0.4140155851092441,0.5098866210501443
0.56,279.56,38.13,178.62,0.44,0.76,0.21,0.01,0.08,0.86,-0.20232210121771996,-0.16252669319617627,0.41458339642641434,0.5119612234238777
0.57,279.94,37.31,178.44,0.3,0.7,0.19,0.32,0.04,0.59,-0.19959992851666877,-0.15851637773459262,0.41449408391003606,0.5143538922319892
0.58,280.12,36.63,178.44,0.11,0.57,0.04,0.24,0.16,0.35,-0.19689017602285652,-0.155588792958518,0.41478535016127127,0.5160545948904668
0.59,280.12,35.94,178.62,0.11,0.81,0.02,0.26,0.08999999999999998,0.63,-0.19360305017922327,-0.15310057580096767,0.4156383652880736,0.517354489181203
0.6,280.06,34.94,178.69,0.01,0.96,0.02,0.1,0.13,0.25,-0.1897725255131526,-0.14874668433262422,0.4173810655539272,0.5186392812948624
0.61,280.12,33.69,178.44,0.34,1.1,0.01,0.39,0.02,0.92,-0.1862972766223147,-0.14216636953722947,0.419337491788622,0.5201643601792728
0.62,280.25,32.56,178.06,0.28,1.0,0.01,0.55,0.05,1.01,-0.1837466786615266,-0.1356834923638478,0.420878862717236,0.5215563022562624
0.63,280.19,31.69,178.06,0.21,0.67,0.03,0.3,0.14,0.02,-0.1806614729606584,-0.1316313115985397,0.4223985308871578,0.5224432568456373
0.64,280.12,30.94,178.31,0.17,0.77,0.02,0.14,0.1,0.31,-0.17687182678667313,-0.1290461549279987,0.4234923410576433,0.5234983566139756
0.65,280.06,30.06,178.44,0.12,0.8199999999999998,0.02,0.38,0.06,0.59,-0.17312541359745065,-0.12542619542232633,0.42484960952383327,0.5245298041871509
0.66,280.06,29.0,178.5,0.02,0.97,0.01,0.41,0.17,0.19,-0.168945823678757,-0.12075026433814702,0.4262370142898023,0.5258626583982372
0.67,280.19,27.87,178.38,0.22,0.96,0.1,0.35,0.15,0.02,-0.16516695985625293,-0.11514510305984532,0.4272724236267119,0.5274775844961648
0.68,280.5,27.06,178.12,0.34,0.7,0.16,0.13,0.29,0.19,-0.16301459222706,-0.11058551454669704,0.4271533054797919,0.5292163884799368
0.69,280.75,26.37,177.94,0.21,0.6,0.13,0.15,0.25,0.43,-0.16101990496095583,-0.1068307765095256,0.42703972847965926,0.5306879414696811
0.7,280.81,25.44,177.94,0.0,1.0,0.06,0.19,0.24,0.49,-0.15751838126690523,-0.10250703455961688,0.4278997842023454,0.5318974408972148
0.71,281.0,24.12,177.94,0.24,1.15,0.17,0.54,0.36,0.34,-0.1524321330965955,-0.09640113422443555,0.42858387743414594,0.5339662645223473
0.72,281.25,22.87,177.69,0.36,1.11,0.17,0.47,0.37,0.4,-0.1487169682471371,-0.0896851922600351,0.4290438663367688,0.5358115675571308
0.73,281.5,21.62,177.25,0.5,1.11,0.04,0.13,0.13,0.88,-0.1459087258034411,-0.08222348120101709,0.42955426709868,0.5373694446239854
0.74,281.5,20.56,176.69,0.35,0.81,0.18,0.87,0.25,0.8,-0.14459903334015536,-0.0750847604983434,0.43101759974378806,0.5375965704258864
0.75,281.38,19.69,176.31,0.21,0.69,0.22,1.3,0.0,0.49,-0.1432392113336211,-0.06946623693453607,0.4326609781818828,0.5373958445558972
0.76,281.19,19.0,176.25,0.0,0.59,0.16,1.33,0.17,0.06,-0.14108795599691723,-0.0658847670093912,0.4342311095375199,0.5371494905360304
0.77,281.19,18.37,176.31,0.02,0.55,0.07,1.09,0.25,0.15,-0.1384457906243981,-0.06311389933253897,0.4347724240071516,0.5377315162950238
0.78,281.63,17.81,176.19,0.19,0.53,0.32,0.49,0.4,0.57,-0.13659889315959028,-0.06013349361751576,0.43326690141420154,0.5397567442806398
0.79,282.06,17.31,176.0,0.27,0.46,0.31,0.89,0.31,0.81,-0.13533255021445442,-0.05715838613309149,0.43176598897136015,0.5415985561643128
0.8,282.19,16.81,176.0,0.08999999999999998,0.48,0.02,0.38,0.12,0.59,-0.13338348321351465,-0.05479746847309332,0.4315705950433021,0.5424811064666796
0.81,282.19,16.125,176.25,0.16,0.625,0.015,0.625,0.11,0.6,-0.12964552219402747,-0.05244861389033536,0.43201866767004976,0.5432622734786465
0.82,282.19,15.44,176.5,0.23,0.77,0.01,0.87,0.1,0.61,-0.12590020939275307,-0.05010008302537304,0.4324636071372764,0.5440102875700968
0.83,282.31,14.63,176.5,0.1,0.67,0.16,0.62,0.07,0.15,-0.12279693147364548,-0.0462302756481202,0.43253554029335595,0.5450041533253327
0.84,282.62,14.0,176.37,0.23,0.56,0.2,0.27,0.44,0.71,-0.12088225814022792,-0.042763141728045774,0.4315906319367326,0.5464624098009766
0.85,282.81,13.31,176.31,0.02,0.71,0.14,0.27,0.51,0.89,-0.11848826224473465,-0.03923691786951088,0.4312131416850349,0.5475482334452542
0.86,282.87,12.5,176.63,0.32,0.75,0.02,0.04,0.28,0.32,-0.11390011093970616,-0.03653259918373754,0.43140133053892565,0.5485598157526853
0.87,282.87,11.63,177.0,0.33,0.75,0.02,0.35,0.11,0.22,-0.10887028952533008,-0.0337179092379515,0.4319007073244069,0.5493678068403184
0.88,282.87,11.25,177.12,0.1,0.68,0.02,0.08,0.25,0.33,-0.10686972351734096,-0.032332099549826965,0.43212989951729536,0.5496636180445015
0.89,282.87,10.5,177.25,0.15,0.59,0.01,0.36,0.24,0.44,-0.10342934762078848,-0.029194087098133974,0.4326056203791924,0.550122984495423
0.9,282.87,9.88,177.5,0.31,0.54,0.02,0.17,0.18,0.2,-0.0998965038949134,-0.02713843154931812,0.4329572674962453,0.5506042536063208
0.91,282.81,9.315,177.875,0.3,0.595,0.025,0.365,0.11499999999999988,0.435,-0.09599042116136881,-0.025824619290541462,0.4335320224568121,0.5509099373879909
0.92,282.75,8.75,178.25,0.29,0.65,0.03,0.56,0.05,0.67,-0.09207827215759448,-0.02451649198202187,0.4341096738079517,0.551182519723089
0.93,282.69,8.0,178.56,0.13,0.76,0.07,0.52,0.0,0.26,-0.08777233815366865,-0.022074026128496675,0.4348231047113986,0.5514258491939137
0.94,282.81,7.19,178.69,0.06,0.59,0.13,0.59,0.24,0.08999999999999998,-0.08403295872198646,-0.018638028587124725,0.43473586266079406,0.5522034597681927
0.95,282.94,6.56,178.81,0.13,0.51,0.07,0.78,0.3,0.34,-0.08102273199875844,-0.016025713717785155,0.43447845250802736,0.5529374406115894
0.96,282.87,5.94,179.0,0.07,0.81,0.16,0.16,0.36,0.53,-0.07777798157568173,-0.013760222323585517,0.43516372043254936,0.5529255137968341
0.97,282.69,5.0,178.94,0.29,0.8299999999999998,0.16,0.27,0.24,0.61,-0.07454678299346543,-0.009026438811527213,0.4365807117303357,0.552350819875659
0.98,282.5,4.12,178.56,0.31,0.67,0.2,0.53,0.23,1.45,-0.07306744729469798,-0.003370933199368441,0.4379909755804445,0.5514948193681103
0.99,282.12,3.62,178.56,0.48,0.62,0.48,0.41,0.29,0.35,-0.07123211022649427,-0.0010550905658701232,0.4400735460991711,0.5500845324173833
1.0,281.63,2.75,179.12,0.57,0.9,0.45,1.41,0.02,1.04,-0.06528846758852326,0.0008288386049442736,0.44285755843539654,0.54858614409017
1.01,281.345,1.815,179.405,0.485,0.535,0.24,1.01,0.025,0.54,-0.06035060993418015,0.004109160365009,0.4446824930468652,0.5476597890879557
1.02,281.06,0.88,179.69,0.4,0.17,0.03,0.61,0.03,0.04,-0.055391272630575375,0.007362052883146912,0.44649494282909913,0.5466742344818555
1.03,281.13,0.75,179.12,0.58,0.1,0.12,0.32,0.23,1.13,-0.05759678487355089,0.01023018041773764,0.44617466359379593,0.5466616584985504
1.04,281.25,0.56,178.62,0.31,0.16,0.04,0.07,0.37,0.97,-0.059233361952708,0.013128633274010147,0.4456291688856053,0.5468697625422648
1.05,281.13,0.13,178.75,0.19,0.52,0.16,0.67,0.17,0.64,-0.056946068952884815,0.014633579850434366,0.4463893751912594,0.5464543666332109
1.06,281.06,0.62,179.06,0.3,0.72,0.03,0.49,0.03,0.01,-0.057382582682567754,0.011058298691894125,0.4465587123118453,0.5463543861063788
1.07,281.06,1.06,179.31,0.21,0.29,0.02,0.67,0.02,0.54,-0.057905161126368336,0.007983191971139017,0.4463880121287177,0.5464923138647289
1.08,281.06,1.19,179.44,0.02,0.1,0.06,0.43,0.17,0.6,-0.05779159095908742,0.006856115583014384,0.4463375696128712,0.5465608339152902
1.09,281.25,1.31,179.06,0.39,0.12,0.15,0.92,0.49,1.11,-0.06004963468023147,0.007830859499610078,0.4453516086288755,0.5471083158118816
1.1,281.19,1.37,178.81,0.15,0.01,0.07,0.31,0.48,1.05,-0.06148276354919421,0.008494792045473801,0.4455940442470572,0.5467417137466117
1.11,281.065,1.435,178.965,0.16499999999999987,0.06,0.065,0.4449999999999999,0.345,0.7150000000000001,-0.06101035027237897,0.0075377453554545185,0.4461731456273388,0.5463362418878833
1.12,280.94,1.5,179.12,0.18,0.11,0.06,0.58,0.21,0.38,-0.06053973077513195,0.006579691343406507,0.446749772153596,0.5459296065105669
1.13,280.94,1.56,179.25,0.08999999999999998,0.03,0.01,0.62,0.15,0.43,-0.06015428920581051,0.005786594825042992,0.4467292584181252,0.5459979780257788
1.14,281.035,1.435,179.06,0.2,0.115,0.07,0.425,0.3,0.625,-0.06056093960695476,0.0071572754211042125,0.4463224186299211,0.5462694300026124
1.15,281.13,1.31,178.87,0.31,0.2,0.13,0.23,0.45,0.8199999999999998,-0.06096952910311025,0.008527415505364585,0.44591138583827294,0.5465399173071508
1.16,281.13,0.94,178.75,0.0,0.37,0.02,0.27,0.18,0.1,-0.06010146619501153,0.010762726302790904,0.44606005718904623,0.5464752953142695
1.17,281.0,0.62,178.94,0.16,0.25,0.1,0.53,0.1,0.77,-0.05795948777324207,0.011503409398554468,0.4468332952157995,0.5460597230710531
1.18,281.0,0.56,178.94,0.04,0.03,0.01,0.56,0.22,0.08999999999999998,-0.057725447085060735,0.011789836494308077,0.4468582869990744,0.5460579542311352
1.19,281.06,0.62,178.69,0.32,0.14,0.08999999999999998,0.21,0.38,0.81,-0.05914638183584387,0.012500113711402736,0.44652067888147656,0.5461662581382416
1.2,281.13,0.37,178.38,0.21,0.26,0.02,0.19,0.41,0.91,-0.05964545379183222,0.014927675838069435,0.4462482508878709,0.5462736754046712
1.21,281.06,0.13,178.44,0.13,0.03,0.01,0.1,0.33,0.69,-0.0584271567757717,0.015815148970760324,0.4466826106049492,0.546025310147663
1.22,281.06,0.13,178.62,0.35,0.04,0.11,0.33,0.18,0.11,-0.057569390495366704,0.015113482344165784,0.44670690190017504,0.5461164136415826
1.23,280.94,0.06,179.0,0.39,0.08999999999999998,0.12,1.09,0.05,0.8499999999999999,-0.05549209216189282,0.013918696751914811,0.44735546272809223,0.5458322389527125
1.24,280.97,0.06,179.03,0.245,0.095,0.1,0.75,0.12,0.61,-0.055347410128749594,0.013813524894873568,0.4472159526647804,0.5459639071666954
1.25,281.0,0.06,179.06,0.1,0.1,0.08,0.41,0.19,0.37,-0.0552026591741266,0.01370842609954402,0.44707638755273926,0.5460954996072974
1.26,281.13,0.25,178.87,0.19,0.2,0.1,0.02,0.19,0.45,-0.05684143645656282,0.013592745664367844,0.4463564733500765,0.5465190139326471
1.27,281.19,0.44,178.62,0.22,0.17,0.07,0.25,0.3,0.76,-0.05877021547480121,0.0136805600899815,0.4459640157771442,0.5466331916424078
1.28,281.25,0.69,178.56,0.03,0.24,0.03,0.15,0.24,0.56,-0.06002541941930467,0.012740084150780043,0.4455700352154616,0.5468407707203553
1.29,281.25,1.06,178.62,0.1,0.33,0.03,0.22,0.18,0.14,-0.06117803160957231,0.010736814084556621,0.445424014751875,0.5468749965747068
1.3,281.31,1.44,178.81,0.13,0.36,0.02,0.29,0.08999999999999998,0.0,-0.06174172345305633,0.00820111548742046,0.4449897338948858,0.5472089943911188
1.31,281.31,1.87,178.94,0.1,0.38,0.02,0.78,0.08999999999999998,0.51,-0.06279054828606999,0.005638704423687592,0.44480429571058255,0.5472728168841771
1.32,281.38,2.25,178.87,0.13,0.37,0.15,0.49,0.14,0.33,-0.06458933079767157,0.004114088946711151,0.4442901026698432,0.5474946966075925
1.33,281.56,2.69,178.75,0.19,0.45,0.16,0.14,0.15,0.37,-0.06683894194054565,0.00252580914855589,0.44321662240445575,0.5481040478571307
1.34,281.75,3.53,178.405,0.24,0.655,0.155,0.16,0.245,0.72,-0.07169999713205125,-0.00012039003466454874,0.44189486130470745,0.548562551578732
1.35,281.94,4.37,178.06,0.29,0.86,0.15,0.18,0.34,1.07,-0.07654692218890513,-0.002785360614508927,0.44056895697882975,0.5489668934833968
1.36,282.0,5.25,178.06,0.07,0.72,0.06,0.01,0.2,0.12,-0.07991041619800457,-0.007007606252074869,0.43982338844553376,0.5490477678112705
1.37,282.06,5.845000000000001,178.25,0.07,0.595,0.07,0.09999999999999987,0.25,0.19,-0.0812634603968254,-0.010589314664026527,0.4391945361163002,0.5492951132036769
1.38,282.12,6.44,178.44,0.07,0.47,0.08,0.19,0.3,0.26,-0.08261072464190283,-0.014171052674297533,0.4385433005506317,0.5495336827774733
1.39,282.19,7.06,178.38,0.1,0.68,0.03,0.3,0.23,0.2,-0.08524343604321467,-0.01691637157584425,0.43784423881806334,0.5496113727377349
1.4,282.06,7.87,178.25,0.05,0.8,0.1,0.03,0.27,0.38,-0.08900224234548067,-0.020333327217778575,0.4379870797873348,0.5487853133290524
1.41,281.94,8.88,178.19,0.11,0.92,0.15,1.2,0.13,0.32,-0.09318750073111208,-0.02496981415785122,0.43792080118877114,0.5479514718468858
1.42,281.94,9.94,177.75,0.44,0.97,0.06,0.51,0.19,0.32,-0.09932680736997432,-0.028383109081398922,0.4373128006750415,0.5471918716016212
1.43,282.19,11.06,177.12,0.58,1.0,0.21,0.2,0.34,0.66,-0.10647143261891544,-0.031376893882334014,0.4355173416130692,0.5471168204736809
1.44,282.44,11.94,176.69,0.42,0.74,0.19,0.54,0.44,1.3,-0.11172631448638443,-0.034006331869922954,0.4338353598162081,0.5472481394593824
1.45,282.5,12.75,176.5,0.04,0.72,0.05,0.79,0.33,1.11,-0.1156468906531449,-0.03720258644335996,0.4330351117180514,0.5468593985551412
1.46,282.37,13.69,176.69,0.25,0.88,0.14,0.23,0.18,0.11,-0.11833634903991816,-0.04243281191026376,0.43289775524729,0.5460113039083719
1.47,282.06,14.69,176.87,0.19,0.93,0.2,0.38,0.21,0.41,-0.12141187782446113,-0.047868604392892714,0.4335249030513297,0.5443865874500605
1.48,281.81,15.63,176.87,0.03,0.81,0.22,0.48,0.11,0.44,-0.12509703544690423,-0.052325512231088486,0.43394455974156704,0.5428054320725062
1.49,281.56,16.44,176.69,0.13,0.8,0.16,0.87,0.13,0.1,-0.129154134715057,-0.055459232397406126,0.43452920360214026,0.5410736546620594
1.5,281.56,17.44,176.44,0.2,0.95,0.01,0.54,0.16,0.2,-0.13408542782509567,-0.059289774989494566,0.4337904753098603,0.5400597093670977
1.51,281.63,18.62,176.19,0.19,1.06,0.05,0.28,0.12,0.45,-0.1396230256728455,-0.0640030020483128,0.4325461769055208,0.5391156432526826
1.52,281.63,19.87,176.06,0.07,1.19,0.0,0.17,0.32,0.58,-0.14488648543563148,-0.06947867853167763,0.4314706491300578,0.5379094199132985
1.53,281.44,21.12,176.06,0.06,1.11,0.1,0.08999999999999998,0.1,0.37,-0.1496795565208982,-0.07535334042620824,0.4311601134664952,0.536051962524577
1.54,281.38,21.69,176.06,0.1,0.92,0.06,0.08999999999999998,0.16,0.25,-0.15184286969709135,-0.0780361133159751,0.4308752744779055,0.5352881946286976
1.55,281.22,22.78,176.185,0.1699999999999999,0.9950000000000001,0.07499999999999998,0.18,0.12,0.29,-0.1554353681196901,-0.08360147289646813,0.4304182829285041,0.53378234076493
1.56,281.06,23.87,176.31,0.24,1.07,0.08999999999999998,0.27,0.08,0.33,-0.15903123913865513,-0.08914637703905073,0.4299063649107143,0.53223618006733
1.57,280.94,24.87,176.37,0.0,0.91,0.0,0.23,0.23,0.06,-0.1625596625207645,-0.09402494090758372,0.42930951616642576,0.5308105608048717
1.58,280.94,25.94,176.37,0.05,0.96,0.0,0.01,0.02,0.23,-0.16649757222678072,-0.09906337743788035,0.42808976890371686,0.5296574373854507
1.59,280.87,26.87,176.37,0.01,0.81,0.02,0.08,0.13,0.28,-0.16998339494112166,-0.10339183091615128,0.4273211047106136,0.5283420234446337
1.6,280.81,27.69,176.31,0.01,0.94,0.07,0.08999999999999998,0.31,0.29,-0.17332604450967243,-0.10697673950291656,0.42666681830326103,0.5270695695859329
1.61,280.69,28.81,176.25,0.1,1.11,0.1,0.04,0.05,0.2,-0.17782428133896053,-0.11191512844400936,0.4258943856801342,0.5251669703650038
1.62,280.5,30.0,176.25,0.1,1.04,0.12,0.21,0.08999999999999998,0.3,-0.18237765234676065,-0.11733162458987353,0.4252497172471472,0.5229409195132647
1.63,280.345,30.97,176.185,0.07499999999999998,0.97,0.1,0.48,0.07499999999999998,0.22499999999999987,-0.18638341204374848,-0.12148490299413614,0.4247547843882761,0.5209787526601032
1.64,280.19,31.94,176.12,0.05,0.9,0.08,0.75,0.06,0.15,-0.19038527691900087,-0.12561974917640825,0.42422959104437086,0.51897516757185
1.65,280.19,33.06,175.94,0.17,1.06,0.05,0.11,0.06,0.25,-0.1952424485664776,-0.13013620669793932,0.4229009936107297,0.5171388102933944
1.66,280.31,34.25,175.69,0.25,0.9900000000000002,0.1,0.47,0.16,0.38,-0.20048096392677464,-0.1348188668547027,0.4209936776013044,0.5154885306069441
1.67,280.44,35.19,175.44,0.13,0.8399999999999999,0.01,0.1,0.35,0.62,-0.20477861940731104,-0.13836152698877632,0.4193795195687927,0.5141745510755961
1.68,280.25,36.31,175.38,0.12,1.13,0.14,0.26,0.2,0.34,-0.2092824922655745,-0.14311752966535765,0.4186839790944743,0.5116197634061699
1.69,279.94,37.56,175.44,0.27,1.07,0.12,0.46,0.03,0.33,-0.21387977378429207,-0.14875530742903156,0.418125589953491,0.5085578997796533
1.7,279.81,38.38,175.56,0.08,0.66,0.01,0.14,0.08,0.02,-0.2164339246398911,-0.15280043470776905,0.4172909378984259,0.5069610459300744
1.71,279.87,39.19,175.5,0.02,0.76,0.04,0.08,0.14,0.2,-0.2194595890612026,-0.15633483619882782,0.4158512590544989,0.5057642569687325
1.72,279.81,40.25,175.44,0.02,1.09,0.01,0.17,0.13,0.13,-0.2235285805302253,-0.16086732044798252,0.41452329820411216,0.5036466615282836
1.73,279.75,41.56,175.44,0.07,1.15,0.02,0.17,0.0,0.08999999999999998,-0.22818760469605337,-0.16672944197883,0.4126675477034133,0.5011686850128697
1.74,279.69,42.13,175.44,0.07,1.03,0.02,0.12,0.06,0.08999999999999998,-0.23026242945873743,-0.1692316387675653,0.41198930858774047,0.49993751724967805
1.75,279.63,43.25,175.5,0.12,0.97,0.02,0.36,0.08999999999999998,0.23,-0.23397313189461047,-0.17441484714382346,0.41028231154880895,0.4978326074113288
1.76,279.56,44.38,175.56,0.16,1.14,0.05,0.22,0.12,0.05,-0.2377203066755304,-0.1796073470300996,0.40855399714230767,0.4956276158876912
1.77,287.81,45.69,175.69,0.17,1.17,0.07,0.08,0.06,0.05,-0.22646552223974145,-0.19609009776848169,0.3697866626913504,0.524263970165788
1.78,287.12,46.94,175.87,0.11,1.0,0.07,0.18,0.03,0.11,-0.23084736322887667,-0.2017103595140928,0.37050688482286337,0.5196921392309107
1.79,286.69,48.0,175.94,0.07,0.9,0.04,0.07,0.0,0.17,-0.23466360937800643,-0.2063397004290521,0.37049362088864835,0.5161629983502559
1.8,286.44,48.94,175.94,0.08,0.92,0.04,0.01,0.01,0.25,-0.23807417200970596,-0.2103726074204292,0.36996571684163915,0.5133442008588851
1.81,286.19,50.0,175.87,0.08,0.95,0.06,0.08999999999999998,0.0,0.32,-0.24216750276797447,-0.21470169906599165,0.3693184492056768,0.5100929421411218
1.82,285.81,51.0,175.81,0.15,0.9,0.06,0.16,0.02,0.19,-0.24629914789991225,-0.2185779510696081,0.3692889701585981,0.5064769600818614
1.83,285.25,52.0,175.87,0.26,0.92,0.06,0.29,0.02,0.17,-0.2502901687863186,-0.22254796412823735,0.36976075393081537,0.5024311549340669
1.84,284.595,53.125,176.03,0.265,0.9950000000000001,0.045,0.22499999999999987,0.02,0.225,-0.25445871668885506,-0.22721075243383956,0.3701384178854637,0.4979522392853831
1.85,283.94,54.25,176.19,0.27,1.07,0.03,0.16,0.02,0.28,-0.2586636666835182,-0.23180096707695744,0.3704252386185009,0.49343632549603006
1.86,283.31,55.19,176.44,0.2,0.77,0.06,0.16,0.03,0.17,-0.26189099016960293,-0.23583153156792325,0.3707037054721228,0.4896000472427698
1.87,282.87,55.81,176.63,0.17,0.5,0.02,0.31,0.02,0.1,-0.26398797085552483,-0.23850276289623704,0.3708952537269915,0.48702806861802816
1.88,282.5,56.31,176.75,0.17,0.47,0.0,0.04,0.0,0.21,-0.26586697485784344,-0.24050707489040615,0.3711565198301692,0.4848162352064223
1.89,282.06,56.94,177.0,0.16,0.56,0.05,0.05,0.03,0.23,-0.26777449780085166,-0.2433684139347365,0.3711353571074568,0.48234844838113167
1.9,281.75,57.69,177.06,0.07,0.73,0.02,0.16,0.12,0.01,-0.27057387358061424,-0.24630950433595708,0.3706904841185892,0.4796277906021034
1.91,281.63,58.56,177.12,0.03,0.81,0.07,0.03,0.12,0.06,-0.2733107342388392,-0.25004373390664814,0.3691755649658238,0.4773066325126701
1.92,281.38,59.38,177.25,0.04,0.73,0.08999999999999998,0.05,0.05,0.25,-0.2759037442644249,-0.2535538147913818,0.36811515314400456,0.47477538526754626
1.93,281.25,59.75,177.38,0.16,0.74,0.05,0.15,0.06,0.27,-0.27682151317588327,-0.2553286188993889,0.367535441345386,0.47373799836362024
1.94,280.81,60.63,177.56,0.24,0.77,0.01,0.2,0.12,0.16,-0.2798618686917668,-0.2588892832803803,0.36693655777607587,0.4704721899825113
1.95,280.31,61.44,177.75,0.25,0.79,0.07,0.07,0.03,0.27,-0.28280791033356023,-0.2620430851408321,0.36666181732947306,0.46716706285852383
1.96,280.0,62.44,177.72,0.2,0.91,0.07,0.035,0.02,0.15,-0.2867886336770366,-0.26556786210718664,0.36564381031970455,0.46353364463535657
1.97,279.69,63.44,177.69,0.15,1.03,0.07,0.0,0.01,0.03,-0.2907653690760343,-0.26905182355034374,0.3645830791228776,0.4598680683980636
1.98,279.56,64.69,177.62,0.08999999999999998,1.17,0.03,0.17,0.07,0.23,-0.29521041810757115,-0.27371743824144945,0.36226978422928496,0.45609540888100486
1.99,279.31,65.94,177.56,0.15,1.05,0.03,0.29,0.06,0.22,-0.2998942842594006,-0.2781497708497294,0.3603512211475833,0.45185834747938713
2.0,278.94,66.81,177.69,0.22,0.8,0.03,0.32,0.02,0.01,-0.3029760191985487,-0.2813692793890783,0.35931478975775,0.4486229907088888
2.01,278.5,67.69,177.75,0.31,0.8,0.08,0.14,0.12,0.07,-0.3065515100426241,-0.28423316340359567,0.35864693175859413,0.4449077481645948
2.02,278.12,68.62,177.75,0.28,0.8,0.08,0.12,0.05,0.07,-0.31035917770674626,-0.28718034282856514,0.35772723571843446,0.4410994240031153
2.03,277.75,69.31,177.81,0.25,0.62,0.03,0.08999999999999998,0.06,0.13,-0.3131875115495476,-0.28934929402843035,0.3571947905582889,0.43810420652767446
2.04,277.31,70.0,178.0,0.31,0.63,0.02,0.31,0.0,0.02,-0.31571403663806097,-0.29175108560479046,0.3565609272361467,0.43520466657792056
2.05,276.75,70.75,178.25,0.36,0.63,0.02,0.64,0.07,0.24,-0.3185319058017253,-0.29428917871724436,0.35601710288765476,0.43187494978558777
2.06,276.25,71.44,178.38,0.39,0.64,0.12,0.19,0.17,0.61,-0.32147719692186927,-0.2963043750985278,0.3556724987097286,0.4285861037678181
2.07,275.94,72.12,178.0,0.3,0.67,0.2,0.15,0.1,0.5,-0.32578235466776784,-0.2970631285621244,0.3559484345878825,0.42456202429682255
2.08,275.81,72.93999999999998,177.44,0.17,0.74,0.2,0.52,0.0,0.36,-0.33065695000250583,-0.29815911897445946,0.3556464738715127,0.42025653157892295
2.09,276.0,73.93999999999998,176.37,0.03,0.98,0.28,0.04,0.04,0.07,-0.3369987791098438,-0.2990558203356971,0.3550422702240678,0.4150605631477533
2.1,276.25,75.18999999999998,174.81,0.06,1.2,0.29,0.2,0.0,0.52,-0.345533004567158,-0.29955199858465287,0.3548672399234048,0.40777154198454
2.11,276.19,76.37,173.62,0.23,1.08,0.18,0.11,0.11,0.22,-0.35321713506556845,-0.30022841989902166,0.3550299152925598,0.4004836527911457
2.12,276.06,76.93999999999998,173.19,0.35,0.8499999999999999,0.13,0.27,0.15,0.39,-0.35664742998952226,-0.3007575619607591,0.35507755243655864,0.3969890135577107
2.13,275.62,77.81,172.5,0.29,0.65,0.14,0.24,0.19,0.31,-0.362600588507162,-0.3008492931526709,0.3560446918248811,0.39060918956380913
2.14,275.44,78.43999999999998,171.62,0.16,0.65,0.08999999999999998,0.18,0.08999999999999998,0.46,-0.36777768629365193,-0.3000514077897942,0.35726041609713594,0.38523572882395585
2.15,275.31,79.18999999999998,170.87,0.07,0.67,0.01,0.13,0.12,0.37,-0.37264389319642943,-0.3002258199982258,0.3576408245228792,0.3800353562880281
2.16,275.19,79.87,170.44,0.04,0.56,0.05,0.35,0.11,0.33,-0.3761878353445588,-0.30114933709033936,0.3573332653957144,0.37608186911234176
2.17,275.19,80.5,170.0,0.06,0.62,0.03,0.81,0.01,0.45,-0.3792781473382313,-0.3021594026200096,0.35679462259468014,0.3726636890979452
2.18,275.31,81.31,168.94,0.12,0.77,0.03,0.19,0.12,0.51,-0.38446681369974706,-0.30223957566457715,0.3570296580037971,0.3670138647189289
2.19,275.56,82.18999999999998,166.88,0.11,0.75,0.07,0.32,0.06,0.8499999999999999,-0.39252302416023,-0.29982651746394606,0.359320646285669,0.35812184184572005
2.2,275.69,82.93999999999998,164.75,0.0,0.74,0.06,0.35,0.04,0.27,-0.40056287031737775,-0.29635907163202796,0.362512176420181,0.3487670498429891
2.21,275.38,83.75,178.19,0.22,0.73,0.1,0.69,0.11,0.26,-0.3601601751783476,-0.33882536585983647,0.32393038512463806,0.3897229410530332
2.22,274.81,84.5,178.44,0.26,0.6,0.18,1.63,0.1,0.75,-0.36310585031797904,-0.3407169846972962,0.32278206405356297,0.3862779600929021
2.23,274.56,85.06,178.5,0.12,0.47,0.0,1.42,0.12,0.31,-0.3652010601029899,-0.34218457524411744,0.32169475843820333,0.38390523581036695
2.24,274.75,85.5,178.31,0.06,0.49,0.23,0.27,0.0,0.35,-0.3664465729320985,-0.34364444004647404,0.3202798663747255,0.3825951655876297
2.25,275.19,85.81,177.94,0.06,0.54,0.35,0.11,0.04,0.42,-0.36715416877837426,-0.3447992129666644,0.3190008347779781,0.38194584959357186
2.26,275.5,86.12,177.56,0.07,0.51,0.29,0.02,0.26,0.23,-0.3682822817095423,-0.3456053510971105,0.3181852289704384,0.3808098053641192
2.27,275.56,86.31,177.38,0.13,0.4,0.19,0.08999999999999998,0.25,0.32,-0.3691949707132405,-0.34591673019974367,0.31795104836387766,0.3798376834081243
2.28,275.56,86.43999999999998,177.25,0.08999999999999998,0.2,0.11,0.06,0.1,0.32,-0.36996733196436093,-0.3460056407687646,0.3179448764484012,0.37900946017237114
2.29,275.56,86.5,177.19,0.01,0.17,0.0,0.55,0.01,0.15,-0.3703231721524042,-0.3460466810896423,0.31794209591512224,0.3786266126984416
2.3,275.56,86.62999999999998,177.19,0.06,0.11,0.0,0.48,0.0,0.24,-0.3706639481849112,-0.34649607601850607,0.31754333596728584,0.3782165809785325
2.31,275.69,86.56,177.12,0.02,0.06,0.08999999999999998,0.03,0.0,0.38,-0.37030770019905823,-0.34639592035876027,0.31755048846417694,0.3786510350346697
2.32,275.75,86.56,177.06,0.04,0.17,0.05,0.0,0.02,0.36,-0.3703194326422252,-0.3463846053550878,0.31753834349263493,0.3786600968111984
2.33,275.69,86.62999999999998,177.06,0.11,0.06,0.05,0.01,0.04,0.2,-0.37068882951470855,-0.3464720296751565,0.3175175844352207,0.3782358436541776
2.34,275.5,86.62999999999998,177.12,0.14,0.16,0.07,0.16,0.23,0.13,-0.3710813036335944,-0.3461467161724205,0.317948098383458,0.37778693629552246
2.35,275.31,86.62999999999998,177.19,0.16,0.15,0.08,0.05,0.25,0.07,-0.3714403993657948,-0.34584877897009714,0.318347986497845,0.3773699203980252
2.36,275.06,86.75,177.25,0.15,0.13,0.1,0.49,0.18,0.4,-0.3723339695512553,-0.34577943939082956,0.3185999566470149,0.3763388201632421
2.37,274.81,86.87,177.38,0.05,0.01,0.08,0.43,0.18,0.24,-0.3729989517194381,-0.34590144391151023,0.318637276238578,0.3755357570617813
2.38,274.69,86.93999999999998,177.44,0.02,0.04,0.03,0.56,0.19,0.01,-0.3733594329662934,-0.3459945521679804,0.3186226693283051,0.3751039106698896
2.39,274.69,87.06,177.5,0.0,0.11,0.02,0.93,0.22,0.18,-0.37348011491262945,-0.3465708291734991,0.3180680283418127,0.3749224439829744
2.4,274.81,87.0,177.38,0.03,0.07,0.11,0.25,0.22,0.27,-0.3733418784255088,-0.34634615076743885,0.31823383436085184,0.3751269889715393
2.41,275.0,86.93999999999998,177.25,0.06,0.08999999999999998,0.08,0.64,0.26,0.31,-0.3730199081338402,-0.34627544188567555,0.3182048939680773,0.3755368922782936
2.42,274.88,87.0,177.31,0.1,0.05,0.19,0.28,0.24,0.22,-0.373353724433496,-0.3463345167007256,0.31822159124185967,0.37513632640066086
2.43,274.56,87.18999999999998,177.56,0.1,0.11,0.21,0.56,0.25,0.34,-0.37403137134360903,-0.34684021138836124,0.317896231719806,0.374268930580426
2.44,274.31,87.22,177.78,0.065,0.18,0.195,0.525,0.175,0.255,-0.37416957792145006,-0.3468978080959735,0.31793365505842786,0.37404555097214287
2.45,274.06,87.25,178.0,0.03,0.25,0.18,0.49,0.1,0.17,-0.37430864424701565,-0.3469547226195689,0.3179700715969665,0.37382260283071617
2.46,273.87,87.25,178.12,0.02,0.12,0.16,0.62,0.14,0.41,-0.3745077741092516,-0.34678978022603724,0.3182120205415756,0.37357024904284186
2.47,273.935,87.28,178.185,0.08,0.08499999999999988,0.1,0.4649999999999999,0.12,0.22499999999999987,-0.3741739564279468,-0.3472414449213827,0.31771333397817714,0.3739094973345969
2.48,274.0,87.31,178.25,0.14,0.05,0.04,0.31,0.1,0.04,-0.3738396172954504,-0.34769263174855697,0.3172142230055122,0.3742482553275768
2.49,274.12,87.31,178.25,0.12,0.01,0.02,0.63,0.2,0.32,-0.3734654886292371,-0.34800645806767727,0.31683140172139174,0.37465416366823623
2.5,274.37,87.31,178.19,0.16,0.02,0.08999999999999998,0.08999999999999998,0.11,0.24,-0.37288129843880663,-0.34849351463095085,0.31621525605805123,0.37530329720836497
2.51,274.81,87.25,178.06,0.3,0.01,0.06,1.03,0.02,0.71,-0.37177205451084006,-0.3490778055398778,0.3153909296839087,0.3765522967158005
2.52,274.94,87.31,178.19,0.17,0.0,0.17,0.23,0.06,0.64,-0.37109556712724057,-0.3499761401438116,0.3143894693714427,0.37722259802597446
2.53,274.69,87.43999999999998,178.44,0.06,0.11,0.25,0.63,0.17,0.44,-0.37140341989426245,-0.35045272552855783,0.31401900203041705,0.3767854810749008
2.54,274.37,87.31,178.62,0.13,0.18,0.1,0.71,0.24,0.58,-0.37147036666787775,-0.3496776427240515,0.31490532558634543,0.3766998729871212
2.55,274.31,87.31,178.62,0.0,0.01,0.01,0.68,0.25,0.49,-0.3716585612799608,-0.3495217952238203,0.31509764547128805,0.37649800508614967
2.56,274.44,87.25,178.56,0.1,0.1,0.05,0.38,0.28,0.44,-0.371287729583021,-0.34949239498137236,0.31505341398786846,0.3769279501050975
2.57,274.62,87.0,178.56,0.18,0.21,0.02,0.07,0.08,0.34,-0.370055246322283,-0.3491144729411011,0.3152626642855147,0.37831269802186474
2.58,274.88,86.87,178.62,0.31,0.19,0.13,0.33,0.01,0.1,-0.36869382949504886,-0.3495091104132488,0.3146495945516733,0.37978509713185854
2.59,275.0,86.56,178.87,0.32,0.5,0.19,0.38,0.17,0.06,-0.3666560328331084,-0.3494507898677451,0.31447029488314326,0.3819538953965213
2.6,275.31,86.18999999999998,178.87,0.27,0.27,0.01,0.28,0.2,0.14,-0.3646894580679785,-0.3489789212966849,0.3146168105323692,0.3841411455698256
2.61,275.62,86.12,178.94,0.29,0.1,0.11,0.3,0.17,0.16,-0.3632921753102053,-0.3497146440274449,0.31360720482937343,0.38561876214055807
2.62,275.56,85.62,179.19,0.17,0.69,0.31,0.4,0.48,0.06,-0.36129165885507875,-0.3485364773670724,0.31459572220896814,0.3877538372198109
2.63,275.44,85.12,179.38,0.12,0.93,0.38,0.5,0.59,0.8399999999999999,-0.35966658091624304,-0.34704503790699365,0.31596691922620584,0.38948356026336417
2.64,275.25,84.31,179.81,0.36,0.24,0.39,0.41,0.36,0.7,-0.3565689934696986,-0.3449830901731227,0.3178117169710355,0.3926496892537978
2.65,275.31,84.12999999999998,179.75,0.56,0.02,0.32,1.19,0.24,0.54,-0.3560907208254449,-0.34434417721421984,0.31834919027260966,0.3932087546558736
2.66,275.81,84.06,179.5,0.8,0.19,0.13,0.78,0.06,0.27,-0.3552034652046041,-0.34463013310049134,0.31764348058436254,0.3943298548583448
2.67,276.78,83.935,179.5,0.8449999999999999,0.12,0.135,0.76,0.1,0.755,-0.3518352373617714,-0.3465467554615652,0.3147626026390502,0.39796314092402046
2.68,277.75,83.81,179.5,0.89,0.05,0.14,0.74,0.14,1.24,-0.3484485713861096,-0.3484311231070233,0.31185210835877414,0.40157247613116775
2.69,278.25,83.5,179.25,0.63,0.34,0.39,0.02,0.04,0.8,-0.3469174296289029,-0.3478385537440316,0.3118346226563151,0.4034211833633696
2.7,278.185,83.22,172.905,0.42,0.23,0.29,0.775,0.08499999999999988,0.7150000000000001,-0.36820079077728496,-0.32883999001658265,0.33159803023256845,0.3842759822150335
2.71,278.12,82.93999999999998,166.56,0.21,0.12,0.19,1.53,0.13,0.63,-0.3884263637554008,-0.3087227627034055,0.3502102839340221,0.3640066184562552
2.72,278.25,83.0,166.37,0.47,0.17,0.05,0.96,0.07,0.81,-0.38881344938332973,-0.3087286109947772,0.3501595788268384,0.3636369909844925
2.73,279.0,83.25,178.5,0.68,0.14,0.13,0.26,0.07,0.48,-0.3465360797719592,-0.3466732807659514,0.3122786963462092,0.40440727386155984
2.74,280.06,83.37,178.69,0.8299999999999998,0.02,0.01,1.23,0.16,0.01,-0.3428291917450771,-0.3501088091848255,0.3077030660774497,0.40809758106329136
2.75,281.0,83.31,178.75,0.78,0.04,0.28,0.77,0.27,0.17,-0.3394599750348156,-0.352228561806179,0.3044347053580369,0.4115268172251362
2.76,281.63,83.18999999999998,178.5,0.8299999999999998,0.07,0.4,0.6,0.1,0.53,-0.33803131070420345,-0.35257208226812614,0.3033521498757849,0.4132046447936272
2.77,282.31,83.0,164.88,1.02,0.07,0.34,1.16,0.05,0.27,-0.38232188600357064,-0.3151737955821448,0.34129103238621694,0.3732944291016671
2.78,283.25,82.87999999999998,163.56,1.08,0.03,0.27,0.87,0.19,0.14,-0.3837255979750569,-0.3132650512434728,0.34216543781382586,0.37265980708731455
2.79,284.62,82.87999999999998,163.69,1.21,0.06,0.08999999999999998,0.03,0.11,0.87,-0.3794374699517293,-0.3172956420686265,0.3373744045274637,0.37797094943288984
2.8,285.94,82.93999999999998,164.06,0.91,0.16,0.14,1.01,0.06,0.89,-0.3745455670047226,-0.3220831807596348,0.3318844411723572,0.3836190899071
2.81,286.75,83.06,163.12,0.76,0.07,0.23,1.3,0.39,0.01,-0.3755853900181276,-0.3219686721060649,0.33159536069129564,0.3829479746385532
2.82,287.12,82.81,160.44,0.76,0.06,0.5,0.51,0.2,1.02,-0.3829315874945256,-0.3140662699631972,0.3383508657097537,0.3762676103099483
2.83,287.63,82.62,157.37,0.96,0.08,0.46,1.04,0.05,1.09,-0.391151946092147,-0.305481049143442,0.34538456762609,0.3684071520110044
2.84,288.75,82.75,155.12,1.24,0.32,0.29,0.36,0.03,0.4,-0.3955343007737881,-0.302332657666226,0.34755016294614377,0.3642654400029576
2.85,290.0,82.87999999999998,153.56,1.15,0.1,0.26,0.44,0.12,0.25,-0.39733275465054374,-0.30165658440810145,0.34748489868333127,0.3629284748771524
2.86,291.12,82.87999999999998,152.31,1.12,0.21,0.22,0.62,0.23,0.41,-0.3982882035631737,-0.3010071634114028,0.3472388167996228,0.36265582045461664
2.87,292.25,82.93999999999998,150.69,1.02,0.25,0.36,0.8499999999999999,0.21,0.38,-0.40047035751024573,-0.2995440287766899,0.34783316112660584,0.3608902951384126
2.88,293.06,82.93999999999998,147.62,1.03,0.16,0.49,1.38,0.29,0.01,-0.40790670025259224,-0.2924691559653512,0.35324078099348943,0.3530265044803843
2.89,293.81,82.56,145.06,1.15,0.07,0.52,1.97,0.28,0.43,-0.4133727818623978,-0.28499008577678764,0.3578766180592863,0.34808155078271774
2.9,294.81,82.43999999999998,143.81,1.02,0.31,0.1,1.41,0.18,0.67,-0.414526494932814,-0.28348085980405247,0.3580620444360389,0.347751067550234
2.91,296.06,82.68999999999998,142.62,1.01,0.45,0.02,0.76,0.08999999999999998,0.89,-0.41525324494201366,-0.2846089377744911,0.35692489890750406,0.3471310374605591
2.92,297.25,83.0,142.06,0.8,0.12,0.02,0.28,0.26,0.77,-0.41423236044918704,-0.28781573148876227,0.3543772128618853,0.34831493334782226
2.93,298.13,83.06,142.0,0.69,0.06,0.08,0.25,0.31,0.1,-0.4122171625271789,-0.29049665253813806,0.35177270925783766,0.3511089750037025
2.94,298.69,83.06,140.5,0.67,0.17,0.24,0.87,0.01,0.23,-0.41535959288242624,-0.28752851186783035,0.35383999714862263,0.3477554678305594
2.95,299.5,83.06,138.5,0.96,0.25,0.14,0.81,0.15,0.18,-0.4193491096907772,-0.28374310464076163,0.3563650873662429,0.343471898124718
2.96,300.56,83.25,175.38,0.95,0.31,0.08,0.8,0.05,0.32,-0.2857512599252901,-0.38467974407617017,0.2438519607991874,0.46069163079826553
2.97,301.75,83.62,175.5,0.91,0.52,0.07,0.11,0.06,0.56,-0.28166039559252687,-0.3886850193220713,0.23808981367902665,0.4628579300996376
2.98,302.72,83.78,175.56,0.81,0.315,0.105,0.185,0.235,0.66,-0.2781783889495583,-0.3912444160466337,0.2338154984648064,0.4649814502063315
2.99,303.69,83.93999999999998,175.62,0.71,0.11,0.14,0.26,0.41,0.76,-0.27466299961731183,-0.3937769126130108,0.229531769580046,0.4670631563420636
3.0,304.25,83.62,175.44,0.78,0.15,0.24,0.44,0.22,0.4,-0.2727890220252942,-0.3930419562886807,0.2286402446700074,0.4692128025758268
3.01,305.375,83.53,175.315,0.875,0.2199999999999999,0.16,0.27,0.1699999999999999,0.69,-0.2690093853474872,-0.39436624927978253,0.22487169262245904,0.47209615483039685
3.02,306.5,83.43999999999998,175.19,0.97,0.29,0.08,0.1,0.12,0.98,-0.2652173523994173,-0.39565709987995246,0.22107758745871045,0.4749450085523976
3.03,307.56,83.62,175.25,0.88,0.41,0.05,0.02,0.06,0.8199999999999998,-0.2613148137050527,-0.39832934356676464,0.21635370855447897,0.4770453023678776
3.04,308.38,83.93999999999998,175.19,0.65,0.47,0.05,0.47,0.05,0.34,-0.25899537192109967,-0.4009620351201311,0.21272146347454973,0.477737656269204
3.05,309.25,84.18999999999998,175.31,0.87,0.28,0.08,0.86,0.24,0.6,-0.25559479380278327,-0.403689112399848,0.2083979635167033,0.47917589279657913
3.06,310.44,84.43999999999998,175.44,0.9900000000000002,0.27,0.01,0.37,0.39,1.17,-0.2508954695950186,-0.40691584231001326,0.20277021050923233,0.4813398465413407
3.07,311.31,84.43999999999998,175.25,0.8199999999999998,0.22,0.23,1.41,0.19,0.11,-0.24836235725996372,-0.4079494549814828,0.1999986137252404,0.48293558753641214
3.08,311.81,84.31,175.06,0.59,0.2,0.17,1.76,0.29,0.32,-0.24705904361140624,-0.4078264287385078,0.1989224095791708,0.4841509614614032
3.09,312.63,84.5,175.12,0.71,0.26,0.08,0.65,0.12,0.61,-0.24391604362223787,-0.4100266936066214,0.19510762055474176,0.48543685080526744
3.1,313.69,84.75,175.31,0.74,0.24,0.11,0.51,0.08999999999999998,0.5,-0.2393432147074349,-0.4130458481829976,0.1897609141262584,0.48726952897430176
3.11,314.345,84.72,175.215,0.71,0.145,0.15,0.28,0.225,0.895,-0.23715440332894833,-0.4137273565285222,0.1875369222366347,0.4886207238382284
3.12,315.0,84.68999999999998,175.12,0.68,0.05,0.19,0.05,0.36,1.29,-0.2349616309532812,-0.414398661807774,0.18530664459792767,0.4899602780472412
3.13,315.5,84.37,174.94,0.66,0.12,0.25,0.02,0.2,1.52,-0.23336441944615424,-0.4134095930694586,0.1844798461980664,0.49186744958984
3.14,315.56,84.0,174.56,0.3,0.26,0.33,0.4,0.13,0.42,-0.23428887398390844,-0.4112297723777026,0.18621162814802808,0.49260214464065005
3.15,315.31,83.43999999999998,174.19,0.08999999999999998,0.43,0.34,1.21,0.1,1.13,-0.2361307532885701,-0.40775000319159266,0.18945219050286263,0.4933790786878463
3.16,315.12,82.93999999999998,120.81,0.22,0.47,0.23,1.06,0.14,1.43,-0.43329616464030624,-0.27624381771029327,0.352687136288223,0.3359887145518846
3.17,315.62,82.75,122.13,0.64,0.05,0.05,0.08,0.18,0.63,-0.4282436265511157,-0.28092725863498885,0.34786817788512286,0.3435227037819123
3.18,316.56,82.68999999999998,122.0,0.87,0.11,0.11,0.2,0.17,0.07,-0.42631676913274674,-0.2831368798723662,0.3452920569391815,0.34668971797796216
3.19,316.94,82.62,121.81,0.93,0.04,0.23,0.75,0.0,0.29,-0.42597374549947464,-0.28339579147412,0.34455648898776525,0.3476303567597374
3.2,317.81,82.37,122.31,0.98,0.04,0.16,0.77,0.03,0.27,-0.422372725667538,-0.28634957518036447,0.3404711029578621,0.35357810308534193
3.21,318.78,82.31,122.685,0.92,0.08499999999999988,0.125,0.5800000000000001,0.095,0.28,-0.41874867640111585,-0.2900947529601424,0.3364548092252375,0.3586440954359751
3.22,319.75,82.25,123.06,0.86,0.13,0.08999999999999998,0.39,0.16,0.29,-0.4150702776688861,-0.29379598926828104,0.3323890965177851,0.363663189402514
3.23,320.63,82.06,124.75,0.8,0.15,0.08999999999999998,0.29,0.02,0.31,-0.4073943580769042,-0.300318309012988,0.3250476952937901,0.37351785979716456
3.24,321.5,81.93999999999998,125.69,0.81,0.03,0.07,0.4,0.01,0.34,-0.40199580341275887,-0.30489091103311594,0.3196331830847948,0.38027408563243087
3.25,322.5,82.12,124.56,0.89,0.3,0.0,0.68,0.03,0.59,-0.4028839187102165,-0.30545712505184514,0.3194665722164683,0.3790177404299084
3.26,323.5,82.18999999999998,124.0,0.87,0.12,0.07,0.2,0.05,0.19,-0.4019314333524943,-0.3070917616421798,0.3177180004124015,0.380176130961992
3.27,324.37,82.06,123.81,0.87,0.08,0.19,0.08999999999999998,0.05,0.08999999999999998,-0.4002358448345992,-0.30842472817998906,0.3152406377334048,0.3829381691639566
3.28,325.44,82.0,122.62,1.16,0.3,0.26,1.06,0.39,0.54,-0.401275617003604,-0.30791146529056485,0.3148328797524368,0.38259836917105927
3.29,326.56,82.0,120.5,1.03,0.39,0.23,1.28,0.38,0.44,-0.40521889369221115,-0.3052796250096396,0.31679913896842343,0.3789104773192109
3.3,327.75,82.18999999999998,118.25,1.0,0.45,0.0,0.02,0.02,0.53,-0.4091672742100946,-0.3033851969499361,0.3190866420357792,0.3742407305278682
3.31,328.94,82.5,117.0,0.8499999999999999,0.34,0.13,0.41,0.03,0.36,-0.40965464806528873,-0.30483345619276336,0.3189142347343588,0.37267437490716954
3.32,329.94,82.53,116.97,0.88,0.2,0.12,0.42,0.1,0.7849999999999998,-0.4069601397279735,-0.30780438393885534,0.3157761816581476,0.3758432579182217
3.33,330.94,82.56,116.94,0.91,0.06,0.11,0.43,0.17,1.21,-0.40423416141295776,-0.3107530257710448,0.31261786331568514,0.37898577385096
3.34,331.94,82.5,117.25,0.88,0.08,0.05,0.54,0.36,0.91,-0.400450022808698,-0.3141784238917714,0.308383683871476,0.38361966352081783
3.35,332.69,82.56,116.25,0.6,0.25,0.04,0.89,0.1,0.07,-0.4015874792411803,-0.3139033196690572,0.30871943710823163,0.38238378246678995
3.36,333.44,82.62,115.81,0.64,0.06,0.01,0.8499999999999999,0.33,0.25,-0.40084600677063936,-0.3151384222480025,0.3075275616356416,0.383105596458837
3.37,334.31,82.62,117.75,0.71,0.17,0.06,0.14,0.03,0.91,-0.39176268996368335,-0.3227224759515076,0.29921092585886466,0.39265489381822394
3.38,335.0,82.56,119.37,0.56,0.05,0.02,0.24,0.01,0.01,-0.3841856552354765,-0.32851721872245654,0.2921658599609987,0.4005618243317399
3.39,335.75,82.62,119.37,0.71,0.1,0.04,0.28,0.0,0.39,-0.3818536604592092,-0.3308201446418606,0.28966307751745624,0.4027082826820551
3.4,336.655,82.62,119.995,0.7249999999999999,0.11,0.04,0.415,0.06,0.36,-0.3768908695035837,-0.33480231998260623,0.28470326917303734,0.4075997706891583
3.41,337.56,82.62,120.62,0.74,0.12,0.04,0.55,0.12,0.33,-0.3718627939289699,-0.3387191831808225,0.27969108945349636,0.41242346858725853
3.42,338.69,82.87999999999998,119.37,0.89,0.4,0.1,0.54,0.2,1.05,-0.3724895422347964,-0.33981453203394774,0.27980262308128784,0.41087828171572166
3.43,339.69,83.06,117.62,0.79,0.24,0.08,0.14,0.38,0.96,-0.3753732111762261,-0.33897483207889817,0.2817714249613526,0.407588916861281
3.44,340.06,83.0,117.62,0.69,0.05,0.13,0.51,0.08999999999999998,0.3,-0.374313143131552,-0.3396763243994348,0.28038117645319893,0.4089363115899108
3.45,340.69,82.87999999999998,117.87,0.75,0.27,0.04,0.15,0.08999999999999998,0.4,-0.3716312578668238,-0.3413881602240489,0.27722942871206346,0.41209346223364984
3.46,341.63,83.0,116.0,0.87,0.28,0.02,0.61,0.02,0.74,-0.3752063759539887,-0.33985233760820105,0.2796978876976084,0.40843910342642725
3.47,342.62,83.06,115.37,0.89,0.07,0.17,0.46,0.08,0.07,-0.3742690642455277,-0.341196456579808,0.27821788736344727,0.409188585180174
3.48,343.5,82.81,115.94,1.09,0.11,0.2,1.29,0.62,0.97,-0.3698691910473986,-0.343745415403734,0.27296050704601027,0.4145615491342806
3.49,344.56,82.68999999999998,115.37,1.12,0.15,0.2,1.45,0.74,1.47,-0.3687851233275892,-0.34460118499951564,0.27069095788358066,0.41630134152297216
3.5,345.53,82.81499999999998,114.03,0.76,0.16,0.135,1.24,0.44,1.165,-0.37035328926919536,-0.34450112387274656,0.27152604507294403,0.41444404827373266
3.51,346.5,82.93999999999998,112.69,0.4,0.17,0.07,1.03,0.14,0.86,-0.37189354884865816,-0.34439972585070044,0.2723846221909154,0.41258148319719545
3.52,347.06,83.06,112.75,0.36,0.01,0.1,1.17,0.42,0.22,-0.3696770238927656,-0.3465255148646511,0.27047857104004064,0.4140448691703425
3.53,347.5,83.06,115.19,0.28,0.21,0.05,1.33,0.2,0.54,-0.35934713727624407,-0.3533116826142041,0.2614600782506099,0.42309805348813095
3.54,347.81,82.93999999999998,115.62,0.47,0.0,0.18,0.8199999999999998,0.04,0.59,-0.35696035877751753,-0.3545324770507484,0.25877441780614885,0.4257401451488309
3.55,348.13,82.81,113.56,0.37,0.27,0.2,0.53,0.2,0.9900000000000002,-0.36376852761719064,-0.3500699191002552,0.2636906422632648,0.42062287237348495
3.56,348.31,82.68999999999998,112.94,0.29,0.07,0.13,0.17,0.14,0.38,-0.365689213874908,-0.34857558355355245,0.26468359914929773,0.4195734730315994
3.57,348.5,82.5,113.19,0.27,0.02,0.14,1.06,0.33,0.14,-0.36452183276245487,-0.3488066574732947,0.26283813757024665,0.42155273466671384
3.58,348.69,82.37,112.12,0.4,0.17,0.17,1.01,0.28,0.51,-0.3680867385376049,-0.34626231152997694,0.26512290766695545,0.4191148456944199
3.59,349.06,82.37,110.94,0.35,0.1,0.04,0.3,0.33,0.69,-0.3712121480821537,-0.34448118313236165,0.2673609352594061,0.4163955227974355
3.6,349.34000000000003,82.245,112.125,0.38,0.155,0.055,0.5,0.245,0.58,-0.366232754446042,-0.34740376337057,0.26250583081570406,0.4214353201609465
3.61,349.62,82.12,113.31,0.41,0.21,0.07,0.7,0.16,0.47,-0.3611885974675004,-0.35026136348433395,0.2576147636349095,0.42641206994110453
3.62,350.06,81.93999999999998,116.25,0.44,0.35,0.03,0.33,0.07,0.8299999999999998,-0.3490041591289115,-0.3570265407875693,0.2465457250510428,0.43735134282131966
3.63,350.5,81.845,117.72,0.385,0.185,0.07,0.7749999999999998,0.215,0.61,-0.34206084382956936,-0.3607796851332268,0.24010691836432524,0.4432988959967442
3.64,350.94,81.75,119.19,0.33,0.02,0.11,1.22,0.36,0.39,-0.3350202148313616,-0.36442189024037847,0.23360616529207348,0.44913154713300024
3.65,351.31,81.68999999999998,120.13,0.4,0.22,0.02,0.19,0.26,1.18,-0.3301626959619402,-0.3668963584584927,0.22908098936999516,0.4530280368574082
3.66,351.69,81.37,123.56,0.37,0.49,0.0,0.23,0.24,1.54,-0.3156584039364894,-0.3729516322761874,0.21592858553953337,0.4647306138810572
3.67,352.0,81.25,124.5,0.29,0.01,0.06,0.07,0.21,1.44,-0.3109402179775933,-0.37481691808683126,0.21142751091545783,0.4684652728992861
3.68,352.06,81.25,123.56,0.07,0.07,0.08,0.69,0.08999999999999998,0.77,-0.3145620721985952,-0.37319799162257344,0.21426050169120045,0.4660463976071598
3.69,352.19,81.06,125.12,0.2,0.34,0.03,0.16,0.05,0.9900000000000002,-0.30803888236019816,-0.37548348902673145,0.2083032493762968,0.47123963993539536
3.7,352.31,80.93999999999998,126.12,0.08999999999999998,0.06,0.01,0.07,0.27,0.63,-0.3036805192696233,-0.37698233073704807,0.20432893446430203,0.47459982784810417
3.71,352.31,80.87,126.12,0.06,0.05,0.07,0.91,0.02,0.35,-0.3037929063212369,-0.3766615105723852,0.20420405923785828,0.47483631309913377
3.72,352.31,80.81,126.5,0.07,0.19,0.02,0.07,0.15,0.18,-0.3023121912956864,-0.377061150403888,0.2028476981702448,0.47604399452330287
3.73,352.44,80.68999999999998,127.75,0.15,0.18,0.05,0.69,0.22,0.04,-0.29682204021695374,-0.3789561047091165,0.19799497369964497,0.48002060691119014
3.74,352.5,80.56,128.56,0.13,0.12,0.04,0.73,0.0,0.24,-0.2934048378741993,-0.3798621098618624,0.19484934042465665,0.48268515479964536
3.75,352.69,80.5,129.12,0.23,0.06,0.02,0.15,0.07,0.45,-0.2904476371272447,-0.3808990432018419,0.1921221380706522,0.48474531309013746
3.76,352.94,80.43999999999998,129.69,0.23,0.05,0.04,0.92,0.42,0.86,-0.2872172659356179,-0.38204836320942825,0.18911127059721608,0.4869446202343179
3.77,353.12,80.37999999999998,129.94,0.17,0.06,0.08999999999999998,0.78,0.0,1.4,-0.28559095371476956,-0.3825221012408265,0.18744581811389732,0.4881716501547127
3.78,353.19,80.25,130.5,0.01,0.32,0.01,0.04,0.06,0.91,-0.2831410035092229,-0.3829593433458474,0.18507471942490872,0.49015661500205343
3.79,353.19,80.06,131.87,0.07,0.05,0.01,0.1,0.02,1.34,-0.2775362590399111,-0.3842555772520097,0.18018038541692177,0.4941549863195129
3.8,353.25,80.0,131.94,0.05,0.04,0.02,0.8,0.06,0.8299999999999998,-0.27710150146361345,-0.3841938342743328,0.17960320595740867,0.49465684016961753
3.81,353.12,80.0,131.69,0.13,0.01,0.02,0.07,0.14,0.19,-0.2786549728100408,-0.3835630148113337,0.18097529109629967,0.4937728317093376
3.82,353.0,79.93999999999998,132.44,0.03,0.19,0.02,0.34,0.08,0.8,-0.27594238541150995,-0.38424064280702475,0.17886151767092504,0.4955364077135765
3.83,353.06,79.81,132.94,0.08,0.05,0.02,0.0,0.21,0.9900000000000002,-0.2737402339953978,-0.3845134786731645,0.17673410801189557,0.49730631365449046
3.84,352.905,79.81,132.095,0.08,0.04,0.0699999999999999,0.44,0.145,0.625,-0.2779656487839416,-0.3829169472230756,0.18020338026187424,0.49494373103641726
3.85,352.75,79.81,131.25,0.08,0.03,0.12,0.88,0.08,0.26,-0.28217055931151874,-0.38128947679409186,0.1836583475101091,0.49254499008551567
3.86,352.62,79.68999999999998,131.31,0.08,0.06,0.01,0.49,0.39,0.26,-0.28255684290028255,-0.3805808406902248,0.18379995936884924,0.4928187036733981
3.87,352.56,79.68999999999998,131.63,0.0,0.06,0.01,0.51,0.34,0.3,-0.28139724942182676,-0.3809813647829452,0.18298317831584712,0.4934762301103852
3.88,352.62,79.68999999999998,131.81,0.0,0.01,0.02,0.23,0.24,0.73,-0.2804038327373517,-0.3813791939041693,0.18213761780992677,0.494046895290626
3.89,352.56,79.62,131.87,0.06,0.04,0.02,0.9900000000000002,0.37,0.74,-0.2804622441702645,-0.3810347243817765,0.18207438323138145,0.4943027745276845
3.9,352.44,79.62,131.5,0.06,0.06,0.03,1.38,0.33,0.27,-0.282491417075491,-0.3802213649334773,0.1837970635327216,0.4931346650643469
3.91,352.38,79.75,131.25,0.08999999999999998,0.05,0.08,0.3,0.11,0.8299999999999998,-0.28359773532913674,-0.3803171540875442,0.18508006518229148,0.49194451091523217
3.92,352.255,79.625,132.44,0.12,0.165,0.07,0.1699999999999999,0.21,0.96,-0.2791024929414518,-0.3814007108623173,0.18144261652942537,0.4950219375129895
3.93,352.13,79.5,133.63,0.15,0.28,0.06,0.04,0.31,1.09,-0.2745720659744057,-0.38244858619677913,0.17780326974530253,0.49805833222132007
3.94,352.0,79.43999999999998,134.31,0.17,0.11,0.04,0.66,0.43,1.86,-0.27216672452510254,-0.3829815542199224,0.1759830445227701,0.4996130670365204
3.95,351.62,79.43999999999998,134.06,0.37,0.02,0.03,0.74,0.39,2.27,-0.27464242338726697,-0.38191573663132605,0.17839467001488074,0.4982169172400461
3.96,351.06,79.43999999999998,133.87,0.61,0.05,0.07,0.56,0.17,0.8399999999999999,-0.27750369217767246,-0.3806043882977901,0.181345680447426,0.4965668033043057
3.97,350.38,79.56,133.75,0.65,0.01,0.14,0.58,0.52,0.61,-0.2803315244358252,-0.37973685749480407,0.184722835903719,0.494393036851974
3.98,349.75,79.81,132.75,0.59,0.27,0.12,0.46,0.03,1.73,-0.28657512376478295,-0.3781058344927696,0.1909725078912668,0.48966623644684554
3.99,348.94,79.93999999999998,132.12,0.86,0.08,0.08999999999999998,0.1,0.15,2.08,-0.29198918650226774,-0.3761031873779967,0.19653109520348525,0.4857953082858523
4.0,347.44,79.75,132.37,1.31,0.34,0.06,0.92,0.08,0.71,-0.29649399514416686,-0.3726998899182322,0.20152631757860603,0.4836383894462552
4.01,345.88,79.43999999999998,133.44,1.21,0.52,0.1,1.26,0.43,0.46,-0.2978299915423095,-0.3700248988804953,0.20396477140003183,0.4838492408784912
4.02,344.69,79.25,135.37,1.15,0.48,0.32,0.32,0.33,1.49,-0.29403607706054574,-0.3701915470210449,0.20233489009049527,0.4867180309765088
4.03,344.0,79.25,136.31,1.34,0.34,0.36,1.89,0.62,0.48,-0.29246524943052954,-0.37050923578010286,0.2021097119160814,0.48751563457078306
4.04,342.56,79.18999999999998,137.19,1.15,0.08999999999999998,0.02,0.89,0.22,0.71,-0.29383163507989507,-0.36898600561212863,0.20507762370496288,0.4866089925893062
4.05,341.25,79.18999999999998,136.0,0.77,0.03,0.06,2.14,0.91,0.63,-0.3034020441266528,-0.3642076132538206,0.21419466637898824,0.4803680927029712
4.06,340.37,79.25,136.0,1.13,0.5,0.41,0.08,0.45,2.74,-0.30637506813893906,-0.3627064305155988,0.21779534048865973,0.47799204812579754
4.07,339.06,79.0,139.0,1.78,0.75,0.4,1.9,0.58,0.1,-0.2984822785956855,-0.36449116036889,0.21334133073268763,0.4836040172527996
4.08,337.12,78.75,140.5,1.65,0.35,0.23,0.08,0.13,0.98,-0.2989807925505247,-0.3622324209799807,0.21627290790593812,0.4836910519198429
4.09,335.69,78.81,139.25,0.91,0.05,0.1,1.53,0.32,0.02,-0.3090490750097635,-0.3572209597162529,0.22600819246318796,0.4765868206729008
4.1,334.69,78.87,139.19,0.96,0.2,0.23,1.24,0.15,1.23,-0.31262691570085366,-0.3553164859471579,0.23023483139492987,0.47364477652630654
4.11,333.87,78.81,141.69,0.95,0.54,0.47,1.15,0.78,2.11,-0.30502759595001694,-0.35830422462810635,0.2257020490090742,0.478505672819333
4.12,332.62,78.5,144.0,1.38,0.72,0.14,1.32,0.12,0.51,-0.2996774604909129,-0.3587934082602099,0.22338942548332913,0.48258752570859104
4.13,330.81,77.68999999999998,145.31,1.18,1.02,0.08999999999999998,1.53,0.38,0.65,-0.30041234452878784,-0.3537602050377163,0.2264265449392416,0.484427503201294
4.14,329.06,76.5,147.44,1.16,1.31,0.08,0.4,0.42,2.41,-0.29724368877510926,-0.3485971917753348,0.22685736710651347,0.48989260852128536
4.15,327.5,76.18999999999998,148.69,1.59,0.15,0.44,0.23,0.65,1.26,-0.29701871563452886,-0.3464947429786042,0.22948647427886984,0.49029590993463507
4.16,325.87,77.06,147.13,1.59,0.75,0.43,0.51,0.2,1.03,-0.3090659269398718,-0.3443754518050414,0.2408558139733289,0.47875371893980007
4.17,324.69,77.43999999999998,146.5,1.08,0.08999999999999998,0.28,1.42,0.25,1.8,-0.3155550471940289,-0.34246988944234774,0.24748281726619167,0.4724663879031835
4.18,323.19,76.62,149.0,1.32,1.3,0.26,2.37,0.23,1.84,-0.30982329338794734,-0.34066723015521094,0.2461367183403164,0.47823103891514024
4.19,320.63,75.62,149.56,1.97,0.75,0.01,1.92,0.88,0.86,-0.3152268245206485,-0.3316166564673364,0.255055962467437,0.4763840297390693
4.2,319.0,76.31,148.44,1.29,0.73,0.59,0.64,0.04,1.9,-0.3252149000857094,-0.32902627107506166,0.26461458606043264,0.46614262632087206
4.21,318.69,77.18999999999998,148.0,0.63,0.51,0.42,0.63,0.59,1.22,-0.32835255086847537,-0.3316743013544713,0.2668450634701089,0.4607638416644632
4.22,317.87,77.43999999999998,147.75,0.8499999999999999,0.05,0.13,0.9,1.57,4.47,-0.3320033152652761,-0.3304983232781408,0.2706873452724736,0.45673390896354094
4.23,315.96500000000003,77.28,146.625,2.145,0.08999999999999998,0.385,0.5549999999999999,1.72,3.645,-0.34216810699146527,-0.3226638569947344,0.28129312247139865,0.4483481311682048
4.24,314.06,77.12,145.5,3.44,0.13,0.64,0.21,1.87,2.82,-0.3520794668636812,-0.3145689019406645,0.29171351137379914,0.43968457756825086
4.25,310.56,77.68999999999998,144.44,2.29,0.2,0.69,0.33,0.63,5.28,-0.3664271392761074,-0.30596130862215376,0.3073289933801591,0.4230845832462557
4.26,308.87,78.31,144.19,0.7,0.38,0.43,0.39,0.65,0.8299999999999998,-0.3724687472236416,-0.3039808017800741,0.3137957305920199,0.4144005181917453
4.27,308.69,78.75,144.87,0.31,0.76,0.16,2.73,1.09,4.35,-0.3708110235549752,-0.30750005100296385,0.31238598272024887,0.4143558214478988
4.28,307.75,77.87,147.19,0.94,1.14,0.11,3.41,1.14,1.07,-0.36432782738461383,-0.3071789001893512,0.31009698028102384,0.4219941537709144
4.29,304.19,77.37,145.44,2.47,0.04,0.34,1.3,0.31,3.97,-0.37995019865367863,-0.2907569133772159,0.32775727686826606,0.4062096464276239
4.3,302.0,77.62,144.87,0.89,0.03,0.64,1.3,0.64,0.92,-0.3879007345953845,-0.28445831959356715,0.33663652454695464,0.39575899279723914
4.31,301.88,78.0,147.31,0.41,0.13,0.76,2.56,1.58,4.47,-0.38010416825947513,-0.2930503970298855,0.33058523810741575,0.4021051254864014
4.32,301.56,77.93999999999998,149.81,1.8,0.01,0.16,0.69,0.5,5.1,-0.37204742105069855,-0.2990891440705839,0.3253073383211103,0.4094317788687839
4.33,298.69,78.31,146.81,2.84,0.66,0.07,3.21,1.76,2.01,-0.3905016045049193,-0.28449548911325423,0.34251237472560686,0.3880578980483348
4.34,294.87,79.18999999999998,142.19,3.21,0.59,0.45,1.22,0.1,5.16,-0.41582133048305575,-0.2635055966998789,0.3651533777010763,0.35447606111162083
4.35,293.19,79.31,143.56,0.54,0.49,0.55,1.5,0.71,0.69,-0.41564721707319946,-0.2634900758816412,0.36713177549276366,0.3526435534634014
4.36,292.72,79.375,146.47,1.09,0.285,0.51,1.58,0.985,1.34,-0.40778046939174795,-0.2716765515134578,0.36174057095101286,0.36108661702285366
4.37,292.25,79.43999999999998,149.38,1.64,0.08,0.47,1.66,1.26,1.99,-0.3997476121673425,-0.27975400956722857,0.35616122736989386,0.369352902168793
4.38,289.06,79.93999999999998,146.44,2.88,0.61,0.22,0.8399999999999999,1.15,4.04,-0.4173040155146673,-0.26347171841774286,0.3724802932326234,0.34500911423793873
4.39,287.625,80.095,146.22,1.705,0.59,0.3,1.11,0.615,3.285,-0.42147497214401136,-0.25917526551852843,0.3771108493069561,0.3380936001452315
4.4,286.19,80.25,146.0,0.53,0.57,0.38,1.38,0.08,2.53,-0.4255700943261924,-0.2548134297437897,0.38165065724983926,0.3311130202555322
4.41,285.75,80.06,149.5,0.86,0.46,0.55,1.35,0.8499999999999999,2.37,-0.4159726006563692,-0.2642130214869925,0.37533214983479257,0.3429532003128939
4.42,284.19,80.18999999999998,151.5,2.03,0.06,0.56,0.13,0.8199999999999998,3.99,-0.4138364148562692,-0.2667487527231861,0.37521600779963377,0.3437009131134392
4.43,282.56,80.62,151.56,1.27,0.15,0.4,0.0,0.56,3.95,-0.4182155260808944,-0.2640037409343471,0.37921342809986247,0.3360473478408564
4.44,282.56,80.5,153.38,0.01,0.33,0.17,0.91,0.11,2.83,-0.41260114558771976,-0.26947840914411,0.3751982401609639,0.3430755132176427
4.45,282.31,80.31,155.12,0.5,0.27,0.23,0.9900000000000002,0.18,2.23,-0.4075805142237515,-0.27361640658381525,0.372200373251819,0.3490156359664155
4.46,281.19,80.43999999999998,156.06,1.44,0.05,0.43,0.54,0.8499999999999999,0.54,-0.4076771958897316,-0.2740045597697984,0.37312861162625455,0.34760421442681105
4.47,279.81,80.56,157.62,1.42,0.16,0.48,1.77,0.74,2.19,-0.40652611865882254,-0.275626988149711,0.3733560269323133,0.34742538901122644
4.48,279.13,80.43999999999998,159.19,0.48,0.21,0.21,1.44,0.34,0.8,-0.40314370220140927,-0.27829833134788823,0.37190587255103574,0.35077636982976423
4.49,278.81,80.43999999999998,158.5,0.23,0.11,0.13,0.24,0.18,1.08,-0.406023586289108,-0.27513976547504165,0.37455278340879633,0.3471109545902665
4.5,278.06,80.68999999999998,156.87,0.58,0.22,0.04,1.52,0.37,0.36,-0.41321594002635115,-0.2686330802192344,0.3801393088616508,0.33751415748502195
4.51,277.25,80.68999999999998,156.94,0.8,0.14,0.18,0.76,0.19,0.15,-0.41490235068921194,-0.26649130022766027,0.382381463900168,0.33459780018056645
4.52,276.56,80.37999999999998,158.19,0.56,0.36,0.16,1.58,0.24,0.05,-0.412163544181458,-0.26737519301737034,0.3822060365861046,0.33746571696754174
4.53,275.69,80.0,157.75,0.59,0.34,0.23,0.35,0.19,0.03,-0.41460648264062056,-0.2618100487444572,0.3866578293180675,0.3337447100410886
4.54,274.875,79.655,157.125,0.4649999999999999,0.295,0.18,0.74,0.12,0.205,-0.4174660598747056,-0.255886103315801,0.3912405315971788,0.32940565104848046
4.55,274.06,79.31,156.5,0.34,0.25,0.13,1.13,0.05,0.38,-0.42024668557825834,-0.2499186567644692,0.3957643326878237,0.3250181945034246
4.56,273.94,79.25,157.06,0.58,0.05,0.27,0.73,0.02,0.55,-0.4187755995395482,-0.2512507325009444,0.3950227192277798,0.32678733675969407
4.57,273.5,79.56,157.69,0.39,0.3,0.39,1.19,0.03,1.4,-0.4186640207118951,-0.253366169540327,0.3942086327040084,0.3262796673407964
4.58,273.62,80.0,159.25,0.1,0.08,0.5,0.8299999999999998,0.1,0.1,-0.4149598313346218,-0.2608149796956958,0.3893327229921608,0.33096338328757413
4.59,274.0,80.18999999999998,161.75,0.17,0.07,0.37,1.1,0.07,0.67,-0.407206412283957,-0.27108409154356466,0.3819458872275446,0.3408027844096413
4.6,274.19,80.43999999999998,163.5,0.08999999999999998,0.15,0.25,0.48,0.08999999999999998,0.73,-0.40210851347503695,-0.2783964437615728,0.3765571844906778,0.3469030063646486
4.61,274.75,80.68999999999998,165.0,0.35,0.13,0.22,1.31,0.13,1.24,-0.39675231094241686,-0.28582702004929766,0.3705159514138632,0.3534703575181972
4.62,275.5,80.81,166.25,0.4,0.08999999999999998,0.1,0.57,0.11,1.66,-0.3912428126710599,-0.292368148314094,0.3647211980408609,0.3602238479179818
4.63,275.25,80.93999999999998,165.44,0.41,0.14,0.12,0.69,0.16,0.05,-0.39473920793410405,-0.2895974378786083,0.36722530999063646,0.35607962441082613
4.64,274.62,81.0,164.06,0.43,0.01,0.08999999999999998,1.11,0.4,1.22,-0.400721193697773,-0.2836191409465661,0.3724644420168764,0.3486915438719341
4.65,274.31,81.0,164.19,0.23,0.01,0.12,0.47,0.28,0.53,-0.4010982284194636,-0.2831688709855852,0.3730883543127839,0.3479562142917812
4.66,274.5,81.18999999999998,164.88,0.11,0.16,0.08999999999999998,0.43,0.23,0.72,-0.3989873610445568,-0.2866757631962156,0.3703073356929137,0.3504731304667391
4.67,274.37,81.31,164.0,0.15,0.14,0.08999999999999998,0.8,0.36,0.65,-0.40228429510948144,-0.2839213266305856,0.3725883862223633,0.3465065167776552
4.68,274.19,81.25,163.69,0.06,0.1,0.02,0.16,0.39,0.9,-0.40352031583126696,-0.28216845278380104,0.37405160377983326,0.34492109561367423
4.69,274.31,81.25,164.13,0.15,0.03,0.04,0.72,0.23,0.69,-0.401893828388044,-0.28394195590129867,0.3726010538139132,0.34692883507122924
4.7,274.81,81.43999999999998,164.31,0.4,0.21,0.04,0.25,0.06,0.94,-0.4005571887060538,-0.2866718838875011,0.37014739258725554,0.3488508604686568
4.71,275.38,81.56,165.06,0.33,0.01,0.06,0.08999999999999998,0.04,1.22,-0.3971009361265156,-0.2911431120416048,0.3662030422914353,0.35323464181651854
4.72,275.44,81.43999999999998,165.31,0.02,0.1,0.03,0.17,0.01,0.07,-0.3958819621846176,-0.2916437967199199,0.36568871084222654,0.3547195795819138
4.73,275.25,81.5,164.5,0.11,0.11,0.08,0.8499999999999999,0.01,0.22,-0.3990082802032932,-0.2887527875026127,0.3681722948056823,0.3509932006474931
4.74,275.13,81.43999999999998,164.13,0.03,0.04,0.02,0.46,0.0,0.04,-0.4002980252167484,-0.2869915758767628,0.3696209670061897,0.34944314653077024
4.75,275.065,81.375,164.375,0.03,0.025,0.015,0.295,0.055,0.255,-0.39955681215545913,-0.28734633771030954,0.36937026854563904,0.35026402370745235
4.76,275.0,81.31,164.62,0.03,0.01,0.01,0.13,0.11,0.47,-0.39881338927957666,-0.287701376984664,0.3691197586228768,0.3510829638863535
4.77,275.13,81.25,164.75,0.13,0.07,0.02,0.11,0.11,0.18,-0.39793821037238186,-0.2882506057722278,0.368546256333574,0.3522261652186697
4.78,275.31,81.18999999999998,164.81,0.14,0.04,0.05,0.4,0.21,0.48,-0.39714937807833967,-0.288712482679022,0.3679930932348563,0.35331487754313146
4.79,275.13,81.12,163.87,0.04,0.01,0.15,0.01,0.11,0.08,-0.4003170054388149,-0.2849049337295344,0.3710752980973208,0.34958753204258636
4.8,275.0,81.12,163.25,0.01,0.01,0.16,0.69,0.05,0.16,-0.4025254914993738,-0.2825251456286659,0.3730067465547591,0.34691725718086563
4.81,274.88,81.06,162.37,0.04,0.01,0.08,0.35,0.11,0.28,-0.4053286314011079,-0.279073954829364,0.3756751362692824,0.343551256461145
4.82,274.81,81.06,161.88,0.04,0.05,0.08,0.15,0.1,0.08,-0.4069639967563984,-0.27726414105433883,0.3770752472500564,0.3415435621781489
4.83,274.62,81.0,161.0,0.03,0.04,0.14,0.11,0.0,0.23,-0.40988852043144614,-0.27357308934388097,0.37990438595132886,0.33786782721188624
4.84,274.44,80.93999999999998,160.12,0.01,0.07,0.15,0.43,0.11,0.02,-0.41275505023352654,-0.2698839451507328,0.3826690780653604,0.33420524662813805
4.85,274.22,80.78,158.655,0.04,0.125,0.3,0.4,0.12,0.02,-0.417130554362283,-0.26367948893788806,0.3871040633941781,0.3285704146133018
4.86,274.0,80.62,157.19,0.07,0.18,0.45,0.37,0.13,0.02,-0.421424709343022,-0.2574062281616169,0.3914428074942528,0.322875551945868
4.87,273.38,80.18999999999998,154.87,0.13,0.2,0.45,0.16,0.22,0.33,-0.42823680677317166,-0.2457873645546608,0.399268925440926,0.31323949216503977
4.88,272.75,79.845,152.435,0.08,0.185,0.555,0.6449999999999999,0.24,0.545,-0.4353060689574814,-0.2338699449002453,0.4068633061960353,0.3026690780323358
4.89,272.12,79.5,150.0,0.03,0.17,0.66,1.13,0.26,0.76,-0.4420871353963757,-0.2217435405616516,0.41412839779735855,0.2919234190649576
4.9,271.25,78.93999999999998,146.87,0.25,0.13,0.92,0.11,0.42,0.24,-0.45022973469866984,-0.20518086932864993,0.4233574672021981,0.27802031822048007
4.91,269.81,78.25,142.69,0.23,0.04,0.98,0.21,0.59,0.8,-0.4608517432407456,-0.18186752409831436,0.4353111234763619,0.2576372366965515
4.92,268.5,77.5,138.69,0.0,0.03,0.96,0.05,0.45,0.37,-0.4697693668436634,-0.1588658303819926,0.44566148305525766,0.23832137536927744
4.93,267.5,76.75,135.31,0.08999999999999998,0.08,0.97,0.46,0.26,0.04,-0.47623289506520416,-0.138929690699664,0.453511880402119,0.22262208012372975
4.94,266.5,76.06,131.94,0.07,0.14,1.01,0.73,0.2,0.14,-0.4821661939254375,-0.11899049273968806,0.4604702644647479,0.2065357236445092
4.95,265.37,75.18999999999998,128.44,0.04,0.13,1.15,0.62,0.27,0.0,-0.4874271178242403,-0.0970009997275032,0.467247575739576,0.18978450766983215
4.96,264.19,74.06,125.5,0.17,0.11,1.36,0.05,0.12,0.2,-0.49065979548324096,-0.07573250148092489,0.4731484177834031,0.17601412894827587
4.97,262.75,72.75,123.06,0.08999999999999998,0.07,1.41,1.15,0.18,0.15,-0.4923310750192532,-0.054618055607086095,0.4786829669827866,0.16377558797701358
4.98,261.31,71.44,120.81,0.08999999999999998,0.07,1.32,0.05,0.16,0.45,-0.49317709768701024,-0.034170082507983424,0.48347133290784766,0.1523058487363376
4.99,260.13,70.25,119.25,0.13,0.06,1.17,0.26,0.23,0.45,-0.4928905587262869,-0.018038729981139555,0.48700212213816096,0.14455199720742806
5.0,258.87,69.12,117.37,0.03,0.12,1.24,0.12,0.33,0.25,-0.4927585064727661,-0.00047346480895453166,0.4902511636852536,0.13481643875889415
5.01,257.37,67.87,115.44,0.11,0.06,1.29,0.08,0.3,0.24,-0.49194645919753865,0.018747535022097687,0.4935022303178995,0.12419986074642297
5.02,256.0,66.56,114.19,0.13,0.12,1.33,0.2,0.14,0.57,-0.4899146941834676,0.034829235976835585,0.4963150886597033,0.11736564675267001
5.03,254.44,65.06,113.31,0.02,0.18,1.4,0.08999999999999998,0.5,0.07,-0.4866353784623962,0.05077877084223144,0.49940623001377105,0.11195440057683025
5.04,252.69,63.63,112.12,0.21,0.07,1.35,0.62,0.36,0.96,-0.48324158743306184,0.06839896870329275,0.5022944542008397,0.1040782208685054
5.05,251.12,62.25,110.94,0.01,0.05,1.29,0.1,0.31,0.04,-0.47967462547390527,0.08504564860071255,0.5045919281103051,0.09695010542051993
5.06,249.465,60.75,110.155,0.12,0.065,1.4,0.31,0.505,0.26,-0.475014454498127,0.10066966426634869,0.5071235651099797,0.09157194957553311
5.07,247.81,59.25,109.37,0.23,0.08,1.51,0.52,0.7,0.48,-0.46996013899368777,0.11617411061692819,0.5094491980126837,0.08622878839578414
5.08,245.81,57.56,108.44,0.11,0.1,1.65,0.42,0.58,0.48,-0.4636295018872134,0.13415383161353864,0.5119315444174808,0.07943156676111822
5.09,243.75,55.69,107.69,0.05,0.15,1.7,0.92,0.61,0.71,-0.45607705480250726,0.1520508740410858,0.5145437647682942,0.07383638296026734
5.1,241.94,53.94,107.12,0.05,0.1,1.57,0.08,0.37,0.35,-0.4486323061114952,0.16758533304606216,0.5168303107641228,0.06973869414431721
5.11,240.31,52.31,106.69,0.11,0.02,1.56,0.7,0.38,0.21,-0.44135164294696594,0.18121215274485628,0.5189077528866168,0.06662186190975773
5.12,238.31,50.5,106.12,0.07,0.16,1.7,0.92,0.49,0.06,-0.43251221089555153,0.1971278596980016,0.52112291144677,0.061947970482826645
5.13,236.12,48.63,105.69,0.11,0.26,1.66,0.98,0.5,0.25,-0.42251717975306263,0.2129209741795568,0.523647247902062,0.0571865093978952
5.14,234.12,46.88,105.31,0.08,0.16,1.57,0.32,0.45,0.24,-0.412789063185568,0.22712646876215603,0.5258635585033817,0.05309538458987965
5.15,232.12,45.06,104.94,0.02,0.17,1.65,0.88,0.33,0.21,-0.40239344018243345,0.2412117580594297,0.5280081685190996,0.04936219782084227
5.16,230.12,43.19,104.87,0.16,0.3,1.67,0.65,0.29,0.74,-0.3912715712502032,0.25373174773460777,0.5307161689255124,0.046903638329427205
5.17,228.31,41.44,104.81,0.12,0.13,1.55,0.22,0.21,1.03,-0.380644972693868,0.26490762672869494,0.5331498649243548,0.04491571127756162
5.18,226.5,39.81,104.31,0.17,0.03,1.55,1.11,0.16,0.41,-0.3702556202329745,0.27741631832546715,0.5344151560440975,0.041039597068852095
5.19,224.5,38.13,103.75,0.27,0.11,1.54,1.23,0.23,0.38,-0.3588194770896355,0.29053616285550005,0.535582204306332,0.03635751489397754
5.2,222.37,36.5,103.25,0.4,0.22,1.42,0.65,0.07,0.33,-0.34677681285734824,0.3031772798370363,0.536834800688213,0.03115479657667512
5.21,220.44,35.0,102.62,0.48,0.15,1.35,0.43,0.3,0.21,-0.3354879766362566,0.31518893476306614,0.5373593734094497,0.0261055984227532
5.22,218.25,33.44,101.94,0.6,0.26,1.41,0.4,0.48,0.56,-0.3228186969411919,0.3278521525348205,0.5378023958140377,0.020061993039807175
5.23,215.87,31.87,101.25,0.65,0.34,1.37,0.34,0.21,0.22,-0.30909751163786414,0.3405822868047844,0.5381620135202396,0.013301388743955934
5.24,214.0,30.44,100.56,0.43,0.05,1.3,0.07,0.26,0.1,-0.2972805717090372,0.3514541443490878,0.5379260313435785,0.008525047314721477
5.25,212.5,28.94,99.81,0.44,0.28,1.41,0.66,0.52,0.16,-0.2862354486751512,0.3617261017510904,0.537143612559901,0.005751542781389289
5.26,210.94,27.5,99.06,0.4,0.19,1.4,0.67,0.45,0.1,-0.27500822252680773,0.37167850468205976,0.5362383751904979,0.0026109763654521938
5.27,209.22,26.065,98.31,0.495,0.125,1.3199999999999998,0.52,0.475,0.38,-0.26300735584395124,0.3816056900292189,0.5352904008293884,-0.0011226815140348949
5.28,207.5,24.63,97.56,0.59,0.06,1.24,0.37,0.5,0.66,-0.2507915182693512,0.3912028827327375,0.5342048544435464,-0.004683793256702673
5.29,206.0,23.25,96.94,0.45,0.06,1.27,0.53,0.43,0.76,-0.23945674294186917,0.39940567821752343,0.5333094207837734,-0.007034180486744108
5.3,204.31,21.81,96.5,0.34,0.08,1.32,0.97,0.44,0.76,-0.22699189087767252,0.4068808789886623,0.5330716659175869,-0.00949085399810249
5.31,202.81,20.44,96.19,0.18,0.08,1.22,0.7,0.3,0.51,-0.2154238014121317,0.4130297852768309,0.5331135489885658,-0.011035020104637437
5.32,201.69,19.12,95.94,0.07,0.16,1.17,0.08,0.19,0.15,-0.20548272273861537,0.41804866408078417,0.5331285278993475,-0.010907950341108346
5.33,200.13,17.75,95.81,0.14,0.18,1.29,0.05,0.18,0.31,-0.19346870862538756,0.4228958562521157,0.5337707580191153,-0.01227098023330746
5.34,198.13,16.19,95.62,0.29,0.4,1.4,0.98,0.28,0.44,-0.17872292357704628,0.42847005541560046,0.5344010283282595,-0.014829519429051075
5.35,197.06,15.38,95.44,0.52,0.23,1.29,1.67,0.39,0.75,-0.17086196887286884,0.4315950975960051,0.5344118944586604,-0.016389994193391703
5.36,195.31,14.06,94.87,0.34,0.04,1.03,1.11,0.37,1.23,-0.15788783912106402,0.4377090423534438,0.5333325394687217,-0.019273618449288463
5.37,194.125,13.0,94.715,0.185,0.135,0.96,1.015,0.515,0.8999999999999998,-0.1483769861337625,0.44079138361256,0.5334933380914576,-0.02012286896524293
5.38,192.94,11.94,94.56,0.03,0.23,0.89,0.92,0.66,0.57,-0.13881802315665517,0.44368925142945,0.5336327855833034,-0.020935622465761555
5.39,191.69,10.94,94.5,0.11,0.35,0.78,0.67,0.65,1.67,-0.12920793767939792,0.44593207330487,0.5341274421109096,-0.02214985208272017
5.4,190.44,10.06,94.5,0.07,0.28,0.76,0.9,0.38,1.24,-0.12008105590058224,0.44758436467238766,0.5348037808552301,-0.023802059199565274
5.41,189.37,9.06,94.62,0.44,0.02,1.07,0.53,0.23,0.27,-0.11121396358437308,0.4485392853960195,0.5359103530896575,-0.024018799640548007
5.42,188.19,7.809999999999999,95.06,0.38,0.08,1.17,1.09,0.01,0.36,-0.1008352397858491,0.44808735684632633,0.5383653133829375,-0.023358294511095477
5.43,186.81,6.56,95.38,0.21,0.1,1.02,0.48,0.08,1.02,-0.08953201276076787,0.4480205897074204,0.5403988038383166,-0.023739170666004908
5.44,185.63,5.44,95.56,0.07,0.05,0.93,0.58,0.02,0.37,-0.07960109132341853,0.448228041218129,0.54176993333635,-0.02394732100213048
5.45,184.56,4.44,95.38,0.19,0.03,0.9,0.88,0.07,0.03,-0.07057388297308645,0.4498560537251125,0.5416500400252899,-0.024432307180125224
5.46,183.5,3.5,95.19,0.14,0.08999999999999998,0.86,0.8299999999999998,0.01,0.14,-0.06183393643650154,0.4513389641852903,0.5414539860185268,-0.025102395545786225
5.47,182.37,2.5,95.06,0.14,0.19,0.8199999999999998,0.9,0.01,0.12,-0.05252872815319309,0.45241016845330095,0.5415122274551988,-0.02575121821866241
5.48,181.25,1.69,94.81,0.26,0.25,0.73,1.1,0.11,0.22,-0.044054933948297376,0.4538101446395493,0.5410253461865465,-0.02720175960011208
5.49,180.37,0.94,94.44,0.26,0.02,0.55,0.7,0.11,0.31,-0.03685471897840974,0.4556641738859676,0.5399704715321947,-0.027868005377366604
5.5,179.655,0.565,94.19,0.245,0.105,0.495,1.21,0.125,0.4549999999999999,-0.03202536565462116,0.45679667423175097,0.539240482588138,-0.029389144733790225
5.51,178.94,0.19,93.94,0.23,0.19,0.44,1.72,0.14,0.6,-0.02718898605011572,0.45788343218429967,0.5385001156731799,-0.0308867692262646
5.52,178.31,0.62,93.69,0.24,0.16,0.34,1.61,0.19,0.9,-0.026182106499885185,0.4587944256915926,0.5374855565028593,-0.03555691675236115
5.53,178.19,0.75,93.5,0.15,0.02,0.1,0.25,0.2,0.6,-0.02614875102549311,0.4596251579704192,0.5367006196062232,-0.03669124445072146
5.54,178.38,0.69,93.5,0.11,0.0,0.01,0.33,0.08999999999999998,0.42,-0.026733742790485,0.4596891386527124,0.5366898378950873,-0.03560991752106091
5.55,178.31,0.75,93.56,0.02,0.01,0.07,0.72,0.16,0.05,-0.02669973162361113,0.459376499906744,0.5369222441291929,-0.036162203313682174
5.56,178.31,0.75,93.44,0.1,0.01,0.08,0.75,0.24,0.59,-0.026661848020011782,0.45993851158188553,0.5364408918707997,-0.03619014337400089
5.57,178.38,0.62,93.37,0.04,0.02,0.1,0.1,0.35,0.3,-0.026393375624133648,0.46031261016233194,0.5361905840741955,-0.03532978521658245
5.58,178.44,0.56,93.44,0.03,0.01,0.04,0.25,0.21,0.08,-0.026423791393555274,0.46001394772892173,0.5364805969728351,-0.034790311000126195
5.59,178.56,0.5,93.44,0.04,0.11,0.07,0.65,0.15,0.23,-0.026698687689232753,0.46005917861217593,0.5364782648727549,-0.03400954416121047
5.6,178.81,0.44,93.44,0.01,0.08999999999999998,0.1,0.64,0.21,0.3,-0.027549964582233088,0.4601388615181762,0.5364500732716443,-0.032670965453964605
5.61,178.94,0.31,93.37,0.02,0.01,0.13,0.26,0.29,0.53,-0.027549466725226728,0.4605297526269223,0.53618147687339,-0.031553814523508784
5.62,179.12,0.13,93.31,0.02,0.02,0.16,0.49,0.27,0.29,-0.027560475359493353,0.46089837855858734,0.5359534159913786,-0.029998104136237564
5.63,179.06,0.13,93.37,0.0,0.01,0.08999999999999998,1.04,0.38,0.35,-0.02731005184885182,0.4606017437124872,0.5362075386024534,-0.030240962740958673
5.64,179.0,0.25,93.25,0.12,0.03,0.05,1.65,0.33,1.25,-0.027525891478579607,0.4611202643071182,0.535703830425416,-0.03105927777254715
5.65,179.19,0.13,93.25,0.03,0.04,0.18,1.09,0.28,1.14,-0.027855550388079287,0.4611973693673176,0.535696796301789,-0.02971266998798767
5.66,179.56,0.19,93.5,0.33,0.08999999999999998,0.29,0.12,0.07,0.59,-0.029817013250960697,0.4601076854104277,0.5366024475362485,-0.028328825773953303
5.67,180.06,0.44,93.75,0.1,0.23,0.2,0.08999999999999998,0.08,0.79,-0.033164578668753816,0.4589881208643039,0.5374217651484908,-0.027215941953787137
5.68,180.31,0.56,93.56,0.17,0.01,0.13,0.96,0.15,0.3,-0.034741588245510456,0.4598980277686513,0.5365681042253576,-0.026727161339400746
5.69,180.44,0.81,93.44,0.08999999999999998,0.14,0.23,1.13,0.18,1.08,-0.036362460754320314,0.46041158039502006,0.5359905166256032,-0.027312262777763663
5.7,180.72,1.09,93.565,0.125,0.13,0.325,1.0699999999999998,0.08999999999999998,0.7100000000000001,-0.03883434761823153,0.45978957472224624,0.5363512191716967,-0.027306695871327245
5.71,181.0,1.37,93.69,0.16,0.12,0.42,1.01,0.0,0.34,-0.04130600914602248,0.4591554305314287,0.5367102828847977,-0.02729509099123634
5.72,181.56,1.87,93.81,0.01,0.07,0.52,2.0,0.01,0.07,-0.0459592259051534,0.458483272747938,0.5369193906951463,-0.027041663866417223
5.73,182.12,2.5,93.81,0.05,0.05,0.8199999999999998,1.74,0.06,0.07,-0.0511415906422488,0.4582752734277474,0.5366099974194997,-0.02740196462520436
5.74,183.12,3.5,93.87,0.01,0.1,1.03,0.8,0.27,0.17,-0.05986652901235973,0.45755303061763586,0.5363210153447876,-0.027456090412465203
5.75,184.37,4.62,93.87,0.01,0.07,1.08,1.2,0.18,0.15,-0.07018283300776745,0.4568661397838779,0.5356799113623714,-0.02697366043673013
5.76,185.5,5.75,93.87,0.01,0.03,0.9,0.79,0.11,0.32,-0.07999707275978661,0.4559826480999072,0.5350530988511945,-0.027042927281785135
5.77,186.12,6.44,93.81,0.15,0.18,0.58,4.03,0.1,0.11,-0.08565881284024493,0.45564484113709675,0.5344444674348107,-0.027428147601391263
5.78,186.905,7.564999999999999,93.655,0.1699999999999999,0.28,1.03,2.545,0.215,0.5950000000000001,-0.09386811519173843,0.4552912075337925,0.5332780649602689,-0.029086839800418395
5.79,187.69,8.689999999999998,93.5,0.19,0.38,1.48,1.06,0.33,1.08,-0.1020545991589575,0.4547982644731098,0.5320996919663905,-0.03075972621133829
5.8,189.31,10.44,93.31,0.16,0.06,1.58,1.48,0.53,1.56,-0.11649678810897365,0.45331793348565025,0.5303441494056015,-0.03161136277375628
5.81,191.435,12.375,93.625,0.205,0.225,1.6,1.115,0.525,1.355,-0.1339658506284246,0.44853738729546205,0.5303477535513378,-0.030519975281526175
5.82,193.56,14.31,93.94,0.25,0.39,1.62,0.75,0.52,1.15,-0.1512967452347966,0.44314866067811787,0.530285880011781,-0.02929659374826124
5.83,194.87,16.06,94.25,0.23,0.31,1.51,0.73,0.59,0.91,-0.16424859592965518,0.43820978111651576,0.5304556795970832,-0.030727902250579486
5.84,196.19,17.75,94.19,0.02,0.17,1.59,0.8,0.79,1.71,-0.17680210903135282,0.4347234427923135,0.5291915375997204,-0.03233735589499796
5.85,197.81,19.5,94.31,0.08,0.16,1.62,1.02,0.93,1.69,-0.19079949641495017,0.42963561134393075,0.5284696539313102,-0.03258011711492103
5.86,199.87,21.5,94.94,0.87,0.17,1.89,2.05,0.42,0.92,-0.20761626162099067,0.4207812296502632,0.5293504304571431,-0.030977604554683905
5.87,202.06,23.44,96.0,0.23,0.02,1.38,1.67,0.43,0.74,-0.2245791781078466,0.4092825175615792,0.5316293018396303,-0.02747989317554557
5.88,203.62,25.0,96.06,0.24,0.06,1.41,4.82,1.01,2.48,-0.2370350116785702,0.4035895547479694,0.530599153377793,-0.02696773064641207
5.89,205.685,27.315,96.81,0.69,0.43,1.98,3.635,1.11,1.495,-0.2544189643987625,0.3918925379966716,0.5313736420040447,-0.02580944254954537
5.9,207.75,29.63,97.56,1.14,0.8,2.55,2.45,1.21,0.51,-0.2714664864949471,0.37955385558952104,0.5319610632834916,-0.024394468473138278
5.91,210.31,31.87,99.25,0.87,0.22,1.97,0.4,0.18,1.33,-0.2898044301226048,0.36141154874468634,0.5351747663957416,-0.017773566133875637
5.92,213.12,33.88,99.69,0.55,0.58,1.66,0.07,0.22,1.32,-0.3074013117217961,0.3484313329121934,0.5341276650854914,-0.011854227585335443
5.93,215.69,35.75,100.12,0.31,0.19,1.61,0.12,0.5,1.19,-0.3231448354691924,0.335717631731324,0.5330699243129514,-0.006355184643761546
5.94,217.19,37.44,100.5,0.1,0.32,1.61,0.62,0.64,0.66,-0.33430030763775265,0.32571675110778736,0.5324080972825871,-0.005134767141680471
5.95,218.75,39.19,100.44,0.2,0.2,1.59,1.26,0.93,1.74,-0.34560032186372014,0.3171326025272024,0.5303714994009794,-0.005123288957860458
5.96,221.19,41.13,100.87,0.46,0.15,1.81,0.78,0.66,0.54,-0.3600036747152354,0.3031138639621142,0.5290105167687728,-0.00024153279755562807
5.97,223.44,43.0,101.69,0.31,0.05,1.66,1.93,0.38,0.95,-0.3730837201721793,0.28750672210207034,0.5286321613244004,0.0054135041032017965
5.98,225.13,44.5,102.44,0.22,0.21,1.33,0.92,0.25,0.72,-0.3828806266945372,0.27455978790872243,0.5284459821567817,0.00985078841730315
5.99,226.315,45.845,102.97,0.15,0.135,1.39,1.045,0.395,0.6499999999999999,-0.39052426272587853,0.26432926074397406,0.528026900266275,0.01188613716540422
6.0,227.5,47.19,103.5,0.08,0.06,1.45,1.17,0.54,0.58,-0.3979802596665472,0.25394151973334006,0.5275059858674249,0.013989205476998728
6.01,229.5,48.94,103.62,0.04,0.35,1.6,1.42,0.64,0.8399999999999999,-0.40861556553593503,0.24144119901770003,0.525151727480174,0.016969845839155766
6.02,231.87,50.88,103.94,0.28,0.35,1.74,0.16,0.66,0.4,-0.4202469350775228,0.2258602457144688,0.5227252553339581,0.021698293121093143
6.03,234.25,52.81,104.5,0.18,0.2,1.71,0.13,0.64,0.27,-0.43123575541717774,0.20877439846727217,0.5206031083563968,0.027463118698259008
6.04,236.31,54.63,104.75,0.04,0.29,1.62,0.51,0.58,0.11,-0.44073171545712014,0.19416731954608085,0.51809715090437,0.03102893423662537
6.05,238.37,56.44,105.12,0.08,0.21,1.66,1.46,0.52,0.52,-0.44967678467706534,0.17874982991208133,0.51569215429086,0.035124566279491586
6.06,239.5,57.44,105.44,0.23,0.34,1.83,1.18,0.54,0.15,-0.45435047041629695,0.16961687737833372,0.514488250379562,0.03782129938093275
6.07,242.13,59.56,105.87,0.19,0.57,1.94,0.9,0.56,0.67,-0.4642143349764287,0.15028610630726685,0.5112161660855359,0.04370371278016404
6.08,244.75,61.75,106.12,0.11,0.34,1.67,1.83,0.3,1.23,-0.47351397976173537,0.13111687231045005,0.5075126788429655,0.048544856616712845
6.09,246.69,63.5,106.56,0.18,0.08,1.24,0.06,0.27,1.3,-0.4800490536217372,0.11502445799903224,0.5048560419475037,0.052683039135722406
6.1,247.69,64.75,107.0,0.47,0.08999999999999998,1.19,0.58,0.49,0.38,-0.48387365015456135,0.10426320291154784,0.503362816308083,0.05435251500799245
6.11,248.44,66.06,107.44,0.6,0.05,1.26,1.51,0.56,1.46,-0.4873524496722226,0.09410427811741816,0.5019778546083811,0.05461733832605393
6.12,249.31,67.5,107.63,0.26,0.28,1.51,1.79,0.6,1.69,-0.4911978450767707,0.08399583324042174,0.5000989418684139,0.05388200865640686
6.13,251.06,69.25,108.06,0.03,0.3,1.67,1.67,0.46,0.8499999999999999,-0.4961817142146522,0.06816253840204611,0.49722013855290487,0.05711877256735292
6.14,253.06,71.0,109.19,0.15,0.2,1.48,1.21,0.31,1.3,-0.5005207185515298,0.048228952010399354,0.4942812789545603,0.06458979244629362
6.15,254.25,72.31,109.44,0.49,0.08,0.9900000000000002,1.6,0.39,0.4,-0.5035331015239273,0.03697004356631096,0.49198178918811986,0.06613921817067499
6.16,254.75,73.31,110.19,0.52,0.14,1.04,1.74,0.48,0.9900000000000002,-0.505115635470414,0.02750624230352456,0.49074415190894927,0.06785738227634398
6.17,255.62,74.56,112.31,0.37,0.18,1.36,0.5,0.71,0.74,-0.506325949338985,0.00968644893214354,0.488912240968343,0.0764059676265265
6.18,257.06,76.06,114.37,0.08,0.13,1.43,0.79,0.6,0.7,-0.5078182604903189,-0.011113243452040235,0.4856525130861877,0.08643837220936589
6.19,258.44,77.37,116.5,0.03,0.0,1.17,1.36,0.68,0.01,-0.5084270667950446,-0.031102732732102227,0.48208653408296726,0.09726231000355251
6.2,259.31,78.06,119.94,0.11,0.35,0.81,0.45,0.68,0.87,-0.5063380510709536,-0.051848641238564704,0.4788456891891846,0.11389972743114991
6.21,259.69,78.56,122.81,0.28,0.18,0.67,4.36,0.64,3.16,-0.5040958544459685,-0.06740656306930383,0.47612640642682413,0.12641287676982915
6.22,262.095,80.0,127.72,0.675,0.185,1.16,3.84,0.475,3.23,-0.4994514202207276,-0.10281690693137824,0.4666001044176387,0.15360387550639243
6.23,264.5,81.43999999999998,132.63,1.07,0.19,1.65,3.32,0.31,3.3,-0.49287035466433127,-0.13758246323650303,0.454887761878175,0.18044347846588887
6.24,266.5,82.43999999999998,139.25,0.39,0.15,1.01,2.72,0.04,2.96,-0.48096670111336653,-0.17485860905771325,0.44012141187859616,0.2138258347092108
6.25,267.06,83.18999999999998,175.75,0.26,0.33,0.54,1.07,0.62,0.59,-0.39050825741430806,-0.307920108149796,0.35913204172301,0.35361777390381965
6.26,267.13,83.5,176.12,0.24,0.04,0.31,0.1,0.63,1.73,-0.3900812195121517,-0.31029750467576966,0.3569341460629755,0.3542357430790544
6.27,267.31,83.5,176.31,0.26,0.34,0.16,1.69,0.0,1.15,-0.3889982404239879,-0.3113797218958407,0.3558660880138406,0.3555491677186263
6.28,267.62,83.25,176.37,0.06,0.07,0.19,0.3,0.06,1.13,-0.387226345845814,-0.31157761645191606,0.3555425334038272,0.35762759747312783
6.29,267.37,83.12,145.94,0.27,0.1,0.21,0.87,0.17,0.35,-0.46766202666339746,-0.20596506278619003,0.4257035639235961,0.24285786566608372
6.3,266.905,82.935,145.095,0.2,0.1699999999999999,0.18,0.495,0.14,0.385,-0.46981932900385853,-0.20046919363903193,0.42865303464265936,0.23805739205555432
6.31,266.44,82.75,144.25,0.13,0.24,0.15,0.12,0.11,0.42,-0.4719165216343614,-0.19494127754881985,0.43154205881196406,0.23323162718006943
6.32,265.94,82.43999999999998,142.56,0.1,0.01,0.33,1.46,0.1,0.74,-0.4754218835443468,-0.18554117704001047,0.43609251588410025,0.22517696903591453
6.33,265.905,82.53,140.935,0.16,0.005,0.175,1.485,0.12,0.915,-0.47879527120963544,-0.17958509377329254,0.438568945446332,0.2179321178174384
6.34,265.87,82.62,139.31,0.22,0.0,0.02,1.51,0.14,1.09,-0.4820586180396534,-0.1735957796461337,0.4409636454867428,0.21063689834966048
6.35,266.06,82.5,139.44,0.01,0.07,0.28,1.02,0.3,1.14,-0.4813290269887976,-0.17427504738087551,0.44061715723602835,0.21246162456364764
6.36,265.56,82.25,137.62,0.41,0.06,0.45,0.53,0.54,0.11,-0.4848094585889924,-0.164420633311191,0.4448040432021777,0.2034891959779745
6.37,264.5,81.81,135.0,0.37,0.04,0.3,3.02,0.13,1.99,-0.4897270270563047,-0.14851135529067633,0.45126145029611553,0.18922939867139743
6.38,264.0,81.68999999999998,133.69,0.17,0.13,0.18,2.97,0.17,1.05,-0.4921600402976716,-0.14101005277495127,0.45406295001618246,0.18180853307194852
6.39,264.75,82.06,135.0,0.44,0.12,0.62,1.15,0.27,2.0,-0.48991279556932504,-0.1504677741996794,0.45032799225535514,0.18942662584936723
6.4,265.87,82.62,138.37,0.05,0.17,0.45,3.31,0.57,3.06,-0.4837702443724732,-0.1699727338943746,0.4423728078039821,0.20667550612606017
6.41,266.0,82.87999999999998,139.5,0.34,0.02,0.1,0.26,0.86,1.21,-0.4820325799436462,-0.17586388837194186,0.4398902623755592,0.2110589662423924
6.42,264.88,82.62,137.94,0.54,0.35,0.35,1.37,0.8399999999999999,2.29,-0.4858114592925846,-0.16475663703206733,0.444962011555999,0.20045979739215647
6.43,264.0,82.06,137.56,0.05,0.31,0.16,2.7,0.32,1.32,-0.48646749670066575,-0.15779153165273152,0.4483150682626188,0.19697119658906612
6.44,264.06,81.81,138.56,0.2,0.15,0.04,1.79,0.31,0.03,-0.48415774460324495,-0.16088316115125365,0.4473036660618528,0.20238617208415552
6.45,264.88,82.12,141.06,0.3,0.05,0.47,1.13,0.24,0.98,-0.4791601019629224,-0.17476566631036472,0.4413514199046077,0.21541663872304523
6.46,265.62,82.5,144.13,0.08999999999999998,0.03,0.44,1.75,0.48,0.13,-0.4729071445809285,-0.19063106435325136,0.43407865604859736,0.23005911369792584
6.47,265.81,82.62,145.62,0.03,0.03,0.12,0.78,0.56,0.8,-0.46983066685302177,-0.19739549932429784,0.4308745651480284,0.23658849499505613
6.48,265.69,82.31,145.56,0.16,0.26,0.29,0.63,0.36,0.8199999999999998,-0.4694821763922679,-0.19551018480021531,0.43193091923249777,0.23691935384199128
6.49,265.62,81.93999999999998,145.0,0.28,0.17,0.25,0.91,0.14,0.48,-0.4699529950721448,-0.1916628974190808,0.43384483988286754,0.2356289808305103
6.5,265.87,81.75,144.94,0.3,0.08,0.1,0.87,0.08,0.27,-0.4692852247791112,-0.191527719897126,0.4338006892539375,0.23714619508313448
6.51,266.12,81.81,145.38,0.17,0.03,0.08999999999999998,0.02,0.08,0.55,-0.468109535637482,-0.1942909839878877,0.4323687678800672,0.2398219553600633
6.52,266.375,81.875,145.94,0.12,0.035,0.045,0.38,0.095,0.315,-0.46666542836076613,-0.19753417766332945,0.43069194225170376,0.24298338015543833
6.53,266.63,81.93999999999998,146.5,0.07,0.04,0.0,0.74,0.11,0.08,-0.4651980566087548,-0.2007653276231042,0.428992577091554,0.24613464948427047
6.54,266.5,81.68999999999998,145.94,0.11,0.13,0.25,0.01,0.04,0.0,-0.4660678998777833,-0.19721279799378133,0.43081017889334977,0.2441787466128633
6.55,266.31,81.43999999999998,144.56,0.1,0.06,0.29,1.52,0.07,0.56,-0.4687379674543039,-0.1903413372458,0.4341123799090144,0.2386088437937546
6.56,266.31,81.31,144.06,0.16,0.02,0.07,1.12,0.04,0.3,-0.4695003149382028,-0.18791515238394313,0.43521245626504473,0.2370238663379
6.57,266.75,81.37,144.69,0.31,0.01,0.06,0.39,0.03,0.8,-0.4676398792254581,-0.19205491756263268,0.43305009125242494,0.24130544127484607
6.58,266.88,81.37,144.62,0.08,0.06,0.04,0.07,0.15,0.14,-0.4675858769235261,-0.19223490164121465,0.4328723774250287,0.24158547282406165
6.59,266.75,81.31,143.81,0.07,0.01,0.11,0.3,0.05,0.45,-0.4693538322557108,-0.18847807836818123,0.4346370239669096,0.23792119923049335
6.6,266.63,81.12,143.69,0.1,0.15,0.13,0.47,0.15,0.31,-0.46938574809640127,-0.18683218384956635,0.43549730930893527,0.23758302479603505
6.61,266.785,81.06,143.595,0.125,0.12,0.08,0.4499999999999999,0.105,0.18,-0.46922505738582737,-0.18675748171249187,0.43542820923438497,0.2380852970537748
6.62,266.94,81.0,143.5,0.15,0.08999999999999998,0.03,0.43,0.06,0.05,-0.469065159294925,-0.18668220417322837,0.4353577513644842,0.23858772984393797
6.63,267.06,81.0,143.44,0.14,0.02,0.03,0.41,0.17,0.15,-0.4690102699267916,-0.18686603679908,0.4351852032946706,0.23886635458379524
6.64,267.155,80.97,143.72,0.08999999999999998,0.025,0.03,0.27,0.24,0.145,-0.46821897567986054,-0.1881308919506615,0.4345738029038993,0.24053318619551403
6.65,267.25,80.93999999999998,144.0,0.04,0.03,0.03,0.13,0.31,0.14,-0.4674221752432191,-0.18939359985540768,0.43395830357866233,0.24219746221711133
6.66,267.31,81.0,143.81,0.08999999999999998,0.06,0.02,0.21,0.31,0.29,-0.46785690931148666,-0.18912566562591923,0.43401228468821,0.24146961977720643
6.67,267.31,81.06,143.69,0.05,0.04,0.03,0.11,0.19,0.27,-0.4682341631117744,-0.18891785361688668,0.43408724609240057,0.24076528276371745
6.68,267.31,81.12,143.56,0.04,0.04,0.02,0.11,0.26,0.46,-0.4686312736736256,-0.1886721515579612,0.4341785956814379,0.24001945991563256
6.69,267.31,81.12,143.5,0.13,0.07,0.02,0.51,0.44,0.55,-0.468756883324254,-0.1884447903244888,0.43427732466820695,0.2397740522643937
6.7,267.56,81.25,143.5,0.08999999999999998,0.18,0.12,0.02,0.3,1.25,-0.46864442066789863,-0.18983715804528936,0.4334464062386248,0.2403982505043056
6.71,267.75,81.5,143.5,0.16,0.19,0.11,0.11,0.0,0.13,-0.46886442843281234,-0.1915186366722032,0.4325062946807209,0.24032875430068423
6.72,267.56,81.685,142.97,0.15,0.14,0.145,0.125,0.15,0.065,-0.4706346883576792,-0.18962489722073309,0.43343770121934166,0.23666430477526923
6.73,267.37,81.87,142.44,0.14,0.08999999999999998,0.18,0.14,0.3,0.0,-0.4723809125201221,-0.1877240718919416,0.4343561525514937,0.23298824988441305
6.74,267.44,82.12,143.19,0.1,0.08,0.23,0.34,0.31,0.33,-0.4712443703668285,-0.19183218594429105,0.43244790971997854,0.23547994975538764
6.75,267.5,82.43999999999998,143.62,0.1,0.31,0.19,0.25,0.18,0.48,-0.4709116016465434,-0.1949725273115993,0.4309253271872132,0.23635605543666624
6.76,267.69,82.81,143.37,0.07,0.19,0.16,0.15,0.15,0.01,-0.47186788085439146,-0.196207270658422,0.43015951968944416,0.23481704176630264
6.77,267.94,83.06,143.75,0.03,0.13,0.16,0.39,0.11,0.0,-0.47118420657483,-0.19952080013901016,0.42842678827523767,0.23655913932687947
6.78,268.0,83.18999999999998,175.94,0.06,0.19,0.03,0.66,0.14,0.02,-0.3873467977472645,-0.3110718443072482,0.35572547474522814,0.3577555004414066
6.79,267.87,83.37,175.94,0.08,0.2,0.03,0.9,0.25,0.13,-0.38822738159852965,-0.31132203322022184,0.3555591685242043,0.35674727050353955
6.8,267.81,83.5,175.94,0.15,0.13,0.08999999999999998,0.41,0.3,0.7,-0.38876990007450674,-0.3115933948639227,0.3553331076574388,0.3561442814370503
6.81,267.75,83.68999999999998,176.06,0.15,0.08,0.07,0.81,0.32,1.44,-0.3891137571649826,-0.31243537342976635,0.3545888949283326,0.3557726556845392
6.82,267.875,83.845,176.155,0.2,0.08999999999999998,0.095,0.54,0.2,0.975,-0.3889215434029673,-0.31358572223242,0.353452493700016,0.3561014014446416
6.83,268.0,84.0,176.25,0.25,0.1,0.12,0.27,0.08,0.51,-0.3887267789752416,-0.31473463432564924,0.35231438171942514,0.35642814594482475
6.84,268.5,84.25,176.44,0.26,0.21,0.16,0.12,0.01,0.88,-0.3874544128444716,-0.31750848986100855,0.3494525585170142,0.35816643017459454
6.85,268.75,84.5,176.56,0.04,0.15,0.08999999999999998,0.56,0.03,0.38,-0.3870897781397255,-0.31938426060794567,0.34755053945018094,0.35874317524952926
6.86,268.63,84.56,176.63,0.18,0.08,0.03,1.22,0.37,0.46,-0.3873823445999968,-0.3194701844662365,0.3475351696994457,0.35836555592839536
6.87,268.5,84.62,176.69,0.22,0.03,0.13,0.96,0.5,0.98,-0.3877349564573778,-0.31949780814904516,0.34757771846491503,0.3579180482739698
6.88,268.5,84.75,176.94,0.16,0.04,0.24,0.89,0.45,0.97,-0.3873264962847876,-0.32068499521802807,0.34646300063577007,0.35837906444544765
6.89,268.88,84.93999999999998,177.25,0.12,0.03,0.28,0.45,0.42,0.1,-0.385813265890034,-0.3232764282807992,0.3438058420232346,0.3602372319687988
6.9,269.5,85.25,177.62,0.21,0.1,0.39,0.16,0.47,0.29,-0.3837389566794945,-0.3270760229232724,0.3398317879172846,0.36278490845229777
6.91,270.12,85.68999999999998,178.12,0.1,0.34,0.42,1.22,0.45,0.48,-0.381580553309306,-0.3316623328507179,0.33504022446816883,0.3653454143917436
6.92,270.375,85.97,178.31,0.155,0.21,0.21,1.08,0.605,0.29,-0.38100827625448297,-0.3338193873076075,0.3327855692086743,0.36603814081894825
6.93,270.63,86.25,178.5,0.21,0.08,0.0,0.94,0.76,0.1,-0.38042659550802266,-0.3359704952452033,0.3305248865978926,0.3667227517060956
6.94,270.25,86.31,178.5,0.43,0.07,0.04,1.2,0.78,0.9900000000000002,-0.3817322616752525,-0.3351517702460142,0.3315217163213047,0.3652122238222705
