time,eul_z_sensor1,eul_y_sensor1,eul_x_sensor1,gyro_x_sensor1,gyro_y_sensor1,gyro_z_sensor1,linacc_x_sensor1,linacc_y_sensor1,linacc_z_sensor1,quat_w_sensor1,quat_x_sensor1,quat_y_sensor1,quat_z_sensor1,time,eul_z_sensor2,eul_y_sensor2,eul_x_sensor2,gyro_x_sensor2,gyro_y_sensor2,gyro_z_sensor2,linacc_x_sensor2,linacc_y_sensor2,linacc_z_sensor2,quat_w_sensor2,quat_x_sensor2,quat_y_sensor2,quat_z_sensor2,time,eul_z_sensor3,eul_y_sensor3,eul_x_sensor3,gyro_x_sensor3,gyro_y_sensor3,gyro_z_sensor3,linacc_x_sensor3,linacc_y_sensor3,linacc_z_sensor3,quat_w_sensor3,quat_x_sensor3,quat_y_sensor3,quat_z_sensor3,time,eul_z_sensor4,eul_y_sensor4,eul_x_sensor4,gyro_x_sensor4,gyro_y_sensor4,gyro_z_sensor4,linacc_x_sensor4,linacc_y_sensor4,linacc_z_sensor4,quat_w_sensor4,quat_x_sensor4,quat_y_sensor4,quat_z_sensor4
0.02,9.81,88.19,179.87,0.0,0.0,0.0,0.08,0.04,0.1,0.69,0.06,0.72,0.06,0.02,356.25,87.94,179.81,0.0,0.0,0.0,0.3,0.02,0.01,0.69,0.03,0.72,0.02,0.02,10.13,80.5,98.19,0.0,0.0,0.0,0.04,0.02,0.01,0.7,0.18,0.69,0.06,0.02,341.56,68.69,83.87,0.09,0.01,0.02,0.1,0.13,0.14,0.71,0.35,0.6,0.12
0.03,9.81,88.19,179.87,0.0,0.0,0.0,0.09,0.03,0.07,0.69,0.06,0.72,0.06,0.03,356.25,87.94,179.81,0.0,0.0,0.0,0.31,0.02,0.01,0.69,0.03,0.72,0.02,0.03,10.13,80.5,98.19,0.0,0.0,0.0,0.06,0.03,0.0,0.7,0.18,0.69,0.06,0.03,341.69,68.69,83.87,0.08,0.02,0.02,0.13,0.13,0.11,0.71,0.35,0.6,0.11
0.04,9.81,88.19,179.87,0.0,0.0,0.0,0.13,0.05,0.07,0.69,0.06,0.72,0.06,0.04,356.25,87.94,179.81,0.0,0.0,0.0,0.3,0.02,0.0,0.69,0.03,0.72,0.02,0.04,10.13,80.5,98.19,0.0,0.0,0.0,0.06,0.03,0.0,0.7,0.18,0.69,0.06,0.04,341.75,68.69,83.87,0.05,0.04,0.01,0.02,0.12,0.01,0.71,0.35,0.6,0.11
0.05,9.81,88.19,179.87,0.0,0.0,0.0,0.1,0.03,0.09,0.69,0.06,0.72,0.06,0.05,356.25,87.94,179.81,0.0,0.0,0.0,0.31,0.03,0.02,0.69,0.03,0.72,0.02,0.05,10.13,80.5,98.19,0.0,0.0,0.0,0.04,0.04,0.01,0.7,0.18,0.69,0.06,0.05,341.81,68.69,83.94,0.04,0.03,0.01,0.04,0.1,0.0,0.71,0.35,0.6,0.11
0.06,9.81,88.19,179.87,0.0,0.0,0.0,0.09,0.06,0.05,0.69,0.06,0.72,0.06,0.06,356.25,87.94,179.81,0.0,0.0,0.0,0.3,0.01,0.0,0.69,0.03,0.72,0.02,0.06,10.13,80.5,98.19,0.0,0.0,0.0,0.07,0.02,0.0,0.7,0.18,0.69,0.06,0.06,341.88,68.69,83.94,0.04,0.02,0.0,0.04,0.03,0.09,0.71,0.35,0.6,0.11
0.07,9.81,88.19,179.87,0.0,0.0,0.0,0.11,0.05,0.1,0.69,0.06,0.72,0.06,0.07,356.25,87.94,179.81,0.0,0.0,0.0,0.28,0.02,0.0,0.69,0.03,0.72,0.02,0.07,10.13,80.5,98.19,0.0,0.0,0.0,0.08,0.03,0.0,0.7,0.18,0.69,0.06,0.07,341.88,68.69,84.0,0.05,0.02,0.0,0.05,0.02,0.01,0.71,0.35,0.6,0.11
0.08,9.81,88.19,179.87,0.0,0.0,0.0,0.1,0.05,0.07,0.69,0.06,0.72,0.06,0.08,356.25,87.94,179.81,0.0,0.0,0.0,0.29,0.01,0.03,0.69,0.03,0.72,0.02,0.08,10.13,80.5,98.19,0.0,0.0,0.0,0.04,0.04,0.0,0.7,0.18,0.69,0.06,0.08,341.94,68.69,83.94,0.06,0.01,0.0,0.03,0.0,0.05,0.71,0.35,0.6,0.11
0.09,9.81,88.19,179.87,0.0,0.0,0.0,0.09,0.06,0.07,0.69,0.06,0.72,0.06,0.09,356.25,87.94,179.81,0.0,0.0,0.0,0.3,0.01,0.0,0.69,0.03,0.72,0.02,0.09,10.13,80.5,98.19,0.0,0.0,0.0,0.04,0.02,0.0,0.7,0.18,0.69,0.06,0.09,342.06,68.69,83.87,0.09,0.0,0.0,0.18,0.06,0.01,0.71,0.35,0.6,0.11
0.1,9.81,88.19,179.87,0.0,0.0,0.0,0.11,0.03,0.08,0.69,0.06,0.72,0.06,0.1,356.25,87.94,179.81,0.0,0.0,0.0,0.31,0.02,0.0,0.69,0.03,0.72,0.02,0.1,10.13,80.5,98.19,0.0,0.0,0.0,0.05,0.03,0.03,0.7,0.18,0.69,0.06,0.1,342.13,68.69,83.75,0.1,0.02,0.01,0.2,0.06,0.01,0.71,0.35,0.6,0.11
0.12,9.81,88.19,179.87,0.0,0.0,0.0,0.1,0.04,0.1,0.69,0.06,0.72,0.06,0.12,356.25,87.94,179.81,0.0,0.0,0.0,0.32,0.01,0.02,0.69,0.03,0.72,0.02,0.12,10.13,80.5,98.19,0.0,0.0,0.0,0.05,0.02,0.0,0.7,0.18,0.69,0.06,0.12,342.25,68.75,83.62,0.05,0.01,0.02,0.09,0.15,0.03,0.71,0.35,0.6,0.11
0.13,9.81,88.19,179.87,0.0,0.0,0.0,0.1,0.04,0.08,0.69,0.06,0.72,0.06,0.13,356.25,87.94,179.81,0.0,0.0,0.0,0.31,0.01,0.0,0.69,0.03,0.72,0.02,0.13,10.13,80.5,98.19,0.0,0.0,0.0,0.06,0.02,0.02,0.7,0.18,0.69,0.06,0.13,342.25,68.75,83.56,0.04,0.0,0.03,0.09,0.09,0.13,0.71,0.35,0.6,0.11
0.14,9.81,88.19,179.87,0.0,0.0,0.0,0.1,0.04,0.06,0.69,0.06,0.72,0.06,0.14,356.25,87.94,179.81,0.0,0.0,0.0,0.29,0.02,0.01,0.69,0.03,0.72,0.02,0.14,10.13,80.5,98.19,0.0,0.0,0.0,0.07,0.03,0.01,0.7,0.18,0.69,0.06,0.14,342.25,68.81,83.5,0.05,0.01,0.03,0.03,0.01,0.26,0.71,0.35,0.6,0.11
0.16,9.81,88.19,179.87,0.0,0.0,0.0,0.11,0.04,0.07,0.69,0.06,0.72,0.06,0.16,356.25,87.94,179.81,0.0,0.0,0.0,0.3,0.03,0.01,0.69,0.03,0.72,0.02,0.16,10.13,80.5,98.19,0.0,0.0,0.0,0.06,0.05,0.0,0.7,0.18,0.69,0.06,0.16,342.37,68.87,83.06,0.12,0.04,0.02,0.05,0.05,0.03,0.71,0.34,0.6,0.11
0.17,9.81,88.19,179.87,0.0,0.0,0.0,0.1,0.05,0.1,0.69,0.06,0.72,0.06,0.17,356.25,87.94,179.81,0.0,0.0,0.0,0.28,0.03,0.02,0.69,0.03,0.72,0.02,0.17,10.13,80.5,98.19,0.0,0.0,0.0,0.06,0.01,0.01,0.7,0.18,0.69,0.06,0.17,342.44,68.87,82.81,0.13,0.05,0.02,0.06,0.11,0.1,0.71,0.34,0.6,0.11
0.18,9.81,88.19,179.87,0.0,0.0,0.0,0.1,0.06,0.06,0.69,0.06,0.72,0.06,0.18,356.25,87.94,179.81,0.0,0.0,0.0,0.3,0.02,0.0,0.69,0.03,0.72,0.02,0.18,10.13,80.5,98.19,0.0,0.0,0.0,0.06,0.02,0.01,0.7,0.18,0.69,0.06,0.18,342.5,68.87,82.5,0.11,0.06,0.02,0.01,0.14,0.06,0.72,0.34,0.6,0.11
0.2,9.81,88.19,179.87,0.0,0.0,0.0,0.09,0.05,0.09,0.69,0.06,0.72,0.06,0.2,356.25,87.94,179.81,0.0,0.0,0.0,0.31,0.03,0.0,0.69,0.03,0.72,0.02,0.2,10.13,80.5,98.19,0.0,0.0,0.0,0.05,0.02,0.0,0.7,0.18,0.69,0.06,0.2,342.62,68.94,81.87,0.12,0.07,0.04,0.14,0.03,0.0,0.72,0.34,0.6,0.11
0.21,9.81,88.19,179.87,0.0,0.0,0.0,0.11,0.06,0.07,0.69,0.06,0.72,0.06,0.21,356.25,87.94,179.81,0.0,0.0,0.0,0.32,0.02,0.0,0.69,0.03,0.72,0.02,0.21,10.13,80.5,98.19,0.0,0.0,0.0,0.05,0.01,0.02,0.7,0.18,0.69,0.06,0.21,342.69,69.0,81.56,0.12,0.06,0.04,0.17,0.08,0.01,0.72,0.34,0.6,0.11
0.22,9.81,88.19,179.87,0.0,0.0,0.0,0.11,0.05,0.06,0.69,0.06,0.72,0.06,0.22,356.25,87.94,179.81,0.0,0.0,0.0,0.31,0.02,0.01,0.69,0.03,0.72,0.02,0.22,10.13,80.5,98.19,0.0,0.0,0.0,0.05,0.05,0.03,0.7,0.18,0.69,0.06,0.22,342.69,69.0,81.31,0.09,0.04,0.05,0.06,0.06,0.04,0.72,0.34,0.6,0.11
0.23,9.81,88.19,179.87,0.0,0.01,0.0,0.1,0.05,0.08,0.69,0.06,0.72,0.06,0.23,356.25,87.94,179.81,0.0,0.0,0.0,0.3,0.03,0.01,0.69,0.03,0.72,0.02,0.23,10.13,80.5,98.19,0.0,0.0,0.0,0.05,0.03,0.0,0.7,0.18,0.69,0.06,0.23,342.69,69.06,81.0,0.09,0.05,0.05,0.04,0.01,0.06,0.72,0.34,0.6,0.11
0.24,9.81,88.19,179.87,0.0,0.0,0.0,0.11,0.05,0.1,0.69,0.06,0.72,0.06,0.24,356.25,87.94,179.81,0.0,0.0,0.0,0.3,0.02,0.0,0.69,0.03,0.72,0.02,0.24,10.13,80.5,98.19,0.0,0.0,0.0,0.03,0.03,0.01,0.7,0.18,0.69,0.06,0.24,342.75,69.12,80.69,0.11,0.06,0.05,0.08,0.01,0.09,0.72,0.34,0.6,0.11
0.25,9.81,88.19,179.87,0.0,0.0,0.0,0.06,0.05,0.1,0.69,0.06,0.72,0.06,0.25,356.25,87.94,179.81,0.0,0.0,0.0,0.3,0.02,0.0,0.69,0.03,0.72,0.02,0.25,10.13,80.5,98.19,0.0,0.0,0.0,0.03,0.04,0.01,0.7,0.18,0.69,0.06,0.25,342.75,69.12,80.56,0.13,0.06,0.05,0.14,0.04,0.14,0.72,0.33,0.6,0.11
0.26,9.81,88.19,179.87,0.0,0.0,0.0,0.11,0.04,0.08,0.69,0.06,0.72,0.06,0.26,356.25,87.94,179.81,0.0,0.0,0.0,0.29,0.02,0.0,0.69,0.03,0.72,0.02,0.26,10.13,80.5,98.19,0.0,0.0,0.0,0.05,0.03,0.0,0.7,0.18,0.69,0.06,0.26,342.81,69.19,80.25,0.1,0.06,0.05,0.05,0.09,0.05,0.72,0.33,0.6,0.11
0.27,9.81,88.19,179.87,0.0,0.0,0.0,0.08,0.04,0.08,0.69,0.06,0.72,0.06,0.27,356.25,87.94,179.81,0.0,0.0,0.0,0.3,0.02,0.0,0.69,0.03,0.72,0.02,0.27,10.13,80.5,98.19,0.0,0.0,0.0,0.06,0.02,0.01,0.7,0.18,0.69,0.06,0.27,342.81,69.25,80.0,0.05,0.05,0.04,0.06,0.12,0.11,0.72,0.33,0.6,0.11
0.28,9.81,88.19,179.87,0.0,0.0,0.0,0.1,0.03,0.08,0.69,0.06,0.72,0.06,0.28,356.25,87.94,179.81,0.0,0.0,0.0,0.29,0.01,0.01,0.69,0.03,0.72,0.02,0.28,10.13,80.5,98.19,0.0,0.0,0.0,0.05,0.05,0.0,0.7,0.18,0.69,0.06,0.28,342.75,69.25,79.75,0.03,0.05,0.05,0.13,0.03,0.05,0.72,0.33,0.6,0.11
0.3,9.81,88.19,179.87,0.0,0.01,0.0,0.1,0.03,0.09,0.69,0.06,0.72,0.06,0.3,356.25,87.94,179.81,0.0,0.0,0.0,0.27,0.02,0.01,0.69,0.03,0.72,0.02,0.3,10.13,80.5,98.19,0.0,0.0,0.0,0.04,0.02,0.0,0.7,0.18,0.69,0.06,0.3,342.69,69.37,79.31,0.04,0.06,0.05,0.11,0.11,0.14,0.72,0.33,0.6,0.11
0.33,9.81,88.19,179.87,0.0,0.0,0.0,0.09,0.05,0.07,0.69,0.06,0.72,0.06,0.33,356.25,87.94,179.81,0.0,0.0,0.0,0.3,0.01,0.01,0.69,0.03,0.72,0.02,0.33,10.13,80.5,98.19,0.0,0.0,0.0,0.07,0.05,0.01,0.7,0.18,0.69,0.06,0.33,342.75,69.44,78.44,0.12,0.08,0.03,0.0,0.08,0.17,0.72,0.33,0.6,0.11
0.34,9.81,88.19,179.87,0.0,0.0,0.0,0.11,0.05,0.07,0.69,0.06,0.72,0.06,0.34,356.25,87.94,179.81,0.0,0.0,0.0,0.31,0.03,0.01,0.69,0.03,0.72,0.02,0.34,10.13,80.5,98.19,0.0,0.0,0.0,0.05,0.03,0.01,0.7,0.18,0.69,0.06,0.34,342.81,69.44,78.06,0.13,0.08,0.02,0.02,0.04,0.18,0.72,0.33,0.6,0.11
0.35,9.81,88.19,179.87,0.0,0.01,0.0,0.07,0.05,0.08,0.69,0.06,0.72,0.06,0.35,356.25,87.94,179.81,0.0,0.0,0.0,0.3,0.01,0.01,0.69,0.03,0.72,0.02,0.35,10.13,80.5,98.19,0.0,0.0,0.0,0.06,0.03,0.03,0.7,0.18,0.69,0.06,0.35,342.87,69.44,77.87,0.07,0.06,0.03,0.02,0.07,0.18,0.72,0.33,0.6,0.11
0.36,9.81,88.19,179.87,0.0,0.0,0.0,0.09,0.03,0.08,0.69,0.06,0.72,0.06,0.36,356.25,87.94,179.81,0.0,0.0,0.0,0.29,0.03,0.01,0.69,0.03,0.72,0.02,0.36,10.13,80.5,98.19,0.0,0.0,0.0,0.04,0.01,0.0,0.7,0.18,0.69,0.06,0.36,342.81,69.5,77.69,0.03,0.06,0.03,0.01,0.09,0.15,0.72,0.33,0.6,0.11
0.37,9.81,88.19,179.87,0.0,0.0,0.0,0.09,0.05,0.09,0.69,0.06,0.72,0.06,0.37,356.25,87.94,179.81,0.0,0.0,0.0,0.3,0.01,0.03,0.69,0.03,0.72,0.02,0.37,10.13,80.5,98.19,0.0,0.0,0.0,0.05,0.04,0.01,0.7,0.18,0.69,0.06,0.37,342.81,69.5,77.5,0.04,0.06,0.02,0.06,0.08,0.17,0.73,0.33,0.6,0.11
0.38,9.81,88.19,179.87,0.0,0.0,0.0,0.11,0.05,0.07,0.69,0.06,0.72,0.06,0.38,356.25,87.94,179.81,0.0,0.0,0.0,0.3,0.03,0.01,0.69,0.03,0.72,0.02,0.38,10.13,80.5,98.19,0.0,0.0,0.0,0.06,0.04,0.01,0.7,0.18,0.69,0.06,0.38,342.87,69.44,77.31,0.04,0.05,0.01,0.11,0.12,0.19,0.73,0.33,0.6,0.11
0.41,9.81,88.19,179.87,0.0,0.0,0.0,0.08,0.05,0.08,0.69,0.06,0.72,0.06,0.41,356.25,87.94,179.81,0.0,0.0,0.0,0.3,0.02,0.0,0.69,0.03,0.72,0.02,0.41,10.13,80.5,98.19,0.0,0.0,0.0,0.05,0.02,0.01,0.7,0.18,0.69,0.06,0.41,342.87,69.44,77.06,0.01,0.04,0.01,0.0,0.03,0.03,0.73,0.32,0.6,0.11
0.43,9.81,88.19,179.87,0.0,0.0,0.0,0.1,0.05,0.06,0.69,0.06,0.72,0.06,0.43,356.25,87.94,179.81,0.0,0.0,0.0,0.3,0.02,0.01,0.69,0.03,0.72,0.02,0.43,10.13,80.5,98.19,0.0,0.0,0.0,0.04,0.03,0.02,0.7,0.18,0.69,0.06,0.43,342.87,69.44,76.81,0.01,0.04,0.0,0.03,0.01,0.1,0.73,0.32,0.6,0.11
0.44,9.81,88.19,179.87,0.0,0.0,0.0,0.09,0.04,0.08,0.69,0.06,0.72,0.06,0.44,356.25,87.94,179.81,0.0,0.0,0.0,0.3,0.01,0.0,0.69,0.03,0.72,0.02,0.44,10.13,80.5,98.19,0.0,0.0,0.0,0.05,0.02,0.01,0.7,0.18,0.69,0.06,0.44,342.87,69.44,76.69,0.0,0.05,0.0,0.05,0.07,0.1,0.73,0.32,0.6,0.11
0.45,9.81,88.19,179.87,0.0,0.0,0.0,0.1,0.05,0.08,0.69,0.06,0.72,0.06,0.45,356.25,87.94,179.81,0.0,0.0,0.0,0.3,0.02,0.0,0.69,0.03,0.72,0.02,0.45,10.13,80.5,98.19,0.0,0.0,0.0,0.05,0.01,0.01,0.7,0.18,0.69,0.06,0.45,342.81,69.37,76.56,0.01,0.04,0.0,0.03,0.07,0.04,0.73,0.32,0.59,0.11
0.46,9.81,88.19,179.87,0.0,0.0,0.0,0.09,0.04,0.06,0.69,0.06,0.72,0.06,0.46,356.25,87.94,179.81,0.0,0.0,0.0,0.3,0.02,0.01,0.69,0.03,0.72,0.02,0.46,10.13,80.5,98.19,0.0,0.0,0.0,0.06,0.03,0.0,0.7,0.18,0.69,0.06,0.46,342.81,69.37,76.37,0.0,0.05,0.01,0.02,0.06,0.09,0.73,0.32,0.59,0.11
0.47,9.81,88.19,179.87,0.0,0.0,0.0,0.11,0.06,0.08,0.69,0.06,0.72,0.06,0.47,356.25,87.94,179.81,0.0,0.0,0.0,0.28,0.02,0.0,0.69,0.03,0.72,0.02,0.47,10.13,80.5,98.19,0.0,0.0,0.0,0.06,0.04,0.0,0.7,0.18,0.69,0.06,0.47,342.81,69.37,76.25,0.0,0.05,0.0,0.01,0.02,0.01,0.73,0.32,0.59,0.11
0.48,9.81,88.19,179.87,0.0,0.0,0.0,0.09,0.05,0.07,0.69,0.06,0.72,0.06,0.48,356.25,87.94,179.81,0.0,0.0,0.0,0.29,0.02,0.0,0.69,0.03,0.72,0.02,0.48,10.13,80.5,98.19,0.0,0.0,0.0,0.06,0.02,0.0,0.7,0.18,0.69,0.06,0.48,342.75,69.37,76.12,0.0,0.04,0.0,0.01,0.03,0.08,0.73,0.32,0.59,0.11
0.51,9.81,88.19,179.87,0.0,0.0,0.0,0.09,0.07,0.09,0.69,0.06,0.72,0.06,0.51,356.25,87.94,179.81,0.0,0.0,0.0,0.3,0.02,0.0,0.69,0.03,0.72,0.02,0.51,10.13,80.5,98.19,0.0,0.0,0.0,0.05,0.03,0.0,0.7,0.18,0.69,0.06,0.51,342.81,69.31,75.56,0.07,0.07,0.01,0.06,0.03,0.04,0.73,0.32,0.59,0.11
0.53,9.81,88.19,179.87,0.0,0.0,0.0,0.11,0.03,0.08,0.69,0.06,0.72,0.06,0.53,356.25,87.94,179.81,0.0,0.0,0.0,0.3,0.03,0.0,0.69,0.03,0.72,0.02,0.53,10.13,80.5,98.19,0.0,0.0,0.0,0.05,0.02,0.0,0.7,0.18,0.69,0.06,0.53,342.87,69.25,75.12,0.03,0.06,0.02,0.03,0.02,0.04,0.73,0.32,0.59,0.11
0.54,9.81,88.19,179.87,0.0,0.0,0.0,0.09,0.03,0.08,0.69,0.06,0.72,0.06,0.54,356.25,87.94,179.81,0.0,0.0,0.0,0.29,0.01,0.0,0.69,0.03,0.72,0.02,0.54,10.13,80.5,98.19,0.0,0.0,0.0,0.04,0.02,0.03,0.7,0.18,0.69,0.06,0.54,342.94,69.19,74.94,0.04,0.06,0.02,0.02,0.04,0.02,0.73,0.32,0.59,0.11
0.55,9.81,88.19,179.87,0.0,0.0,0.0,0.1,0.04,0.08,0.69,0.06,0.72,0.06,0.55,356.25,87.94,179.81,0.0,0.0,0.0,0.3,0.01,0.01,0.69,0.03,0.72,0.02,0.55,10.13,80.5,98.19,0.0,0.0,0.0,0.05,0.03,0.0,0.7,0.18,0.69,0.06,0.55,343.0,69.19,74.75,0.06,0.05,0.02,0.04,0.12,0.12,0.73,0.32,0.59,0.11
0.56,9.81,88.19,179.87,0.0,0.0,0.0,0.1,0.05,0.07,0.69,0.06,0.72,0.06,0.56,356.25,87.94,179.81,0.0,0.0,0.0,0.3,0.02,0.0,0.69,0.03,0.72,0.02,0.56,10.13,80.5,98.19,0.0,0.0,0.0,0.03,0.01,0.0,0.7,0.18,0.69,0.06,0.56,343.0,69.19,74.69,0.03,0.04,0.01,0.03,0.09,0.26,0.73,0.32,0.59,0.11
0.57,9.81,88.19,179.87,0.0,0.0,0.0,0.07,0.06,0.09,0.69,0.06,0.72,0.06,0.57,356.25,87.94,179.81,0.0,0.0,0.0,0.29,0.03,0.01,0.69,0.03,0.72,0.02,0.57,10.13,80.5,98.19,0.0,0.0,0.0,0.04,0.03,0.02,0.7,0.18,0.69,0.06,0.57,343.0,69.12,74.56,0.02,0.01,0.0,0.07,0.02,0.03,0.73,0.32,0.59,0.11
0.59,9.81,88.19,179.87,0.0,0.0,0.0,0.11,0.07,0.07,0.69,0.06,0.72,0.06,0.59,356.25,87.94,179.81,0.0,0.0,0.0,0.3,0.03,0.01,0.69,0.03,0.72,0.02,0.59,10.13,80.5,98.19,0.0,0.0,0.0,0.03,0.04,0.01,0.7,0.18,0.69,0.06,0.59,343.0,69.12,74.62,0.01,0.01,0.01,0.02,0.03,0.16,0.73,0.32,0.59,0.11
0.61,9.81,88.19,179.87,0.0,0.0,0.0,0.1,0.04,0.06,0.69,0.06,0.72,0.06,0.61,356.25,87.94,179.81,0.0,0.0,0.0,0.3,0.03,0.02,0.69,0.03,0.72,0.02,0.61,10.13,80.5,98.19,0.0,0.0,0.0,0.04,0.05,0.0,0.7,0.18,0.69,0.06,0.61,343.0,69.19,74.62,0.03,0.02,0.02,0.0,0.06,0.04,0.73,0.32,0.59,0.11
0.62,9.81,88.19,179.87,0.0,0.0,0.0,0.1,0.07,0.08,0.69,0.06,0.72,0.06,0.62,356.25,87.94,179.81,0.0,0.0,0.0,0.3,0.02,0.02,0.69,0.03,0.72,0.02,0.62,10.13,80.5,98.19,0.0,0.0,0.0,0.06,0.03,0.0,0.7,0.18,0.69,0.06,0.62,342.94,69.19,74.69,0.01,0.0,0.0,0.0,0.0,0.09,0.73,0.32,0.59,0.11
0.64,9.81,88.19,179.87,0.0,0.0,0.0,0.1,0.04,0.09,0.69,0.06,0.72,0.06,0.64,356.25,87.94,179.81,0.0,0.0,0.0,0.3,0.02,0.0,0.69,0.03,0.72,0.02,0.64,10.13,80.5,98.19,0.0,0.0,0.0,0.05,0.01,0.01,0.7,0.18,0.69,0.06,0.64,342.94,69.19,74.75,0.01,0.01,0.0,0.09,0.01,0.09,0.73,0.32,0.59,0.11
0.65,9.81,88.19,179.87,0.0,0.0,0.0,0.1,0.05,0.1,0.69,0.06,0.72,0.06,0.65,356.25,87.94,179.81,0.0,0.0,0.0,0.31,0.02,0.01,0.69,0.03,0.72,0.02,0.65,10.13,80.5,98.19,0.0,0.0,0.0,0.05,0.03,0.02,0.7,0.18,0.69,0.06,0.65,342.94,69.19,74.81,0.04,0.02,0.0,0.01,0.02,0.03,0.73,0.32,0.59,0.11
0.68,9.81,88.19,179.87,0.0,0.0,0.0,0.09,0.06,0.08,0.69,0.06,0.72,0.06,0.68,356.25,87.94,179.81,0.0,0.0,0.0,0.29,0.03,0.0,0.69,0.03,0.72,0.02,0.68,10.13,80.5,98.19,0.0,0.0,0.0,0.03,0.02,0.01,0.7,0.18,0.69,0.06,0.68,342.87,69.19,75.06,0.0,0.01,0.01,0.04,0.05,0.02,0.73,0.32,0.59,0.11
0.69,9.81,88.19,179.87,0.0,0.0,0.0,0.09,0.06,0.08,0.69,0.06,0.72,0.06,0.69,356.25,87.94,179.81,0.0,0.0,0.0,0.29,0.03,0.01,0.69,0.03,0.72,0.02,0.69,10.13,80.5,98.19,0.0,0.0,0.0,0.06,0.03,0.0,0.7,0.18,0.69,0.06,0.69,342.87,69.19,75.06,0.0,0.01,0.03,0.04,0.06,0.18,0.73,0.32,0.59,0.11
0.7,9.81,88.19,179.87,0.0,0.0,0.0,0.11,0.08,0.07,0.69,0.06,0.72,0.06,0.7,356.25,87.94,179.81,0.0,0.0,0.0,0.28,0.02,0.0,0.69,0.03,0.72,0.02,0.7,10.13,80.5,98.19,0.0,0.0,0.0,0.04,0.03,0.01,0.7,0.18,0.69,0.06,0.7,342.94,69.19,75.0,0.02,0.02,0.02,0.0,0.04,0.22,0.73,0.32,0.59,0.11
0.71,9.81,88.19,179.87,0.0,0.0,0.0,0.09,0.04,0.06,0.69,0.06,0.72,0.06,0.71,356.25,87.94,179.81,0.0,0.0,0.0,0.3,0.01,0.01,0.69,0.03,0.72,0.02,0.71,10.13,80.5,98.19,0.0,0.0,0.0,0.04,0.01,0.02,0.7,0.18,0.69,0.06,0.71,342.87,69.12,74.94,0.04,0.04,0.02,0.14,0.06,0.19,0.73,0.32,0.59,0.11
0.74,9.81,88.19,179.87,0.0,0.0,0.0,0.09,0.05,0.06,0.69,0.06,0.72,0.06,0.74,356.25,87.94,179.81,0.0,0.0,0.0,0.3,0.02,0.01,0.69,0.03,0.72,0.02,0.74,10.13,80.5,98.19,0.0,0.0,0.0,0.04,0.02,0.01,0.7,0.18,0.69,0.06,0.74,342.87,69.0,74.5,0.0,0.1,0.04,0.03,0.15,0.36,0.73,0.32,0.59,0.11
0.77,9.81,88.19,179.87,0.0,0.0,0.0,0.11,0.05,0.1,0.69,0.06,0.72,0.06,0.77,356.25,87.94,179.81,0.0,0.0,0.0,0.29,0.03,0.0,0.69,0.03,0.72,0.02,0.77,10.13,80.5,98.19,0.0,0.0,0.0,0.05,0.01,0.01,0.7,0.18,0.69,0.06,0.77,343.0,68.5,72.94,0.03,0.26,0.13,0.16,0.27,0.58,0.74,0.33,0.58,0.11
0.78,9.81,88.19,179.87,0.0,0.0,0.0,0.1,0.05,0.08,0.69,0.06,0.72,0.06,0.78,356.25,87.94,179.81,0.0,0.0,0.0,0.3,0.02,0.01,0.69,0.03,0.72,0.02,0.78,10.13,80.5,98.19,0.0,0.0,0.0,0.04,0.03,0.02,0.7,0.18,0.69,0.06,0.78,343.06,68.19,72.31,0.0,0.33,0.18,0.15,0.36,0.59,0.74,0.33,0.58,0.11
0.79,9.81,88.19,179.87,0.0,0.0,0.0,0.11,0.05,0.09,0.69,0.06,0.72,0.06,0.79,356.25,87.94,179.81,0.0,0.0,0.0,0.3,0.02,0.0,0.69,0.03,0.72,0.02,0.79,10.13,80.5,98.19,0.0,0.0,0.0,0.05,0.01,0.01,0.7,0.18,0.69,0.06,0.79,343.19,67.81,71.44,0.06,0.45,0.26,0.3,0.41,0.67,0.74,0.33,0.58,0.11
0.8,9.81,88.19,179.87,0.0,0.0,0.0,0.1,0.06,0.09,0.69,0.06,0.72,0.06,0.8,356.25,87.94,179.81,0.0,0.0,0.0,0.3,0.03,0.01,0.69,0.03,0.72,0.02,0.8,10.13,80.5,98.19,0.0,0.0,0.0,0.06,0.04,0.0,0.7,0.18,0.69,0.06,0.8,343.37,67.37,70.37,0.08,0.5,0.28,0.48,0.38,0.82,0.74,0.33,0.57,0.11
0.81,9.81,88.19,179.87,0.0,0.0,0.0,0.1,0.04,0.07,0.69,0.06,0.72,0.06,0.81,356.25,87.94,179.81,0.0,0.0,0.0,0.31,0.01,0.01,0.69,0.03,0.72,0.02,0.81,10.13,80.5,98.19,0.0,0.0,0.0,0.03,0.04,0.0,0.7,0.18,0.69,0.06,0.81,343.63,66.81,69.19,0.08,0.59,0.35,0.58,0.49,0.99,0.75,0.33,0.57,0.11
0.83,9.81,88.19,179.87,0.0,0.0,0.0,0.11,0.05,0.05,0.69,0.06,0.72,0.06,0.83,356.25,87.94,179.81,0.0,0.0,0.0,0.3,0.02,0.0,0.69,0.03,0.72,0.02,0.83,10.13,80.5,98.19,0.0,0.0,0.0,0.05,0.03,0.0,0.7,0.18,0.69,0.06,0.83,344.25,65.19,66.25,0.09,0.93,0.58,0.37,0.57,0.85,0.76,0.33,0.55,0.1
0.84,9.81,88.19,179.87,0.0,0.0,0.0,0.11,0.05,0.06,0.69,0.06,0.72,0.06,0.84,356.25,87.94,179.81,0.0,0.0,0.0,0.29,0.03,0.01,0.69,0.03,0.72,0.02,0.84,10.13,80.5,98.19,0.0,0.01,0.0,0.03,0.03,0.0,0.7,0.18,0.69,0.06,0.84,344.69,64.0,64.56,0.15,1.04,0.67,0.24,0.48,0.96,0.76,0.33,0.54,0.1
0.87,9.81,88.19,179.87,0.0,0.0,0.0,0.11,0.07,0.08,0.69,0.06,0.72,0.06,0.87,356.25,87.94,179.81,0.0,0.0,0.0,0.3,0.03,0.0,0.69,0.03,0.72,0.02,0.87,10.13,80.5,98.19,0.0,0.0,0.0,0.07,0.01,0.02,0.7,0.18,0.69,0.06,0.87,346.19,59.88,59.5,0.16,1.34,0.83,0.59,0.3,0.88,0.79,0.34,0.51,0.1
0.88,9.81,88.19,179.87,0.0,0.0,0.0,0.08,0.05,0.08,0.69,0.06,0.72,0.06,0.88,356.25,87.94,179.81,0.0,0.0,0.0,0.3,0.03,0.0,0.69,0.03,0.72,0.02,0.88,10.13,80.5,98.19,0.0,0.0,0.0,0.06,0.02,0.0,0.7,0.18,0.69,0.06,0.88,346.56,58.25,58.0,0.12,1.49,0.89,0.75,0.55,0.63,0.79,0.34,0.5,0.09
0.89,9.81,88.19,179.87,0.0,0.0,0.0,0.11,0.06,0.1,0.69,0.06,0.72,0.06,0.89,356.25,87.94,179.81,0.0,0.0,0.0,0.3,0.02,0.01,0.69,0.03,0.72,0.02,0.89,10.13,80.5,98.19,0.0,0.0,0.0,0.03,0.03,0.01,0.7,0.18,0.69,0.06,0.89,347.06,56.5,56.5,0.13,1.59,0.94,0.67,0.49,0.41,0.8,0.34,0.48,0.09
0.9,9.81,88.19,179.87,0.0,0.0,0.0,0.1,0.04,0.07,0.69,0.06,0.72,0.06,0.9,356.25,87.94,179.81,0.0,0.0,0.0,0.3,0.01,0.01,0.69,0.03,0.72,0.02,0.9,10.13,80.5,98.19,0.0,0.0,0.0,0.05,0.02,0.01,0.7,0.18,0.69,0.06,0.9,347.5,54.63,55.06,0.14,1.63,0.97,0.64,0.33,0.39,0.81,0.34,0.47,0.09
0.91,9.81,88.19,179.87,0.0,0.0,0.0,0.1,0.04,0.09,0.69,0.06,0.72,0.06,0.91,356.25,87.94,179.81,0.0,0.0,0.0,0.31,0.01,0.0,0.69,0.03,0.72,0.02,0.91,10.13,80.5,98.19,0.0,0.0,0.0,0.05,0.03,0.0,0.7,0.18,0.69,0.06,0.91,348.06,52.62,53.75,0.09,1.71,1.05,0.65,0.34,0.48,0.82,0.35,0.45,0.09
0.92,9.81,88.19,179.87,0.0,0.0,0.0,0.11,0.04,0.06,0.69,0.06,0.72,0.06,0.92,356.25,87.94,179.81,0.0,0.0,0.0,0.29,0.02,0.0,0.69,0.03,0.72,0.02,0.92,10.13,80.5,98.19,0.0,0.0,0.0,0.05,0.01,0.0,0.7,0.18,0.69,0.06,0.92,348.56,50.56,52.62,0.06,1.74,1.08,0.67,0.33,0.21,0.83,0.35,0.43,0.08
0.94,9.81,88.19,179.87,0.0,0.0,0.0,0.11,0.03,0.1,0.69,0.06,0.72,0.06,0.94,356.25,87.94,179.81,0.0,0.0,0.0,0.29,0.01,0.02,0.69,0.03,0.72,0.02,0.94,10.13,80.5,98.19,0.0,0.0,0.0,0.05,0.01,0.02,0.7,0.18,0.69,0.06,0.94,349.56,46.13,50.88,0.02,1.81,1.14,0.75,0.42,0.33,0.84,0.35,0.4,0.08
0.95,9.81,88.19,179.87,0.0,0.0,0.0,0.1,0.06,0.06,0.69,0.06,0.72,0.06,0.95,356.25,87.94,179.81,0.0,0.0,0.0,0.29,0.01,0.0,0.69,0.03,0.72,0.02,0.95,10.13,80.5,98.19,0.0,0.01,0.0,0.04,0.01,0.0,0.7,0.18,0.69,0.06,0.95,349.94,43.87,50.12,0.03,1.84,1.14,0.85,0.6,0.32,0.85,0.36,0.38,0.07
0.96,9.81,88.19,179.87,0.0,0.0,0.0,0.11,0.04,0.08,0.69,0.06,0.72,0.06,0.96,356.25,87.94,179.81,0.0,0.0,0.0,0.3,0.01,0.01,0.69,0.03,0.72,0.02,0.96,10.13,80.5,98.19,0.0,0.0,0.0,0.04,0.03,0.03,0.7,0.18,0.69,0.06,0.96,350.44,41.5,49.38,0.06,1.95,1.2,0.73,0.43,0.01,0.86,0.36,0.36,0.07
0.97,9.81,88.19,179.87,0.0,0.0,0.0,0.09,0.04,0.09,0.69,0.06,0.72,0.06,0.97,356.25,87.94,179.81,0.0,0.0,0.0,0.3,0.02,0.0,0.69,0.03,0.72,0.02,0.97,10.13,80.5,98.19,0.0,0.0,0.0,0.05,0.04,0.01,0.7,0.18,0.69,0.06,0.97,351.0,39.06,48.63,0.06,1.94,1.22,0.82,0.29,0.33,0.87,0.36,0.34,0.07
0.98,9.81,88.19,179.87,0.0,0.0,0.0,0.11,0.06,0.07,0.69,0.06,0.72,0.06,0.98,356.25,87.94,179.81,0.0,0.0,0.0,0.29,0.02,0.0,0.69,0.03,0.72,0.02,0.98,10.13,80.5,98.19,0.0,0.0,0.0,0.05,0.04,0.0,0.7,0.18,0.69,0.06,0.98,351.37,36.63,48.0,0.08,1.99,1.21,0.87,0.12,0.18,0.87,0.36,0.31,0.07
1.0,9.81,88.19,179.87,0.0,0.0,0.0,0.08,0.02,0.06,0.69,0.06,0.72,0.06,1.0,356.25,87.94,179.81,0.0,0.0,0.0,0.3,0.01,0.02,0.69,0.03,0.72,0.02,1.0,10.13,80.5,98.19,0.0,0.0,0.0,0.03,0.0,0.0,0.7,0.18,0.69,0.06,1.0,352.19,31.5,46.88,0.05,2.11,1.23,0.93,0.22,0.32,0.89,0.37,0.27,0.06
1.02,9.81,88.19,179.87,0.0,0.0,0.0,0.11,0.04,0.09,0.69,0.06,0.72,0.06,1.02,356.25,87.94,179.81,0.0,0.0,0.0,0.3,0.03,0.02,0.69,0.03,0.72,0.02,1.02,10.13,80.5,98.19,0.0,0.0,0.0,0.05,0.05,0.0,0.7,0.18,0.69,0.06,1.02,353.06,26.12,46.25,0.09,2.19,1.3,0.68,0.15,0.01,0.9,0.37,0.22,0.05
1.04,9.81,88.19,179.87,0.0,0.0,0.0,0.11,0.07,0.09,0.69,0.06,0.72,0.06,1.04,356.25,87.94,179.81,0.0,0.0,0.0,0.31,0.02,0.01,0.69,0.03,0.72,0.02,1.04,10.13,80.5,98.19,0.0,0.0,0.0,0.03,0.01,0.01,0.7,0.18,0.69,0.06,1.04,353.62,20.81,45.38,0.18,2.17,1.22,1.14,0.35,0.11,0.91,0.38,0.17,0.05
1.05,9.81,88.19,179.87,0.0,0.0,0.0,0.09,0.06,0.1,0.69,0.06,0.72,0.06,1.05,356.25,87.94,179.81,0.0,0.0,0.0,0.3,0.01,0.01,0.69,0.03,0.72,0.02,1.05,10.13,80.5,98.19,0.0,0.0,0.0,0.04,0.05,0.0,0.7,0.18,0.69,0.06,1.05,353.94,18.12,44.94,0.19,2.17,1.28,1.24,0.11,0.19,0.91,0.38,0.15,0.05
1.06,9.81,88.19,179.87,0.0,0.0,0.0,0.11,0.03,0.08,0.69,0.06,0.72,0.06,1.06,356.25,87.94,179.81,0.0,0.0,0.0,0.31,0.02,0.0,0.69,0.03,0.72,0.02,1.06,10.13,80.5,98.19,0.0,0.0,0.0,0.04,0.0,0.0,0.7,0.18,0.69,0.06,1.06,354.44,15.38,44.5,0.2,2.22,1.34,1.19,0.29,0.15,0.92,0.37,0.13,0.04
1.08,9.81,88.19,179.87,0.0,0.0,0.0,0.11,0.05,0.08,0.69,0.06,0.72,0.06,1.08,356.25,87.94,179.81,0.0,0.0,0.0,0.29,0.02,0.02,0.69,0.03,0.72,0.02,1.08,10.13,80.5,98.19,0.0,0.0,0.0,0.05,0.02,0.02,0.7,0.18,0.69,0.06,1.08,355.5,9.69,43.81,0.17,2.2,1.37,0.89,0.04,0.31,0.92,0.37,0.08,0.04
1.09,9.81,88.19,179.87,0.0,0.0,0.0,0.08,0.03,0.08,0.69,0.06,0.72,0.06,1.09,356.25,87.94,179.81,0.0,0.0,0.0,0.3,0.02,0.0,0.69,0.03,0.72,0.02,1.09,10.13,80.5,98.19,0.0,0.0,0.0,0.05,0.04,0.0,0.7,0.18,0.69,0.06,1.09,356.13,6.94,43.5,0.23,2.14,1.41,0.9,0.02,0.39,0.93,0.37,0.05,0.03
1.1,9.81,88.19,179.87,0.0,0.0,0.0,0.11,0.06,0.06,0.69,0.06,0.72,0.06,1.1,356.25,87.94,179.81,0.0,0.0,0.0,0.29,0.02,0.0,0.69,0.03,0.72,0.02,1.1,10.13,80.5,98.19,0.0,0.0,0.0,0.05,0.02,0.01,0.7,0.18,0.69,0.06,1.1,356.75,4.12,43.13,0.34,2.1,1.41,0.9,0.17,0.52,0.93,0.37,0.03,0.03
1.16,9.81,88.19,179.87,0.0,0.0,0.0,0.11,0.05,0.07,0.69,0.06,0.72,0.06,1.16,356.25,87.94,179.81,0.0,0.0,0.0,0.3,0.01,0.01,0.69,0.03,0.72,0.02,1.16,10.13,80.5,98.19,0.0,0.0,0.0,0.06,0.0,0.01,0.7,0.18,0.69,0.06,1.16,0.25,11.44,40.38,0.35,1.83,1.26,0.63,0.67,0.32,0.93,0.34,0.11,0.0
1.17,9.81,88.19,179.87,0.0,0.0,0.0,0.09,0.04,0.08,0.69,0.06,0.72,0.06,1.17,356.25,87.94,179.81,0.0,0.0,0.0,0.33,0.03,0.0,0.69,0.03,0.72,0.02,1.17,10.13,80.5,98.19,0.0,0.0,0.0,0.06,0.03,0.0,0.7,0.18,0.69,0.06,1.17,0.88,13.88,40.12,0.29,1.81,1.27,0.94,0.32,0.13,0.93,0.34,0.13,0.01
1.18,9.81,88.19,179.87,0.0,0.0,0.0,0.09,0.04,0.06,0.69,0.06,0.72,0.06,1.18,356.25,87.94,179.81,0.0,0.0,0.0,0.3,0.01,0.0,0.69,0.03,0.72,0.02,1.18,10.13,80.5,98.19,0.0,0.0,0.0,0.05,0.03,0.01,0.7,0.18,0.69,0.06,1.18,1.19,15.13,39.94,0.29,1.73,1.25,0.83,0.53,0.15,0.93,0.33,0.15,0.01
1.19,9.81,88.19,179.87,0.0,0.0,0.0,0.09,0.04,0.09,0.69,0.06,0.72,0.06,1.19,356.25,87.94,179.81,0.0,0.0,0.0,0.29,0.01,0.03,0.69,0.03,0.72,0.02,1.19,10.13,80.5,98.19,0.0,0.0,0.0,0.06,0.05,0.02,0.7,0.18,0.69,0.06,1.19,2.12,18.56,39.5,0.34,1.7,1.19,0.77,0.73,0.57,0.93,0.33,0.17,0.02
1.2,9.81,88.19,179.87,0.0,0.0,0.0,0.1,0.04,0.06,0.69,0.06,0.72,0.06,1.2,356.25,87.94,179.81,0.0,0.0,0.0,0.28,0.02,0.0,0.69,0.03,0.72,0.02,1.2,10.13,80.5,98.19,0.0,0.0,0.0,0.06,0.02,0.0,0.7,0.18,0.69,0.06,1.2,2.44,19.69,39.31,0.3,1.58,1.14,0.34,1.16,1.02,0.93,0.32,0.18,0.02
1.21,9.81,88.19,179.87,0.0,0.0,0.0,0.11,0.04,0.07,0.69,0.06,0.72,0.06,1.21,356.25,87.94,179.81,0.0,0.0,0.0,0.3,0.02,0.0,0.69,0.03,0.72,0.02,1.21,10.13,80.5,98.19,0.0,0.0,0.0,0.04,0.03,0.0,0.7,0.18,0.69,0.06,1.21,3.0,21.81,39.06,0.18,1.46,1.06,0.29,0.97,0.43,0.93,0.32,0.2,0.03
1.22,9.81,88.19,179.87,0.0,0.0,0.0,0.1,0.05,0.08,0.69,0.06,0.72,0.06,1.22,356.25,87.94,179.81,0.0,0.0,0.0,0.3,0.01,0.03,0.69,0.03,0.72,0.02,1.22,10.13,80.5,98.19,0.0,0.0,0.0,0.06,0.04,0.01,0.7,0.18,0.69,0.06,1.22,3.62,23.81,38.94,0.06,1.43,1.04,0.53,0.48,0.47,0.92,0.32,0.22,0.03
1.23,9.81,88.19,179.87,0.0,0.01,0.0,0.11,0.04,0.06,0.69,0.06,0.72,0.06,1.23,356.25,87.94,179.81,0.0,0.0,0.0,0.31,0.02,0.0,0.69,0.03,0.72,0.02,1.23,10.13,80.5,98.19,0.0,0.0,0.0,0.04,0.03,0.02,0.7,0.18,0.69,0.06,1.23,4.12,25.75,39.0,0.01,1.35,1.04,0.74,0.31,0.03,0.92,0.32,0.22,0.03
1.24,9.81,88.19,179.87,0.0,0.0,0.0,0.1,0.04,0.09,0.69,0.06,0.72,0.06,1.24,356.25,87.94,179.81,0.0,0.0,0.0,0.29,0.03,0.01,0.69,0.03,0.72,0.02,1.24,10.13,80.5,98.19,0.0,0.0,0.0,0.06,0.02,0.01,0.7,0.18,0.69,0.06,1.24,4.81,27.62,39.0,0.08,1.27,0.99,0.61,0.66,0.99,0.92,0.31,0.24,0.04
1.25,9.81,88.19,179.87,0.0,0.0,0.0,0.09,0.03,0.06,0.69,0.06,0.72,0.06,1.25,356.25,87.94,179.81,0.0,0.0,0.0,0.29,0.01,0.0,0.69,0.03,0.72,0.02,1.25,10.13,80.5,98.19,0.0,0.0,0.0,0.05,0.04,0.01,0.7,0.18,0.69,0.06,1.25,5.37,29.37,38.88,0.16,1.19,0.93,0.08,1.14,0.73,0.91,0.31,0.25,0.04
1.26,9.81,88.19,179.87,0.0,0.0,0.0,0.11,0.03,0.06,0.69,0.06,0.72,0.06,1.26,356.25,87.94,179.81,0.0,0.0,0.0,0.31,0.01,0.01,0.69,0.03,0.72,0.02,1.26,10.13,80.5,98.19,0.0,0.0,0.0,0.04,0.02,0.01,0.7,0.18,0.69,0.06,1.26,5.56,30.88,38.63,0.21,1.05,0.81,0.35,0.49,0.92,0.91,0.31,0.27,0.04
1.27,9.81,88.19,179.87,0.0,0.0,0.0,0.1,0.06,0.07,0.69,0.06,0.72,0.06,1.27,356.25,87.94,179.81,0.0,0.0,0.0,0.3,0.02,0.0,0.69,0.03,0.72,0.02,1.27,10.13,80.5,98.19,0.0,0.0,0.0,0.05,0.02,0.0,0.7,0.18,0.69,0.06,1.27,6.06,32.31,38.5,0.06,1.16,0.87,1.21,0.21,0.97,0.91,0.3,0.28,0.05
1.28,9.81,88.19,179.87,0.0,0.0,0.0,0.1,0.05,0.08,0.69,0.06,0.72,0.06,1.28,356.25,87.94,179.81,0.0,0.0,0.0,0.28,0.02,0.01,0.69,0.03,0.72,0.02,1.28,10.13,80.5,98.19,0.0,0.0,0.0,0.05,0.05,0.01,0.7,0.18,0.69,0.06,1.28,6.62,34.0,38.69,0.15,1.19,0.91,1.29,0.17,0.49,0.91,0.3,0.29,0.05
1.29,9.81,88.19,179.87,0.0,0.0,0.0,0.1,0.06,0.09,0.69,0.06,0.72,0.06,1.29,356.25,87.94,179.81,0.0,0.0,0.0,0.31,0.03,0.0,0.69,0.03,0.72,0.02,1.29,10.13,80.5,98.19,0.0,0.0,0.0,0.05,0.04,0.0,0.7,0.18,0.69,0.06,1.29,7.25,35.63,38.75,0.01,1.14,0.91,0.39,1.79,2.2,0.9,0.3,0.3,0.06
1.31,9.81,88.19,179.87,0.0,0.0,0.0,0.1,0.05,0.07,0.69,0.06,0.72,0.06,1.31,356.25,87.94,179.81,0.0,0.0,0.0,0.3,0.02,0.0,0.69,0.03,0.72,0.02,1.31,10.13,80.5,98.19,0.0,0.0,0.0,0.06,0.03,0.0,0.7,0.18,0.69,0.06,1.31,8.06,38.0,38.13,0.14,0.59,0.65,0.48,2.01,0.83,0.9,0.29,0.32,0.06
1.32,9.81,88.19,179.87,0.0,0.0,0.0,0.09,0.04,0.1,0.69,0.06,0.72,0.06,1.32,356.25,87.94,179.81,0.0,0.0,0.0,0.3,0.0,0.01,0.69,0.03,0.72,0.02,1.32,10.13,80.5,98.19,0.0,0.0,0.0,0.07,0.02,0.02,0.7,0.18,0.69,0.06,1.32,8.56,38.81,38.19,0.19,0.47,0.51,0.09,0.75,0.07,0.9,0.29,0.33,0.07
1.34,9.81,88.19,179.87,0.0,0.0,0.0,0.08,0.06,0.07,0.69,0.06,0.72,0.06,1.34,356.25,87.94,179.81,0.0,0.0,0.0,0.31,0.01,0.02,0.69,0.03,0.72,0.02,1.34,10.13,80.5,98.19,0.0,0.0,0.0,0.06,0.01,0.0,0.7,0.18,0.69,0.06,1.34,9.25,40.06,38.69,0.09,0.25,0.32,0.26,0.99,0.87,0.89,0.3,0.34,0.07
1.35,9.81,88.19,179.87,0.0,0.0,0.0,0.11,0.07,0.08,0.69,0.06,0.72,0.06,1.35,356.25,87.94,179.81,0.0,0.0,0.0,0.31,0.02,0.01,0.69,0.03,0.72,0.02,1.35,10.13,80.5,98.19,0.0,0.0,0.0,0.04,0.03,0.01,0.7,0.18,0.69,0.06,1.35,9.56,40.5,38.63,0.05,0.17,0.25,0.15,1.18,0.68,0.89,0.3,0.34,0.07
1.36,9.81,88.19,179.87,0.0,0.0,0.0,0.1,0.06,0.07,0.69,0.06,0.72,0.06,1.36,356.25,87.94,179.81,0.0,0.0,0.0,0.3,0.03,0.0,0.69,0.03,0.72,0.02,1.36,10.13,80.5,98.19,0.0,0.0,0.0,0.05,0.04,0.01,0.7,0.18,0.69,0.06,1.36,9.63,40.69,38.44,0.06,0.07,0.14,0.19,1.22,0.3,0.89,0.29,0.34,0.08
1.37,9.81,88.19,179.87,0.0,0.0,0.0,0.1,0.04,0.06,0.69,0.06,0.72,0.06,1.37,356.25,87.94,179.81,0.0,0.0,0.0,0.28,0.02,0.0,0.69,0.03,0.72,0.02,1.37,10.13,80.5,98.19,0.0,0.01,0.0,0.04,0.03,0.0,0.7,0.18,0.69,0.06,1.37,9.75,40.75,38.56,0.22,0.01,0.0,0.1,0.55,0.33,0.89,0.29,0.34,0.08
1.38,9.81,88.19,179.87,0.0,0.0,0.0,0.09,0.02,0.06,0.69,0.06,0.72,0.06,1.38,356.25,87.94,179.81,0.0,0.0,0.0,0.3,0.01,0.01,0.69,0.03,0.72,0.02,1.38,10.13,80.5,98.19,0.0,0.0,0.0,0.04,0.02,0.0,0.7,0.18,0.69,0.06,1.38,9.81,40.75,38.81,0.21,0.01,0.02,0.26,0.17,0.51,0.89,0.3,0.34,0.08
1.4,9.81,88.19,179.87,0.0,0.0,0.0,0.1,0.06,0.09,0.69,0.06,0.72,0.06,1.4,356.25,87.94,179.81,0.0,0.0,0.0,0.3,0.02,0.01,0.69,0.03,0.72,0.02,1.4,10.13,80.5,98.19,0.0,0.0,0.0,0.04,0.04,0.0,0.7,0.18,0.69,0.06,1.4,9.81,40.69,39.06,0.01,0.01,0.03,0.18,0.38,0.37,0.89,0.3,0.34,0.08
1.41,9.81,88.19,179.87,0.0,0.0,0.0,0.11,0.05,0.1,0.69,0.06,0.72,0.06,1.41,356.25,87.94,179.81,0.0,0.0,0.0,0.3,0.02,0.02,0.69,0.03,0.72,0.02,1.41,10.13,80.5,98.19,0.0,0.0,0.0,0.02,0.04,0.01,0.7,0.18,0.69,0.06,1.41,9.88,40.69,39.06,0.01,0.0,0.04,0.21,0.29,0.27,0.89,0.3,0.34,0.08
1.43,9.81,88.19,179.87,0.0,0.0,0.0,0.09,0.04,0.07,0.69,0.06,0.72,0.06,1.43,356.25,87.94,179.81,0.0,0.0,0.0,0.29,0.01,0.0,0.69,0.03,0.72,0.02,1.43,10.13,80.5,98.19,0.0,0.0,0.0,0.05,0.02,0.0,0.7,0.18,0.69,0.06,1.43,9.81,40.56,38.88,0.02,0.07,0.03,0.02,0.62,0.13,0.89,0.3,0.34,0.08
1.44,9.81,88.19,179.87,0.0,0.0,0.0,0.09,0.05,0.09,0.69,0.06,0.72,0.06,1.44,356.25,87.94,179.81,0.0,0.0,0.0,0.29,0.02,0.0,0.69,0.03,0.72,0.02,1.44,10.13,80.5,98.19,0.0,0.0,0.0,0.06,0.05,0.01,0.7,0.18,0.69,0.06,1.44,9.88,40.5,38.75,0.02,0.07,0.05,0.04,0.28,0.5,0.89,0.3,0.34,0.08
1.47,9.81,88.19,179.87,0.0,0.0,0.0,0.08,0.06,0.06,0.69,0.06,0.72,0.06,1.47,356.25,87.94,179.81,0.0,0.0,0.0,0.3,0.02,0.0,0.69,0.03,0.72,0.02,1.47,10.13,80.5,98.19,0.0,0.0,0.0,0.04,0.03,0.0,0.7,0.18,0.69,0.06,1.47,9.88,40.31,38.75,0.08,0.05,0.0,0.18,0.32,0.32,0.89,0.3,0.34,0.08
1.48,9.81,88.19,179.87,0.0,0.0,0.0,0.08,0.05,0.08,0.69,0.06,0.72,0.06,1.48,356.25,87.94,179.81,0.0,0.0,0.0,0.3,0.02,0.0,0.69,0.03,0.72,0.02,1.48,10.13,80.5,98.19,0.0,0.0,0.0,0.05,0.03,0.02,0.7,0.18,0.69,0.06,1.48,9.88,40.25,38.63,0.03,0.04,0.0,0.16,0.35,0.4,0.89,0.3,0.34,0.08
1.49,9.81,88.19,179.87,0.0,0.0,0.0,0.09,0.07,0.1,0.69,0.06,0.72,0.06,1.49,356.25,87.94,179.81,0.0,0.0,0.0,0.3,0.03,0.01,0.69,0.03,0.72,0.02,1.49,10.13,80.5,98.19,0.0,0.0,0.0,0.05,0.02,0.0,0.7,0.18,0.69,0.06,1.49,9.94,40.19,38.5,0.07,0.02,0.01,0.17,0.01,0.29,0.89,0.3,0.34,0.08
1.51,9.81,88.19,179.87,0.0,0.0,0.0,0.1,0.05,0.07,0.69,0.06,0.72,0.06,1.51,356.25,87.94,179.81,0.0,0.0,0.0,0.3,0.03,0.02,0.69,0.03,0.72,0.02,1.51,10.13,80.5,98.19,0.0,0.0,0.0,0.04,0.03,0.01,0.7,0.18,0.69,0.06,1.51,10.06,40.12,38.56,0.0,0.01,0.02,0.11,0.2,0.23,0.89,0.3,0.34,0.08
1.53,9.81,88.19,179.87,0.0,0.0,0.0,0.11,0.04,0.07,0.69,0.06,0.72,0.06,1.53,356.25,87.94,179.81,0.0,0.0,0.0,0.31,0.03,0.0,0.69,0.03,0.72,0.02,1.53,10.13,80.5,98.19,0.0,0.0,0.0,0.04,0.04,0.01,0.7,0.18,0.69,0.06,1.53,10.06,40.19,38.44,0.03,0.01,0.0,0.01,0.48,0.31,0.89,0.3,0.34,0.08
1.54,9.81,88.19,179.87,0.0,0.0,0.0,0.12,0.06,0.09,0.69,0.06,0.72,0.06,1.54,356.25,87.94,179.81,0.0,0.0,0.0,0.31,0.01,0.0,0.69,0.03,0.72,0.02,1.54,10.13,80.5,98.19,0.0,0.0,0.0,0.02,0.0,0.0,0.7,0.18,0.69,0.06,1.54,10.06,40.12,38.5,0.04,0.01,0.04,0.02,0.08,0.11,0.89,0.3,0.34,0.08
1.55,9.81,88.19,179.87,0.0,0.0,0.0,0.1,0.02,0.09,0.69,0.06,0.72,0.06,1.55,356.25,87.94,179.81,0.0,0.0,0.0,0.3,0.02,0.0,0.69,0.03,0.72,0.02,1.55,10.13,80.5,98.19,0.0,0.0,0.0,0.01,0.03,0.0,0.7,0.18,0.69,0.06,1.55,10.06,40.06,38.56,0.05,0.04,0.07,0.1,0.02,0.38,0.89,0.3,0.34,0.08
1.56,9.81,88.19,179.87,0.0,0.0,0.0,0.1,0.04,0.06,0.69,0.06,0.72,0.06,1.56,356.25,87.94,179.81,0.0,0.0,0.0,0.3,0.01,0.01,0.69,0.03,0.72,0.02,1.56,10.13,80.5,98.19,0.0,0.0,0.0,0.01,0.0,0.03,0.7,0.18,0.69,0.06,1.56,10.0,40.0,38.63,0.01,0.04,0.06,0.3,0.09,0.15,0.89,0.3,0.34,0.08
1.59,9.81,88.19,179.87,0.0,0.0,0.0,0.1,0.06,0.06,0.69,0.06,0.72,0.06,1.59,356.25,87.94,179.81,0.0,0.0,0.0,0.31,0.01,0.0,0.69,0.03,0.72,0.02,1.59,10.13,80.5,98.19,0.0,0.0,0.0,0.05,0.01,0.01,0.7,0.18,0.69,0.06,1.59,9.94,39.69,38.56,0.08,0.03,0.03,0.23,0.17,0.3,0.89,0.3,0.33,0.08
1.6,9.81,88.19,179.87,0.0,0.0,0.0,0.09,0.05,0.07,0.69,0.06,0.72,0.06,1.6,356.25,87.94,179.81,0.0,0.0,0.0,0.27,0.01,0.0,0.69,0.03,0.72,0.02,1.6,10.13,80.5,98.19,0.0,0.0,0.0,0.05,0.04,0.01,0.7,0.18,0.69,0.06,1.6,10.0,39.63,38.56,0.08,0.05,0.03,0.01,0.28,0.32,0.89,0.3,0.33,0.08
1.63,9.81,88.19,179.87,0.0,0.0,0.0,0.1,0.05,0.07,0.69,0.06,0.72,0.06,1.63,356.25,87.94,179.81,0.0,0.0,0.0,0.3,0.02,0.01,0.69,0.03,0.72,0.02,1.63,10.13,80.5,98.19,0.0,0.0,0.0,0.04,0.03,0.03,0.7,0.18,0.69,0.06,1.63,10.06,39.38,38.56,0.07,0.05,0.02,0.08,0.14,0.34,0.89,0.3,0.33,0.08
1.64,9.81,88.19,179.87,0.0,0.0,0.0,0.1,0.06,0.09,0.69,0.06,0.72,0.06,1.64,356.25,87.94,179.81,0.0,0.0,0.0,0.3,0.01,0.0,0.69,0.03,0.72,0.02,1.64,10.13,80.5,98.19,0.0,0.0,0.0,0.07,0.02,0.01,0.7,0.18,0.69,0.06,1.64,10.06,39.25,38.5,0.05,0.06,0.02,0.15,0.31,0.35,0.89,0.3,0.33,0.08
1.66,9.81,88.19,179.87,0.0,0.0,0.0,0.11,0.04,0.07,0.69,0.06,0.72,0.06,1.66,356.25,87.94,179.81,0.0,0.0,0.0,0.3,0.01,0.0,0.69,0.03,0.72,0.02,1.66,10.13,80.5,98.19,0.0,0.0,0.0,0.07,0.02,0.03,0.7,0.18,0.69,0.06,1.66,10.19,39.13,38.56,0.13,0.04,0.0,0.06,0.09,0.17,0.89,0.3,0.33,0.08
1.67,9.81,88.19,179.87,0.0,0.0,0.0,0.11,0.05,0.09,0.69,0.06,0.72,0.06,1.67,356.25,87.94,179.81,0.0,0.0,0.0,0.31,0.02,0.0,0.69,0.03,0.72,0.02,1.67,10.13,80.5,98.19,0.0,0.0,0.0,0.04,0.03,0.0,0.7,0.18,0.69,0.06,1.67,10.25,39.06,38.63,0.11,0.05,0.02,0.09,0.17,0.21,0.89,0.3,0.33,0.08
1.68,9.81,88.19,179.87,0.0,0.0,0.0,0.1,0.05,0.09,0.69,0.06,0.72,0.06,1.68,356.25,87.94,179.81,0.0,0.0,0.0,0.29,0.03,0.0,0.69,0.03,0.72,0.02,1.68,10.13,80.5,98.19,0.0,0.0,0.0,0.05,0.03,0.0,0.7,0.18,0.69,0.06,1.68,10.38,39.06,38.63,0.1,0.06,0.03,0.08,0.16,0.19,0.89,0.3,0.33,0.08
1.69,9.81,88.19,179.87,0.0,0.0,0.0,0.09,0.04,0.1,0.69,0.06,0.72,0.06,1.69,356.25,87.94,179.81,0.0,0.0,0.0,0.3,0.01,0.01,0.69,0.03,0.72,0.02,1.69,10.13,80.5,98.19,0.0,0.0,0.0,0.03,0.03,0.0,0.7,0.18,0.69,0.06,1.69,10.44,39.0,38.69,0.13,0.06,0.04,0.17,0.1,0.28,0.89,0.3,0.33,0.08
1.7,9.81,88.19,179.87,0.0,0.0,0.0,0.11,0.04,0.05,0.69,0.06,0.72,0.06,1.7,356.25,87.94,179.81,0.0,0.0,0.0,0.3,0.02,0.0,0.69,0.03,0.72,0.02,1.7,10.13,80.5,98.19,0.0,0.0,0.0,0.05,0.02,0.01,0.7,0.18,0.69,0.06,1.7,10.63,38.94,38.75,0.14,0.07,0.06,0.1,0.01,0.23,0.89,0.3,0.32,0.08
1.71,9.81,88.19,179.87,0.0,0.0,0.0,0.11,0.05,0.06,0.69,0.06,0.72,0.06,1.71,356.25,87.94,179.81,0.0,0.0,0.0,0.32,0.03,0.0,0.69,0.03,0.72,0.02,1.71,10.13,80.5,98.19,0.0,0.0,0.0,0.05,0.05,0.0,0.7,0.18,0.69,0.06,1.71,10.75,38.94,38.75,0.13,0.08,0.07,0.12,0.08,0.14,0.89,0.3,0.32,0.08
1.72,9.81,88.19,179.87,0.0,0.0,0.0,0.1,0.08,0.08,0.69,0.06,0.72,0.06,1.72,356.25,87.94,179.81,0.0,0.0,0.0,0.3,0.02,0.01,0.69,0.03,0.72,0.02,1.72,10.13,80.5,98.19,0.0,0.0,0.0,0.04,0.03,0.0,0.7,0.18,0.69,0.06,1.72,10.81,38.94,38.75,0.12,0.09,0.07,0.13,0.15,0.21,0.89,0.3,0.32,0.09
1.73,9.81,88.19,179.87,0.0,0.0,0.0,0.11,0.03,0.07,0.69,0.06,0.72,0.06,1.73,356.25,87.94,179.81,0.0,0.0,0.0,0.29,0.02,0.01,0.69,0.03,0.72,0.02,1.73,10.13,80.5,98.19,0.0,0.0,0.0,0.06,0.03,0.02,0.7,0.18,0.69,0.06,1.73,11.0,38.88,38.75,0.17,0.09,0.07,0.05,0.04,0.25,0.89,0.3,0.32,0.09
1.74,9.81,88.19,179.87,0.0,0.0,0.0,0.09,0.05,0.08,0.69,0.06,0.72,0.06,1.74,356.25,87.94,179.81,0.0,0.0,0.0,0.3,0.03,0.0,0.69,0.03,0.72,0.02,1.74,10.13,80.5,98.19,0.0,0.0,0.0,0.06,0.03,0.01,0.7,0.18,0.69,0.06,1.74,11.19,38.81,38.81,0.17,0.09,0.07,0.0,0.16,0.25,0.89,0.31,0.32,0.09
1.76,9.81,88.19,179.87,0.0,0.0,0.0,0.1,0.04,0.09,0.69,0.06,0.72,0.06,1.76,356.25,87.94,179.81,0.0,0.0,0.0,0.31,0.02,0.0,0.69,0.03,0.72,0.02,1.76,10.13,80.5,98.19,0.0,0.0,0.0,0.07,0.02,0.0,0.7,0.18,0.69,0.06,1.76,11.5,38.75,38.88,0.18,0.07,0.05,0.0,0.15,0.19,0.89,0.31,0.32,0.09
1.77,9.81,88.19,179.87,0.0,0.0,0.0,0.09,0.05,0.06,0.69,0.06,0.72,0.06,1.77,356.25,87.94,179.81,0.0,0.0,0.0,0.3,0.01,0.04,0.69,0.03,0.72,0.02,1.77,10.13,80.5,98.19,0.0,0.0,0.0,0.06,0.03,0.01,0.7,0.18,0.69,0.06,1.77,11.69,38.69,39.0,0.19,0.07,0.05,0.03,0.12,0.14,0.89,0.31,0.32,0.09
1.79,9.81,88.19,179.87,0.0,0.0,0.0,0.11,0.06,0.1,0.69,0.06,0.72,0.06,1.79,356.25,87.94,179.81,0.0,0.0,0.0,0.29,0.01,0.0,0.69,0.03,0.72,0.02,1.79,10.13,80.5,98.19,0.0,0.0,0.0,0.05,0.03,0.0,0.7,0.18,0.69,0.06,1.79,12.0,38.69,39.19,0.13,0.09,0.06,0.0,0.3,0.24,0.89,0.31,0.32,0.09
1.8,9.81,88.19,179.87,0.0,0.01,0.0,0.1,0.05,0.08,0.69,0.06,0.72,0.06,1.8,356.25,87.94,179.81,0.0,0.0,0.0,0.3,0.01,0.02,0.69,0.03,0.72,0.02,1.8,10.13,80.5,98.19,0.0,0.0,0.0,0.06,0.01,0.0,0.7,0.18,0.69,0.06,1.8,12.13,38.63,39.19,0.15,0.07,0.05,0.02,0.23,0.15,0.89,0.31,0.32,0.09
1.81,9.81,88.19,179.87,0.0,0.0,0.0,0.11,0.04,0.08,0.69,0.06,0.72,0.06,1.81,356.25,87.94,179.81,0.0,0.0,0.0,0.3,0.02,0.01,0.69,0.03,0.72,0.02,1.81,10.13,80.5,98.19,0.0,0.0,0.0,0.03,0.02,0.0,0.7,0.18,0.69,0.06,1.81,12.25,38.63,39.25,0.16,0.06,0.05,0.0,0.27,0.15,0.89,0.31,0.32,0.1
1.82,9.81,88.19,179.87,0.0,0.0,0.0,0.09,0.05,0.08,0.69,0.06,0.72,0.06,1.82,356.25,87.94,179.81,0.0,0.0,0.0,0.3,0.02,0.02,0.69,0.03,0.72,0.02,1.82,10.13,80.5,98.19,0.0,0.0,0.0,0.04,0.04,0.01,0.7,0.18,0.69,0.06,1.82,12.37,38.63,39.31,0.14,0.05,0.05,0.07,0.26,0.07,0.89,0.31,0.32,0.1
1.83,9.81,88.19,179.87,0.0,0.0,0.0,0.11,0.07,0.08,0.69,0.06,0.72,0.06,1.83,356.25,87.94,179.81,0.0,0.0,0.0,0.28,0.02,0.0,0.69,0.03,0.72,0.02,1.83,10.13,80.5,98.19,0.0,0.0,0.0,0.06,0.03,0.0,0.7,0.18,0.69,0.06,1.83,12.63,38.63,39.38,0.13,0.05,0.05,0.03,0.27,0.03,0.89,0.31,0.32,0.1
