0.01,-100.11241717962645,55.96219169205455,172.1770485254732,0.049702124416856085,0.08170086430635899,0.06847359087215694,0.8615448387997935,0.3368375574105808,0.4507269922175883,0.5392999607774364,0.6999806662280565,0.2501756933598048,0.4005853663233167,-98.63112088734086,42.77581844280022,202.83908020429803,0.111845992961015,0.6809180979224366,0.08984070553895264,1.23089290879206,0.17864937431974579,0.45591257314482647,0.6495676770282377,0.6493020914552866,0.370777785014732,0.15154986759918565,-156.03874901893772,6.411508620934339,14.576548105426042,0.267218934606124,0.11727452046660879,0.40107206182484734,0.9833181023474175,0.468491958476455,1.9310864991202092,-0.02917047361225639,0.131036960816821,-0.970151544286656,0.20899010384642758,-125.80757248069406,4.696166187331514,17.68001292922189,0.27152423881366256,0.10764268965500866,0.1549075506112619,0.9593281663710627,0.4634193120196947,1.9513335154302984,0.03770446135330426,0.15207504702842845,-0.880197789637774,0.4602896778721311
0.02,-100.16854477881449,56.228900496217975,172.10606895701056,0.05832305910345236,0.16971763344025043,0.06311127018585456,1.0755630630114803,0.3512957550289329,0.48433458257473916,0.5380875435290375,0.6990032849086371,0.25176140125471197,0.401803512850947,-98.76659204609044,42.12722831339019,203.01391427153868,0.10674024883493885,0.5853788108099073,0.07669176767828421,1.4392753715296525,0.2226683761355146,0.7025440221367366,0.6492789615413169,0.6504462020094735,0.3689356690160408,0.14652077419073553,-156.09166473611458,6.314944843387228,14.7642777409067,0.31855828670079417,0.1208459190679751,0.35419949767966974,0.9686417743093035,0.5324883430484036,2.2595835390110355,-0.02836472660863557,0.1334610125908743,-0.9699250977930625,0.20937792149766313,-125.62644991095313,4.750927657463766,17.872109017228116,0.26024722348960366,0.10615979303911671,0.2127869626799971,0.9205921003468814,0.4830572503594243,2.137828282023111,0.03772488427128745,0.15455000885709164,-0.8779154853939283,0.461015217582015
0.03,-100.22085688788867,56.50257203534117,172.03515252211795,0.06631233407452175,0.25903378059696186,0.058988509991321283,1.271732898654038,0.36372621824553597,0.5184384635253737,0.5368594276257409,0.6980324980333754,0.2533851798893641,0.40307701667355517,-98.88717930651339,41.495723558781904,203.18274349299188,0.10143761848959391,0.49591908562986853,0.06397274229311026,1.6385140661208122,0.26462644072797176,0.9362871962025577,0.6490691847929606,0.651552334929848,0.3671729251028439,0.14161115143231762,-156.1420728615079,6.231631063923605,14.905634161503041,0.36623183001707704,0.12335706948924513,0.31329706253605494,0.9518468279303435,0.5876840222107842,2.5696991387346113,-0.02772514987020056,0.13545727274507918,-0.9697453210639224,0.20976556347570385,-125.43710933707581,4.7971115765310115,18.0695916752618,0.2486323032972646,0.10076969658102276,0.26720952871097187,0.8742328573867317,0.5001598342075672,2.3302004223228736,0.037940149632374354,0.15690415155677104,-0.875540228160701,0.46182127544331336
0.04,-100.27605358743487,56.80880628762099,171.96519554945843,0.07305909912604737,0.3493602766645875,0.05676993873975838,1.4358735380858247,0.3723166160258726,0.5534165657552842,0.5354882413583231,0.6970349683884841,0.2551262269497382,0.40458740909604013,-98.98252856904283,40.92407426376857,203.34065352174082,0.09580319526897896,0.4196147983562065,0.05226160979247079,1.8194808501449518,0.30298918923441204,1.1441777222376577,0.6489776155841461,0.6524880283133743,0.3656658307076106,0.13710767475216384,-156.20758311255662,6.160298659708185,14.957903126779271,0.4101247887747636,0.12465332662480005,0.28204192384312343,0.9355479440214223,0.6348288196275346,2.8447477682395683,-0.027295708967641594,0.13662402011210678,-0.9696761930362846,0.20996311897538614,-125.24153377052268,4.837625074372544,18.280232739110964,0.23867863559470073,0.09291977338962333,0.3155337027793557,0.8248724758308964,0.5152369915668978,2.5277307302576064,0.0383882257298489,0.1591654402105903,-0.8731195774465204,0.4627006411867768
0.05,-100.34139806273681,57.17189079845334,171.89748606245365,0.07809262211592354,0.4400920154730686,0.05690718810605124,1.5570167691612933,0.37569976505325386,0.5891160765436841,0.533851490451777,0.6959767047451879,0.2570589096121557,0.40650490243962073,-99.04353463127941,40.45235385504396,203.48385791741157,0.08976231282444003,0.3627028930065129,0.0420755876419987,1.9734015559924374,0.33648737794547484,1.3151265888829535,0.6490372048437325,0.6531203592791945,0.3645816161685285,0.13327300817493642,-156.30626212899506,6.098269810275866,14.883736706846408,0.44988301303413764,0.12481027143744274,0.26358052078422817,0.9219675414580442,0.6767384547663271,3.0702507529220058,-0.027102140758190684,0.1366115012369942,-0.969775721136008,0.2097824324846401,-125.0425705737316,4.874772590163555,18.510662050341306,0.2323088840128374,0.0844858468341956,0.35535578245003985,0.7779941311748864,0.5299248634822614,2.7277267786095742,0.03909222906658891,0.16136691103440243,-0.8707156192507441,0.4636292740151752
0.06,-100.42443491058958,57.61337604538323,171.83366227266586,0.08113035141754289,0.5302471646300048,0.05958455470473681,1.6284164293134376,0.3730825113345114,0.6247118117531535,0.5318375953270921,0.6948252040663934,0.2592482587611836,0.40897824991527687,-99.06275427120697,40.11623741135429,203.60986271490032,0.08331923637168238,0.33015539821699413,0.03383618662306672,2.092341806086312,0.3641757838593153,1.440763121456309,0.6492715160328456,0.6533196997958373,0.36407130901113877,0.13033403925878967,-156.45602656518983,6.041316918389912,14.654191208307163,0.4849169614631381,0.12420590133189886,0.26032094383269144,0.9126791780422259,0.7182784041383901,3.2348461223759064,-0.027147151517987887,0.13514943557582085,-0.9700925790084158,0.20904438827771246,-124.84399638376499,4.910794173328057,18.766104659462172,0.23130461327653756,0.07780287924929064,0.38466307234825153,0.7396182266163809,0.5470135318860269,2.9252874085535012,0.04005135565332005,0.16355044219490028,-0.8684022824049216,0.4645672745575596
0.07,-100.53262195023963,58.15086590939296,171.77556264126142,0.08210111014273873,0.6184423531168226,0.06469222591642831,1.6480446527690256,0.3642935801883609,0.6587009902896618,0.5293510633980038,0.6935513060776137,0.26174565302523484,0.4121267502366854,-99.03481997940705,39.94575569197135,203.71744104606685,0.0765598952047063,0.3253617720013889,0.027843521300200784,2.169776507369092,0.3854628996304216,1.5160308624507828,0.6496915956960421,0.652964341335664,0.3642633923731686,0.12847487873443664,-156.67407785554803,5.98358500921243,14.251322029316022,0.5145321551223411,0.12355811304201147,0.2737399851370969,0.9085222347062303,0.7660251268488009,3.331028378956043,-0.027406599177106097,0.13206959922116365,-0.9706631825836883,0.20758456571909883,-124.65059629659146,4.948686241303952,19.050315229127822,0.2372703767865371,0.0756781199951189,0.4019903894717173,0.7159811726239265,0.5702576100230549,3.113412554199449,0.04123215138699272,0.16577124235432708,-0.8662613065969024,0.4654618383583676
0.08,-100.67289520539848,58.79706120948542,171.72498598561418,0.08114180228090194,0.702908744111087,0.0718306842941392,1.618548765021438,0.34974986918579126,0.6890422822317017,0.5263167727407,0.6921308644441289,0.2645849077611233,0.41603462326765894,-98.95683159077714,39.964520639551836,203.80641894613177,0.06964193183076704,0.34994261149604144,0.024261112121682072,2.2011850955298953,0.400117044383573,1.539473894325559,0.6502930246907077,0.6519459899382615,0.36525862941635645,0.1278345183743256,-156.97631547611422,5.917632833569812,13.670144349341227,0.5381768444812713,0.12391323768187922,0.3042129980390936,0.909691042918999,0.8276358815051128,3.3556260964792877,-0.027827406909000495,0.12732205264251473,-0.9715093806319877,0.205257873902916,-124.4682058764591,4.993251819230519,19.36573449301413,0.2516228262190404,0.0813739882082344,0.4065729932650333,0.7132204077106477,0.6039624503751468,3.283477326547272,0.04256113915553157,0.16810289996334007,-0.8643764787165831,0.46625232018801416
0.09,-100.8512038919552,59.559077815495186,171.68340057402483,0.07857090525482262,0.7815532779824155,0.08034700596048076,1.5467096722184743,0.3303584227992165,0.7134185590504457,0.5226833549733411,0.6905463877085513,0.26777911421284883,0.4207476722291557,-98.82868477622007,40.18938259645496,203.87730060948567,0.062778228446475,0.40370303336765145,0.023111395600165358,2.184591563278905,0.4082549890795154,1.5131937491402143,0.6510534709934325,0.6501758605202141,0.3671262876910772,0.12850838200278394,-157.37665663835855,5.834658799303412,12.919804118298565,0.5557709481418158,0.12657855989124414,0.350882869936622,0.9159618979951101,0.910998179769587,3.3099380630539956,-0.0283280794044014,0.1209840209968897,-0.972636937129888,0.20194306600228096,-124.30363442131514,5.05229702404549,19.713881432835414,0.2755970864093328,0.09854560876638349,0.3984831698207432,0.7370583882299883,0.6523838202467878,3.426025342826501,0.04391988771138791,0.17064273073877756,-0.8628257077821578,0.4668774472668935
0.1,-101.07205488212921,60.43805204092479,171.65164910793098,0.07484551621944273,0.8520660141767814,0.08940030792176869,1.4424969320612868,0.30737921013832453,0.7295769131909622,0.5184256369192022,0.6887886944796286,0.27131861971345694,0.42627196664465156,-98.6532789643337,40.63044415397644,203.93078206027343,0.05622015244186179,0.48471892410500894,0.024281250472773377,2.1209610024254175,0.41031474223470976,1.4425008827764807,0.6519311205858068,0.6475908184471256,0.3699018075638679,0.13055264511440728,-157.88621947420776,5.724970758940473,12.023852235675163,0.5680567054147221,0.1330041335942909,0.4115937636447546,0.9269859784994999,1.0232528946711004,3.1994888141132867,-0.028802593433682844,0.11326090469378791,-0.9740349481990584,0.1975479456153172,-124.16438351696902,5.137856523687215,20.09598098966458,0.31026040510451214,0.13111729533051264,0.3787320272631443,0.792470023906128,0.7190219126754642,3.5317788399481924,0.045143581183919756,0.17351694287226768,-0.8616706571001842,0.4672844868880465
0.11,-101.33809695594404,61.42904028793296,171.62969249604433,0.07051006150620047,0.9120679879048159,0.0980498145202611,1.3178547055622827,0.28227023841675647,0.7356825738707388,0.5135461062064436,0.686858428466652,0.2751704715149226,0.4325742464663424,-98.43653633478228,41.291343789778246,203.96721379950364,0.05024467408270172,0.5895360802662896,0.02753609470492304,2.014372914664401,0.4070087546892835,1.335312541128917,0.6528643764779698,0.6441587823377527,0.3735858502987769,0.13399012433950336,-158.512384083831,5.578729687796341,11.019570760261615,0.576897285205225,0.14463226637632529,0.48292035285676693,0.9425584208475849,1.1697961886387414,3.033420400434501,-0.02912804038696566,0.10447934737726013,-0.9756762457732522,0.1920156528657224,-124.05810629551318,5.267293421909808,20.513809853830356,0.35652155823814097,0.18308577009392102,0.34931497184738136,0.8833104145470648,0.8059194300548386,3.592726981813437,0.04602400985221206,0.17688491454854327,-0.8609440016420568,0.4674397773029674
0.12,-101.64976378541415,62.52121457506015,171.61642482331536,0.0661446586625034,0.9592872757440934,0.10535572890219912,1.185369947708262,0.25652911820894697,0.7306198990635064,0.5080753991361786,0.6847671148877259,0.2792795191417711,0.4395838162535194,-98.18716312757361,42.16972837117673,203.98607620273657,0.04514680244300042,0.7134536531508574,0.03254060498453447,1.8719171897855977,0.39925463279911566,1.201364614466294,0.6537731708341283,0.6398824800339044,0.3781446945196662,0.138816629735617,-159.25781429056346,5.386950413447461,9.956360615791779,0.5854486620904321,0.16274130656364977,0.5603211500623559,0.9627828807031397,1.3533650020332593,2.8235902304234517,-0.029175779935547364,0.09507267678631,-0.9775186948774885,0.18533176624650213,-123.99181002241262,5.464089024590682,20.97072029291368,0.4151231281572792,0.25824776079184947,0.31318066576376746,1.0118765193968382,0.9130811804012576,3.6031427754381604,0.04631764187736415,0.18094171979448848,-0.8606348798423551,0.4673395915247073
0.13,-102.0049892105483,63.698350150587544,171.6095803406286,0.06232017924154421,0.9917464618053794,0.11048120370000006,1.0569693528527921,0.23154236819726795,0.714184572896001,0.5020718171665147,0.6825374015785269,0.28357122853734906,0.44719579912443813,-97.91610037201987,43.25784860991849,203.98552860640478,0.04123651179867568,0.8508614789290629,0.03888375839520162,1.703296294782779,0.38808863751194195,1.0513215082788152,0.6545621172265466,0.6348007093248751,0.38351203950528195,0.1450068329598024,-160.11958353784942,5.142689230034221,8.893265140547213,0.5981429073446974,0.18831080431998115,0.6384331993060778,0.988081383243147,1.5733009128121644,2.58347940193152,-0.028825205115166452,0.08555939873622441,-0.9795071437945982,0.17753125753680069,-123.97086314516135,5.758131887606339,21.47277417337277,0.48660450334911937,0.3598655048685542,0.27411097401547807,1.1783900245199543,1.038116423374057,3.5603890441886,0.045759053615361756,0.1859179740136271,-0.8606736508084368,0.467020000112737
0.14,-102.3990107884444,64.93959509531045,171.60574336985263,0.059565204105014306,1.0079422295590879,0.11278360089117918,0.9427746250682054,0.2084566190181189,0.6871334978738124,0.4956198425354145,0.6802022323728608,0.28795610072210914,0.45527569892245534,-97.63564853009129,44.54322942613544,203.9620861964264,0.0388376107248105,0.9956048898158077,0.04610573353359036,1.5201540880427586,0.37457429710447765,0.8958828693528967,0.6551255293264113,0.6289865481689494,0.3895923037993527,0.15251891602474757,-161.08858184479942,4.842301415260228,7.895771477065242,0.6204466080585187,0.22192844321562596,0.711503285076974,1.0190362393100731,1.8250782844252518,2.3270299581113183,-0.027978714307543034,0.07651583869931808,-0.9815757215281121,0.1687038321252732,-123.9979080127112,6.18534419599097,22.029891080038666,0.571229158879623,0.4903013598531045,0.23651218243625238,1.3804314970270306,1.1761696958476078,3.4654005491636024,0.044079510798316436,0.19207614575258783,-0.8609175022813598,0.46656433040080697
0.15,-102.82428464000981,66.22050232455504,171.60046413998606,0.058347377216026716,1.0069967173134073,0.1118846538363057,0.8502243100371066,0.18808866406765776,0.6510876803292263,0.4888275763803625,0.677802888198626,0.2923354064528072,0.46366525593972463,-97.35831282483258,46.009382590343186,203.91046898227788,0.03828495721380604,1.1413559898735437,0.05372469941444082,1.3351795856408286,0.35971736964034046,0.7449837530875647,0.6553540489681852,0.6225424771558947,0.39626542888314226,0.16129754847951888,-162.14937106251554,4.486621035387895,7.03209734928445,0.6583943893853835,0.2637483606929358,0.7739207099420895,1.0560856078086944,2.1001795481697787,2.0675305879179664,-0.02657623354947768,0.06854449878087716,-0.9836502271166416,0.1589960936500709,-124.07180039726353,6.7865437739989405,22.656893326512872,0.6688803585518024,0.6506657967643977,0.2051299089882631,1.6124226633653511,1.3201643346247525,3.3227694320251593,0.041029942462503424,0.19970275756406658,-0.8611386871729295,0.46610695705712396
0.16,-103.27054186038735,67.51428947742379,171.58847719431608,0.05906873042635741,0.9887615092778257,0.107711587377536,0.7835418132595754,0.17088828671733647,0.6083128911076462,0.48182301345332257,0.6753860071898529,0.29660778169219726,0.47218956774021736,-97.09549736488243,47.636536742433755,203.8236544748952,0.039916564543410034,1.2819729152516295,0.061262930915174874,1.161056846204635,0.3443929190362187,0.6071584030512197,0.6551422921825005,0.6155930078065065,0.40339301184032306,0.17127509545615122,-163.28059732732066,4.081906327549717,6.369226497006134,0.7179399384414136,0.3134989937633721,0.8207879877939737,1.0991281848862802,2.386388718481145,1.8166642954559833,-0.024607609142461837,0.06224016644004868,-0.9856504499467655,0.14860937013478703,-124.18670578426266,7.605518723995537,23.374321486034678,0.7789402933742062,0.8405269033496358,0.18470782028451432,1.8653143000724626,1.4613474862299871,3.1404098929067303,0.036406991570963665,0.20909635841311325,-0.8610172121996349,0.4658324173597607
0.17,-103.72502012746138,68.79327161748321,171.56401323679833,0.0620717472068978,0.9538602176752523,0.10050444945776354,0.7435893838662723,0.15695849889733507,0.5614260677346319,0.4747491238232818,0.6729998125853744,0.3006761149616757,0.48066535172129554,-96.85624985855416,49.40236034876378,203.69314997919088,0.044058574400345885,1.411828091139422,0.06827333011973848,1.0093559152184977,0.32928797411016103,0.48909839698418567,0.6543966288171476,0.608275935299155,0.4108253457140253,0.18237133569274483,-164.4559744569129,3.6404077469753973,5.96899267664208,0.8042075559658511,0.370529463495041,0.8484495822365176,1.14712529689318,2.668534940198604,1.5838168239176518,-0.022121322854030297,0.058156177240805136,-0.987492302369661,0.1377928147685984,-124.33148327324459,8.686375807173807,24.20889561153063,0.900173516481927,1.0577236655481066,0.17961564276694492,2.1266544899733923,1.5900947857501575,2.9288302532196417,0.03008031967394311,0.22055166891300193,-0.860139716251707,0.4659691862785076
0.18,-104.17289930026153,70.03038737484866,171.52118870258275,0.06765032911588702,0.9036645792455563,0.09078880763280675,0.7281027903911537,0.14612604632815338,0.5130856989427925,0.46775782147139433,0.6706898738713949,0.3044541120737786,0.48891003269534017,-96.64628294289352,51.282654936830966,203.50948110377374,0.05100301210491993,1.5260860897534412,0.07436807638951921,0.8894808058024437,0.3148649645766471,0.3954021751643042,0.6530420938368903,0.6007335197839418,0.4184087658143239,0.19449226648885556,-165.645748053973,3.180449534441123,5.884519662246345,0.9207559405420659,0.4338789961272936,0.8549006588531334,1.1978097092208166,2.9296509329610445,1.3757146071199005,-0.01922823744431062,0.05677337180487708,-0.9890896283748887,0.1268322902411162,-124.48947392482678,10.070305670850106,25.193505532213717,1.0306353202455116,1.2983126303805284,0.19347789888046227,2.381167640174323,1.696897933893378,2.7000939548913396,0.02201892000322416,0.23434073687284118,-0.8580060463257684,0.4667779039333864
0.19,-104.59795284118381,71.20071495555669,171.45444852472352,0.07605777443968577,0.840209607132451,0.07931733028250429,0.7322612984282001,0.13804513592381643,0.46571954602734483,0.4610030355403924,0.6684948402013853,0.3078719511081356,0.4967511003737911,-96.4674497917028,53.25200672550011,203.26286987990238,0.06097972424784697,1.6209141642113878,0.07925012378977073,0.8077988019661659,0.301352276269937,0.32849547598037926,0.6510275713344698,0.5931046696671006,0.42599270054698807,0.20752869615315572,-166.81846893845807,2.725963160099669,6.157295228458586,1.0689732922671338,0.5023545186720753,0.8400158976313504,1.2476039552196159,3.1524363005741183,1.1964110329762825,-0.016099478579115156,0.058474085093429676,-0.9903555579893146,0.11603628460394663,-124.6387757002201,11.79198317803702,26.366627795244632,1.167622806070373,1.5566617617094962,0.2288393672149409,2.6118784203461556,1.7734198893853759,2.466603041926054,0.012313873475091342,0.250692231369716,-0.8540445894072494,0.46853444425757124
0.2,-104.98339781766384,72.28285680302449,171.35902727065147,0.08750324048214606,0.7660619849999092,0.06698797220756322,0.7495140324590106,0.13231258143982536,0.4213265500361255,0.4546332545255513,0.6664426815861235,0.31088054726466846,0.5040350001953026,-96.31775052787506,55.284401894781155,202.94405057714508,0.07412461267596407,1.6936142177772147,0.08274588692105314,0.7670647790050638,0.28876614147127344,0.2886984833855995,0.6483287560108144,0.5855187099361986,0.43343598522399707,0.22135526451522144,-167.94286566692526,2.3054660342906144,6.815091660814492,1.2477044619072322,0.5746059546842186,0.8055672644332199,1.2918105016836372,3.3208573822156264,1.0475757300726942,-0.01295812036024971,0.06352296955384622,-0.991203365866577,0.10572050760973897,-124.75303601469413,13.875883276055022,27.771091005430456,1.3076836999380597,1.8256887536491582,0.28690232360883056,2.801694287180994,1.813474260247754,2.2398785572151425,0.0011948302025975106,0.269770187993587,-0.8476367143265188,0.4715088705055831
0.21,-105.31289161867528,73.26006869743954,171.23138626269528,0.10212996452898965,0.6841597291737568,0.05474958961080817,0.7725521313888405,0.12857454824737033,0.3813681590899928,0.4487840692833837,0.6645479944072716,0.31345412530366096,0.510634776537162,-96.19183627068391,57.353824741253725,202.54514898862263,0.09044667461412692,1.74267249595864,0.08483448130231368,0.7662246519168312,0.27696369235678037,0.2744167462026008,0.6449488396470804,0.5780908272918488,0.44061219917885813,0.23583037053068945,-168.98961052895686,1.9505375763911266,7.870856755330207,1.453170608090325,0.6491943331535115,0.7550331303858473,1.325072825261608,3.4216901438313023,0.9289840688347969,-0.010065028927987175,0.07205572892570676,-0.9915469250537031,0.09619283221853436,-124.80273627514299,16.33283492354427,29.45215023035597,1.4466943531716772,2.097224661578218,0.36736330148053675,2.9352482946423386,1.8137814430935055,2.0295247494257844,-0.01096237736510495,0.29165367057442393,-0.8381497757237188,0.47594188892905254
0.22,-105.57159420213917,74.12102615239961,171.06958430987802,0.11997312477907492,0.5976401093206387,0.043506951463846005,0.7942899632413352,0.12661199353173477,0.3467441813866418,0.4435713333880954,0.6628108466209666,0.31559099527819295,0.5164558024108944,-96.08189378020451,59.43486157662207,202.06053822554347,0.1097972204177796,1.7677308163519363,0.08566640959393097,0.8006360811502011,0.2657220560811024,0.28243302788789293,0.6409172334819045,0.5709189691229856,0.44741394346084074,0.25079731459844046,-169.93281091974913,1.6939039678570533,9.322605502762327,1.6791911003792683,0.7246520923628423,0.6932323247355396,1.3420422983995888,3.445823569990354,0.8390772158182306,-0.007699928630406486,0.08407610602357932,-0.9913009371650182,0.08773994425267435,-124.75689009477132,19.15715349611288,31.45488680731832,1.5800111082043728,2.362468655649073,0.46836654550445356,3.00073069677335,1.7743798169738854,1.8425327023406448,-0.02363913180900303,0.3163189528987724,-0.8249771354123513,0.482020789259964
0.23,-105.74719947901943,74.86015739323626,170.87354800889014,0.1409016647846736,0.5096693128249287,0.03403602901187278,0.8087140714484454,0.12639850153334573,0.3178352190842523,0.43908553397797206,0.6612174439774061,0.3173125687717221,0.5214391641103736,-95.97874886106784,61.50332366229514,201.48758554471402,0.13184616518043188,1.7694890786428692,0.08556395623935792,0.8626867522481249,0.2548336462647966,0.3082760047860723,0.6362868233361946,0.5640818765629179,0.4537560597318877,0.2660868016062129,-170.7511137535471,1.5672972570978787,11.154257933448257,1.9176697700487224,0.7995364334030348,0.6258385832826167,1.338139000976357,3.38918037045928,0.7754749715117032,-0.006139368351111406,0.09946084044413565,-0.9903811225546358,0.08061658896538836,-124.58503256953121,22.324685934607242,33.821021556451335,1.7026885823721483,2.6124889358787318,0.5865812141348994,2.9914235987181406,1.698624050623699,1.683004089255582,-0.036189845850027054,0.3436258924045468,-0.8075826672529206,0.4898570650706
0.24,-105.83084022789133,75.4775211663486,170.64522013162525,0.16455483027111276,0.4232839815554826,0.02691773723518979,0.8114879102939054,0.1281262944065284,0.2945905733933155,0.4353878444584682,0.6597426022628307,0.31866071766386256,0.5255625382110856,-95.87302016555151,63.53687987922806,200.8272209253718,0.15607139359628747,1.749552577912922,0.08499767217375505,0.9427293936473562,0.24420372390435757,0.34664138869340955,0.6311302660917815,0.5576379985423295,0.45957780562182676,0.28152075606683374,-171.42836968296336,1.5992951252146443,13.337301525384458,2.159272785706857,0.8724753882297512,0.5588396164655853,1.3102739126511584,3.2531665136112444,0.735362290710166,-0.005633696203583197,0.1179718325001154,-0.9887044831731007,0.07503782641518535,-124.25934312737456,25.792071660548107,36.58531332890669,1.8097481863112512,2.8387214427921914,0.7174004431792127,2.906698884767748,1.5927737850958357,1.552279068341359,-0.04787064950157584,0.3733101006876381,-0.7855463367448566,0.4994679844707912
0.25,-105.81778341624728,75.97825884750948,170.38857623660542,0.1902888667339638,0.3412526367096289,0.02249501179043722,0.800256945006143,0.1321947350094066,0.2766447576615533,0.4325081723262151,0.6583536805740341,0.31969363500662734,0.5288386293754286,-95.75617817493517,65.51565994182786,200.08428452867113,0.18176630946396555,1.7102400240444537,0.08453790429453253,1.0302008568162835,0.23393347413305193,0.39184119629919656,0.6255357639352691,0.5516251664309638,0.46484397685827916,0.2969171641749639,-171.95385484639974,1.8133637091656192,15.83311251431393,2.3942072650898862,0.9422039906886339,0.49800235391640457,1.2574078686130832,3.0446165539107297,0.7157182407047251,-0.006385344251539532,0.1392744142601739,-0.9861896536983498,0.07117434816721846,-123.75672113562266,29.4974583055459,39.77180365832794,1.8964739018414618,3.033422327431045,0.8552502511802471,2.7523278394530557,1.4652469714496164,1.449368501537518,-0.05788024826504319,0.40498229215019343,-0.7586068012205063,0.5107643003207702
0.26,-105.70785152314343,76.37169407602049,170.1095077949412,0.21715102067937775,0.26596362447619243,0.020855042658259215,0.7746600124338555,0.13915556237303703,0.26345044447974036,0.43044534209660995,0.657015367171701,0.320480477614743,0.5313114189009842,-95.62140361826218,67.42276648225797,199.26763734667728,0.2080675445720051,1.654369935974686,0.08478599705839804,1.1147637593127402,0.2243714469302987,0.4382547944082618,0.6196026880682891,0.5460610082488181,0.4695449377251392,0.31209546521275855,-172.322086270963,2.2263080362635157,18.59575052582592,2.613007570189314,1.0075867743724252,0.4483968514633373,1.1808567495088185,2.775248524329814,0.7134010382490941,-0.00853062803234537,0.16296040529382746,-0.9827572889471932,0.06915067498222414,-123.06062735405624,33.362803020696404,43.39025266440063,1.9587106942898171,3.1900398350559818,0.9939834894095805,2.5400562368181605,1.3256662420683352,1.3715475274392148,-0.06541088510970808,0.43813584676368145,-0.7266966737971445,0.5235459492621518
0.27,-105.5055275419051,76.67018359427969,169.81557568348865,0.24389568199465472,0.1993443873397893,0.021836009487858677,0.7360976445812093,0.14961463112372952,0.2544151873648443,0.42916934949997243,0.6556945782566694,0.3210952331400094,0.5330506317180631,-95.46418213957126,69.24463504042792,198.39003699920835,0.23400087636957403,1.5850437315748533,0.08629483672936943,1.187312883612804,0.21611957912627777,0.48075082843405165,0.6134373696404493,0.5409440839399768,0.47369552505835605,0.32688197717753736,-172.5322945839512,2.8472804201477206,21.575037538660947,2.8072469252471532,1.0676243800997276,0.4140196662185859,1.0843016859572785,2.460683509550051,0.7251369209062198,-0.012126835130167903,0.18857445128991224,-0.9783304379584238,0.06904587732819184,-122.16252204777675,37.29773132146811,47.433179951583234,1.993142322065412,3.3034836934084506,1.1273213512638027,2.2865015311260604,1.1838528710772764,1.3149724600846144,-0.06970580384679333,0.4721632011948222,-0.6899662415711897,0.5375069364049836
0.28,-105.21972621353612,76.8878385287017,169.51564360060257,0.26905094324332235,0.14281406240554045,0.025055831377756098,0.6873284304552452,0.16410076735737178,0.24902490379000208,0.4286253990718775,0.6543647474979526,0.32161038607723164,0.5341449601928177,-95.28260962997743,70.97120548326104,197.46778580376247,0.25854029687161884,1.5054422051178333,0.08949129588075286,1.240724881714721,0.2099873247935734,0.5150465098829967,0.6071492733697305,0.5362556464774015,0.4773328535058701,0.34111496828862375,-172.58763777252778,3.6774159205151773,24.71973060051648,2.9701112085490413,1.1214461013747177,0.397543595723806,0.9735107879706865,2.119130523341648,0.7474781594589939,-0.01714564925389286,0.21564192653575548,-0.972834920889349,0.07089629644401566,-121.06277409850824,41.20472588523824,51.87395585055365,1.9975278591041918,3.3702839829243567,1.249297546583987,2.0115165533791353,1.048915974719288,1.2752245708824155,-0.07011810806062153,0.5063811538027638,-0.6487921401282072,0.5522496937683069
0.29,-104.86324172035796,77.03923740955055,169.21940921135874,0.2910341474183205,0.09726839730292071,0.029959137985638835,0.6319671550204318,0.18292356950644997,0.24693517268152734,0.4287392517492553,0.6530089418690551,0.3220910090115767,0.5346946347726029,-95.07741361742293,72.59590011362387,196.52015780922645,0.28067341423170933,1.4186480172974314,0.09461302158831703,1.2702876596759969,0.206897273004944,0.5379754398965066,0.6008476064959322,0.5319618705695949,0.4805131457319884,0.3546491699296546,-172.49425444345772,4.710075925775079,27.98058863758301,3.096794699878538,1.168294360357545,0.4002038853946303,0.8558142468572143,1.7698841680519057,0.7767942206087276,-0.02347311122787446,0.24369642784141807,-0.9661998001510472,0.07469962595545514,-119.77097857161837,44.98521176626907,56.6663443083337,1.970879493823058,3.388645799548731,1.354661546252823,1.7362276361308076,0.9285476482060471,1.2477418096815465,-0.06616488900012267,0.540064390808832,-0.6037688560131508,0.5673081567484631
0.3,-104.45191171908553,77.13824376626879,168.93686167475255,0.30830455715415517,0.06309382476737732,0.03587765944629848,0.5739554948678903,0.20604802901302702,0.24801575751498645,0.42942332074358935,0.6516215042652661,0.3225898742079135,0.5348038722133585,-94.85172156645224,74.1154265507864,195.56861482717008,0.2994658392597564,1.327501598683513,0.10166908978484196,1.273806583451932,0.20775568900633162,0.5476484158916376,0.5946382576508695,0.5280164127357198,0.4833077766935261,0.3673596543814297,-172.26026378068212,5.931608338072729,31.3131221276545,3.1846998231965267,1.2075085498871352,0.42181334546617033,0.7393988432552294,1.4318094750483816,0.8093420622419096,-0.03091561057898981,0.272304725294254,-0.958358076196247,0.08041968247240765,-118.30568854196487,48.545946309141804,61.74574291484439,1.9135688117273761,3.3584183477697933,1.4392065855957177,1.4809878341449256,0.8285804616126404,1.228151089413506,-0.05757050481786308,0.572485404669175,-0.5556828843518631,0.5821777609932348
0.31,-104.00356577113158,77.19702487499168,168.67770431922884,0.319532966121265,0.04020614894540199,0.042098334936104306,0.5170720348020011,0.23301274017558388,0.25234243113692256,0.4305829686536526,0.6502082138839672,0.3231440799838587,0.5345736264047248,-94.61062721366757,75.52943410026056,194.6358328357898,0.31411788685431136,1.2344934434053745,0.11042953548969756,1.2514323899626014,0.21330891140124303,0.5435073309533605,0.5886208816158042,0.5243632536620902,0.4857987304282964,0.37914503172528147,-171.89481890856075,7.322488978078269,34.67981311541996,3.2334417371411526,1.238513613351179,0.46088494828167453,0.6325057373490056,1.1219761082010615,0.8414323803054097,-0.03921097350812422,0.30108710734693095,-0.9492477544798387,0.08799124801503748,-116.69362172473156,51.80506152367834,67.03211177495692,1.8273545735307164,3.2810038808853914,1.5000008097485582,1.263485267272953,0.7528087898503132,1.2125417026422805,-0.04429413450029749,0.6029576654479499,-0.5054715252902562,0.5963496847344997
0.32,-103.53684712359758,77.2253452866055,168.45078588246412,0.3237638997212085,0.028107722758412636,0.04793267759228839,0.46453765346333464,0.262911602773598,0.26013855193651597,0.43212253195326844,0.6487851605655546,0.3237735270105314,0.5340950343101429,-94.36062020678267,76.8400560131333,193.74457820770067,0.3240088201035352,1.1416937149055464,0.12044430915923555,1.2052851629505423,0.22400940748288128,0.5262807133280484,0.5828859790331816,0.520939856406334,0.48807364734114644,0.3899298773369667,-171.40730687980385,8.858694654909481,38.05161161443721,3.2446734741081116,1.2608151327839339,0.5148340079427675,0.5426256415132702,0.8545584812793207,0.869676605143275,-0.04804351236492593,0.32973140617723984,-0.9388134719359433,0.09732448744384593,-114.96842939064136,54.69716149140416,72.43430825090778,1.7153301955497653,3.1592310028931867,1.5355106219755812,1.0972142786890617,0.7030326722945823,1.1977174506777015,-0.026538827742063717,0.6308779094320459,-0.4541701072780296,0.6093461297530273
0.33,-103.07000593869286,77.23017928758318,168.2635809532369,0.32054633001623156,0.02595513173772123,0.05278053544977792,0.41875039104554845,0.29444813005857445,0.2716742797237427,0.4339506732235264,0.6473765953189126,0.32448136643936526,0.5334440173460184,-94.10895119478747,78.05137211880663,192.91649458421094,0.32872669627594103,1.0507200195826227,0.13108882212203615,1.138961865365733,0.23991324890882398,0.49784792304871756,0.5775119468523705,0.5176806975839313,0.4902206266480066,0.39966624533143214,-170.80676121241223,10.51316751771735,41.40855758207156,3.2217592397955905,1.2740002532745356,0.5802328047982425,0.4757834989399165,0.6400648509656497,0.8912734660333175,-0.05706180747688679,0.3579995701591631,-0.9270089391320641,0.10830860603761445,-113.16911519433623,57.177023081533015,77.85533312997278,1.58179272793402,2.9972095983307683,1.5456127232321792,0.9904598960961276,0.6792585953414875,1.181439592408934,-0.004741591683805825,0.6557631370646022,-0.402852551827908,0.6207533580575327
0.34,-102.61975919790623,77.21565186784767,168.1217523714609,0.3100127167721401,0.032628523804441534,0.05618168335807673,0.3811565641210755,0.3260579432831884,0.287135011807882,0.4359847074318015,0.6460120036289603,0.32525627819044045,0.5326775452685355,-93.86300336012373,79.16882878075923,192.1708819077794,0.3280848359287657,0.9627434382441231,0.14163074808536058,1.0570114379318492,0.2606247745586932,0.4610156592001749,0.5725622314495523,0.5145211786127646,0.4923229765216565,0.40833411154870725,-170.10151591666005,12.25725407584665,44.73944925422925,3.1693337136606528,1.2777435783254751,0.6530952019840787,0.43599009481157996,0.48491685472401297,0.9042797126634297,-0.06589795747965944,0.38572641024064463,-0.9138004520605794,0.12081459094145963,-111.33818063026922,59.22163514605608,83.19788142456127,1.4320380206157546,2.800175337674505,1.531499928866523,0.9458757455309927,0.6799859632681199,1.162641881435939,0.02045386260149521,0.6772783972643692,-0.35257068541749637,0.6302495451540526
0.35,-102.2003004993115,77.1832821581063,168.02881919678939,0.29289270999729455,0.04679526030974967,0.05784995733771658,0.3522430264219074,0.3560807833209427,0.30647558889548626,0.438153597309168,0.6447226594004193,0.3260761476378636,0.5318319643638522,-93.629731973883,80.19865454082044,191.52356447494637,0.32212777177699586,0.8785293725969254,0.15131049655176576,0.9644411339505716,0.28529597944132884,0.41921514098916324,0.5680828279960942,0.5114018268598329,0.49445418003548053,0.4159406302169418,-169.29909171324428,14.062030953650488,48.04058205629377,3.092794243025508,1.271818410576688,0.7291733336061536,0.42491434601988204,0.39137217800966595,0.9078087315844374,-0.07418706513654634,0.412811049937104,-0.8991715337314939,0.13469706049960692,-109.5195689609923,60.8304957867574,88.36957882480819,1.272089879561641,2.5743242594101305,1.4954983339402315,0.9606641927979441,0.7025174622885619,1.1415726720655148,0.048238469300720406,0.695252478572767,-0.30429767436577226,0.6376251441258652
0.36,-101.8225256306218,77.1324723287177,167.98594598933343,0.2704561014134136,0.0669646523632344,0.05768691139455652,0.3316251349566004,0.38295222253056455,0.3292835824212407,0.4403994364099725,0.6435380072040536,0.3269124654941535,0.5309235373435541,-93.41521702696059,81.14730775696835,190.98594981011436,0.3111292633318428,0.7985048500855343,0.1594257564091325,0.8662897194059628,0.3126802262652917,0.37614259903317027,0.5641004093437285,0.5082725885273933,0.49667341087870476,0.4225181611746674,-168.4062748967108,15.899455060692159,51.3137119678983,2.9977796404174724,1.2561147207922176,0.8042502597483605,0.44180221194107183,0.3577598735327663,0.9021132909191408,-0.08158579885063795,0.4392025781366595,-0.8831283749964353,0.14979542134088358,-107.75649016462417,62.02424818164021,93.28737838824061,1.1083742940282517,2.326633020451771,1.4408235675352723,1.0273025816059953,0.7432516006750527,1.1198007417427844,0.07768900976176688,0.7096800643535134,-0.25888034021046236,0.6427942449812837
0.37,-101.49352065343976,77.06116344579414,167.99186335676796,0.2443888102265789,0.09153566942866205,0.055774828896187345,0.31820467709249495,0.4053807778073727,0.35468019765662034,0.44267746211051373,0.6424823353984014,0.32773468327783295,0.5299510413176314,-93.22435357336074,82.02098663173678,190.56437085264335,0.29558286686609836,0.7228407492601368,0.1654094189755485,0.7672815144047723,0.34123368436150714,0.3353821958335006,0.5606213558075106,0.50509690729967,0.49902191534455403,0.42812112606520053,-167.42933168289647,17.74329752612916,54.56352563222165,2.889690739745606,1.2306645007254542,0.8744119429075998,0.48364108043009835,0.37897816819100083,0.888532733019267,-0.08778896057306843,0.46488223338675827,-0.8657053177183018,0.165934701379472,-106.08923790706162,62.84186624330008,97.88079553983142,0.9473535750582005,2.064656615109101,1.3713033633256537,1.1347037082983842,0.7979399363890775,1.1000239218358654,0.10782467846091864,0.7207106088593815,-0.21700379125784075,0.6457962436457366
0.38,-101.21634052781467,76.96657000737183,168.04292523065715,0.21661548257742227,0.11884329854645491,0.05235172567743691,0.310375504737069,0.422478603351287,0.38128712690071515,0.44495488717977566,0.6415722311468584,0.32851386505490715,0.5289000115057753,-93.0606844544349,82.8252243815838,190.259780003394,0.27618321743691343,0.6515372362760286,0.1688906958158313,0.6715648962539861,0.36925242148527027,0.3000591141075539,0.5576319118887578,0.5018551882825358,0.5015204817710823,0.4328218769629546,-166.3742937146408,19.569844559869214,57.794981430996856,2.7733003982317737,1.1956723285860784,0.9362817150329285,0.5455448985587902,0.44719014458680517,0.8693147393758905,-0.09254314451095916,0.4898448497619431,-0.8469693772992772,0.18292657759297756,-104.55314651610507,63.33670094402042,102.09392836778159,0.795140337997226,1.7962929779216408,1.2910851535383094,1.269653399105916,0.8619102184764063,1.0856595901133665,0.137664917174955,0.7286258888724717,-0.17916993666557934,0.6467879219432396
0.39,-100.99008808728523,76.84590649003985,168.13330298814145,0.18909187583773296,0.14720987975104993,0.04777321240450538,0.3062554374575922,0.43382138047140056,0.4072803325864518,0.44720898576469914,0.64081518744214,0.32922522582660535,0.5277480396540081,-92.92636362219838,83.56458533115372,190.06782861565483,0.2537953856873623,0.5845025716710692,0.16973142558566207,0.5825339980485148,0.3950273904322411,0.2725658181511973,0.5550996189565267,0.4985472160296684,0.5041681270972518,0.4367058719775292,-165.24724923252887,21.358377688380656,61.01088985316633,2.6524841080189674,1.1515454648855499,0.9872030415198937,0.6213146091840903,0.5526435095067276,0.8473475403392198,-0.09565684524500559,0.5140821339250792,-0.8270228457129373,0.20057120363479683,-103.1768575413212,63.571770737590654,105.88643668678306,0.6571174419719091,1.529505798015922,1.2043430430173852,1.4183379532473248,0.9302643780139502,1.0802657086447967,0.1662849956952279,0.7338094562405422,-0.14568957000028868,0.6460267887370285
0.4,-100.81028352901889,76.69703056005146,168.25530826394885,0.16359683209571454,0.17500493015358673,0.042467392586529006,0.3039200104120702,0.43942531926293943,0.4305371502577865,0.44942485710559293,0.6402095073086194,0.32984942567587544,0.5264704494899671,-92.82222607397972,84.24247233263402,189.97932504852628,0.22941111600181352,0.5216181722596934,0.16803291603722806,0.5027272650656838,0.41699595653613725,0.2543892743528903,0.5529760752302763,0.495193163757515,0.5069420907774793,0.43986651302135926,-164.05457825566438,23.091474051509834,64.21003532022976,2.530081628292642,1.0989159760782912,1.0253618452431377,0.7041099880461612,0.6845369818414607,0.8258506002574698,-0.09700671648433876,0.5375697707859154,-0.8060032970657487,0.21866039369486126,-101.98104895347915,63.614728412305084,109.23373871895193,0.537595412556079,1.2720054131462606,1.1150042181799324,1.567769699970056,0.9980622631936505,1.086903348238893,0.19286612877261264,0.7367117310307714,-0.11668640935166458,0.6438472881030042
0.41,-100.66949232675297,76.51894669998899,168.39982526637905,0.14155377198451366,0.20071193094539216,0.03688912599087368,0.3016123340525837,0.43964766614487893,0.44886229266262423,0.4515931650659528,0.6397454199217277,0.33037271868928514,0.5250456847745786,-92.74793219173121,84.86105172289349,189.98102378463062,0.20409366760455616,0.46278602675542396,0.16411260516313292,0.43379210966242326,0.4338708897790308,0.2460488191589769,0.5512009664425604,0.49183296559564516,0.5097992001785908,0.4424000210063983,-162.80308158924555,24.755183710077862,67.38603732164471,2.4078816061913497,1.0386485806546824,1.0498455482769147,0.7871553596938786,0.831861295042179,0.8080675705964628,-0.09653997911864058,0.5602596320368143,-0.7840806987453676,0.23698251450099306,-100.97772509299061,63.532954344418414,112.12663149790093,0.4395412824419476,1.030901502780482,1.0265228022322792,1.7069493515889844,1.0605057209586577,1.107573038914019,0.21673700897038867,0.7378142793530923,-0.09211090301999213,0.6406321937116461
0.42,-100.55815712341584,76.31213816723039,168.5568224546805,0.12390466202392204,0.22299569671639766,0.03147897613782676,0.29790885238001824,0.4350380154058484,0.46025518381840214,0.45370801960028995,0.6394071527802552,0.3307862130068022,0.5234598633827203,-92.70215055571869,85.42129842374167,190.0566632815727,0.1789156770173675,0.4079579640257324,0.1584540300138731,0.37650482970679167,0.44473619680524606,0.24713945544352212,0.5497071722402829,0.4885239742409148,0.5126786140283099,0.44440073796208174,-161.49997563539247,26.339137942785545,70.52703256143171,2.2867089085878103,0.9718312249230039,1.060639515300361,0.8643966697320633,0.9841590994952958,0.7969913038141364,-0.09427320391504239,0.5820776319540258,-0.7614517202517568,0.2553291104378425,-100.17009315475093,63.38919835646211,114.57044316187601,0.36441054479388646,0.8123554964256331,0.9417278949670711,1.827665158829014,1.1131399492798462,1.142834298330106,0.2374039440285928,0.7375962475540657,-0.07176142201099778,0.6367820129859484
0.43,-100.46556142215572,76.07871998755259,168.71590596008565,0.11104882996291816,0.24076195047535381,0.026630340357824137,0.2918308039968565,0.42618099654240466,0.4631643377762555,0.4557650885674581,0.6391756063821185,0.3310845855253833,0.5217101561238124,-92.68274556196498,85.92315972775182,190.1881479903094,0.1548953642569889,0.3571487927336208,0.1516376541263097,0.33083925007029236,0.44910820951035546,0.25646543011731887,0.5484265676507306,0.48533697759399125,0.5155058802171967,0.44595724881323434,-160.15275903859472,27.836618095239384,73.61614257063144,2.166588315835978,0.8997486979876357,1.0585619817319252,0.9310332198589947,1.1321663756383311,0.7951359758627987,-0.09028790277154403,0.602927037920152,-0.7383317293079565,0.2735028591813101,-99.55298581446499,63.23811324128726,116.58376382067985,0.3121058430136199,0.6212692489618258,0.8627588484291996,1.924899497846085,1.1520807996740454,1.191669663018566,0.25456761065049754,0.7365052575181211,-0.05531035912406462,0.632685357516386
0.44,-100.38084202485152,75.82242580355715,168.866874790533,0.10284893249176533,0.25320272203468036,0.022666169728261906,0.2828988838727601,0.41356958512469705,0.4566751250758759,0.4577599804114506,0.6390312424850018,0.3312646200956553,0.5198068749431315,-92.68694541765433,86.36582957300993,190.35676460702547,0.1329353196162258,0.310435867248515,0.14426314055310938,0.29608082227462973,0.44696267455950317,0.2722417843093026,0.5472959486853145,0.482350798627528,0.5181981821682542,0.4471496462106788,-158.7689992288484,29.24457301987641,76.63257978858864,2.0469563232345447,0.8238415998684395,1.0451381944116425,0.9838648108373096,1.268304758985026,0.8043592929238157,-0.08472355043218933,0.6226962783495232,-0.7149453892888603,0.2913259614220576,-99.11374263984811,63.123902168459,118.19679077253781,0.2810715953450047,0.4610463484594211,0.7910815158271601,1.9968665607735696,1.1742579086326472,1.2516032547701532,0.2681256734459205,0.7349343877499015,-0.04233266603091727,0.628692946532131
0.45,-100.29396222493702,75.54845341996605,169.00024031217785,0.09869832433136036,0.25982550434267926,0.019824784483383654,0.27113203819502973,0.3975353923442046,0.4405990833316434,0.45968689296039283,0.6389568102117028,0.33132391126235244,0.5177743050302175,-92.71148071621067,86.74811388375096,190.54433274088387,0.1137666907718913,0.26794666683607815,0.1368747714435895,0.27097994484885174,0.4387233991691398,0.2923343292736254,0.5462623965623733,0.47964584782523123,0.5206705557124601,0.44804807272454433,-157.3561238083183,30.563530191282126,79.55315741589523,1.9268937049267882,0.7456540118974742,1.0224168984273878,1.0214218744480954,1.3869910926097426,0.8257295182863734,-0.07776874980142455,0.6412695972284218,-0.6915171459935513,0.3086476505205616,-98.83343630349648,63.079160895499,119.44934181382746,0.2685146835306901,0.3334544678706276,0.7275649158391256,2.044727749094823,1.1776441588152449,1.3190408265673765,0.27816190263378426,0.7332061681584323,-0.03233460914590674,0.6250972694231732
0.46,-100.1965585174117,75.26319813758519,169.10767854437654,0.09763775108892761,0.2604675009972787,0.018253005160377447,0.25699517628111473,0.37824542474417655,0.41546573218078653,0.46153751786884234,0.6389395835598177,0.3312600074847347,0.5156503490164831,-92.75269903936743,87.06885388976511,190.73421047847947,0.09790171756935433,0.22983542790307154,0.12990065790245964,0.25393054687386896,0.4252038529467265,0.31450310363720707,0.545287406880403,0.47729713449998445,0.5228427033379592,0.4487124164848203,-155.92131514473215,31.797324085358483,82.35393236526413,1.8053553517711316,0.6667741191670741,0.9927386890284682,1.0438751824374302,1.484736543787036,0.8594323332650682,-0.06965120665975963,0.6585385114340248,-0.6682630356029355,0.3253493844368594,-98.68831775217973,63.12485755462678,120.38862073565898,0.27072236826677476,0.23860465805610262,0.6725938141912691,2.0720340872679586,1.1614302427086576,1.3897629745633884,0.2849237438827648,0.731563832945257,-0.024780976704954546,0.6221190860366576
0.47,-100.0825827495304,74.97390277574038,169.18239194989482,0.09850451793916552,0.2552966855541259,0.01800455609197952,0.24130744426213604,0.3557587766517226,0.38244317245430587,0.46330025762289917,0.6389728585278732,0.3310701697842251,0.5134850356802015,-92.80667132270949,87.32736410092139,190.91210034914414,0.08559910850087431,0.1962507904302657,0.12361349252221228,0.24315410994434727,0.40749930108426513,0.33661687313117045,0.5443492539948092,0.4753673590040108,0.5246458565546045,0.449192837992793,-154.4715870871471,32.95257858728938,85.01174119623442,1.6813806515416865,0.5887728797190053,0.9584741402038609,1.0527462873664508,1.5600312176666071,0.9047233744753389,-0.06062704725275368,0.6744121131623402,-0.6453850180658279,0.34134657550964453,-98.65135522408362,63.271275413674125,121.06684924199529,0.2834353925716548,0.1750485855799937,0.6261937396528667,2.0839486511615646,1.1261027052730421,1.4594747918059487,0.2887913296339846,0.7301694677993105,-0.01911953891810034,0.6199010569526896
0.48,-99.9486824259509,74.68825241613236,169.21936601761726,0.10009408543978543,0.24479930553359083,0.019042445800006597,0.2251281587984268,0.33012435349058533,0.34321966874954185,0.46495989957758105,0.6390565490230559,0.3307518058014378,0.5113379777519355,-92.86930775385876,87.52383916691848,191.06662644930884,0.07684786755422023,0.16729784325089656,0.11811645992395234,0.23686909195947178,0.386842461021319,0.3568184909870512,0.5434433206429882,0.4739007778252884,0.5260290092529685,0.44953075669008985,-153.01407752392106,34.03792149222492,87.5054693734114,1.5542751412595373,0.5131460039229003,0.9217574454592606,1.0504618628119364,1.61303723769696,0.9599439792039506,-0.05096989064507983,0.6888247885518596,-0.6230684681182858,0.3565863456337718,-98.69376088917113,63.519657141393544,121.53888865842549,0.30223033072069944,0.13997902336891174,0.5881428251578217,2.0863206922673405,1.0733976923761401,1.5243037345523698,0.2902414066880965,0.7291082062898562,-0.014802273522666156,0.6185080276227023
0.49,-99.79429401854672,74.41394219959226,169.21551401392296,0.10131260689319209,0.22975125599619717,0.02124512922531606,0.20963691033778412,0.3014949837226701,0.2998681005023437,0.46649789941342057,0.6391968204486888,0.3303035175262721,0.5092749552965596,-92.93649473797487,87.65968828890907,191.18967490327077,0.07137444909797215,0.14299880246819194,0.11335344520902697,0.23342962263545083,0.3644498524762604,0.37363654024273923,0.5425804595677213,0.472918533816079,0.5269638069596763,0.4497600013287257,-151.55653360875465,35.06296245868023,89.81698868274113,1.4237584958606384,0.441263320035074,0.8842477886954082,1.039819815247119,1.6451339237335112,1.0226148488326785,-0.04096002680128414,0.7017406828348309,-0.6014827109928451,0.37104156331238325,-98.78643729928862,63.864240037383944,121.85994905036561,0.3228707855766612,0.12950611999737607,0.5580428571911437,2.0847137970555014,1.006128288274305,1.5811550081918229,0.2898094790684801,0.7283972996566845,-0.011303680181075845,0.6179329494745841
0.5,-99.62146190565882,74.15824734021923,169.16971092275423,0.10130040489977486,0.21117053296260022,0.02441690107086147,0.19601960259981982,0.2702343060796816,0.25470141768255794,0.4678933112535905,0.639404802006362,0.329726585986179,0.5073638776529212,-93.0042527471291,87.73776394828832,191.2765047173119,0.06867555264433706,0.12325730081284639,0.10913911834571834,0.2314235534194968,0.3413902900182649,0.38604950827189627,0.5417837807439938,0.47241604338565873,0.5274474580903452,0.4499079420534253,-150.10790780379466,36.037119881718525,91.93177569327072,1.2900728868932592,0.37432674198385824,0.8469554093001083,1.0234575803081492,1.6583820933949196,1.0896011046448444,-0.030874027477318877,0.7131549824662676,-0.5807837730773949,0.38470213897037797,-98.90131772500477,64.29436970821419,122.08343868322132,0.3415991992172319,0.13897706894839482,0.5353322349484295,2.0835158856721474,0.9279090890474291,1.6278770120030501,0.28805285580260015,0.7279987034159874,-0.008137097732908261,0.6181071360822864
0.51,-99.43442959268906,73.92762419537758,169.08272478411618,0.09951205459776001,0.19025007979491798,0.028302854527073994,0.1853680367225683,0.23699685471256052,0.21012064978773157,0.46912422420820155,0.6396945175334522,0.3290266206684407,0.5056703898121655,-93.0689026399388,87.76246228764124,191.32564479381554,0.06807523491042,0.10783243869941529,0.10520272124416001,0.2297285656461329,0.31850056283992917,0.39351175321455767,0.5410844585421614,0.47236281451443646,0.5275032455747667,0.44999651471041385,-148.67893097084297,36.96843099830457,93.83927076445414,1.1540416894247845,0.31333454613724687,0.8101686456012644,1.0034183214584504,1.6550025146274343,1.1573176289638498,-0.020975081713382335,0.7230926120359132,-0.5611179868227802,0.3975651001143738,-99.0125951657018,64.79643026959238,122.25897885667031,0.3553552807168419,0.16331092091117322,0.5192488117442049,2.085259562291196,0.8428158495516263,1.6632410299875169,0.28551664090451284,0.7278337758094376,-0.004869902337631564,0.6189134815977816
0.52,-99.23907164836747,73.72736884375693,168.9570589896102,0.0957476666722455,0.16827352488590022,0.03260807990281058,0.17859811813130808,0.202766027898004,0.1684591036029743,0.47016944299598246,0.640080264421338,0.3282150383048589,0.5042533874390305,-93.12722071147891,87.73968565426999,191.33859855133676,0.0688010801141113,0.09632921169132203,0.1012391571495344,0.22753419690612287,0.29636011830563386,0.39594729775114623,0.5405171675442066,0.47270477238058783,0.5271785177712579,0.4500431067306746,-147.2824979126211,37.86251349776454,95.53305121004495,1.017067208305244,0.25904827863643437,0.7735057959069662,0.9808892995490177,1.6369733661088548,1.2219374145736719,-0.011504281327045882,0.7316051738831355,-0.5426248550219412,0.4096252424045953,-99.0978246938984,65.35542251356462,122.43061769315882,0.3619189159779949,0.19732843655144533,0.5087762785529963,2.0902488768815344,0.7550199988113271,1.6867812534461788,0.2827042109457988,0.7277987401022771,-0.0011377546382927445,0.6202013392980461
0.53,-99.04224116026117,73.56135545890385,168.7967212667126,0.09013879793435603,0.14651935487836185,0.03701989411064559,0.1763887117714953,0.16884019916655799,0.13183160850834438,0.4710101515326547,0.6405737446128322,0.3273100177555317,0.5031607629262869,-93.17656301564372,87.67667201103025,191.319383728458,0.07007058327781622,0.08821020614439783,0.09696112024384704,0.22434255121602376,0.27532136835603316,0.39371172046373876,0.5401156336383155,0.473368861491224,0.526540354507844,0.4500613067158741,-145.93370777794433,38.72185111504804,97.01088274009294,0.8810613991199531,0.2119612878661707,0.7360897749978386,0.9561450042133564,1.6058210633255126,1.2795845264757928,-0.0026729966620874803,0.7387669290172084,-0.525437711984569,0.4208680917573501,-99.138857184447,65.95612997086188,122.635307848613,0.3599820293972797,0.23606227155630896,0.5026162394532104,2.0965328568832557,0.668436872494977,1.6985612790030193,0.28005332920000897,0.7277796950907396,0.0033428839220216422,0.6218018935232712
0.54,-98.85110174163583,73.43187119798296,168.60693529792226,0.08309802443342942,0.12616170138047533,0.04123104459891027,0.1791388969986387,0.1367654449576159,0.10200018387660893,0.4716313820730492,0.6411813037220239,0.326336617701677,0.5024258077498986,-93.21494589116452,87.58170797142161,191.27394320216902,0.07117634348968795,0.08282980978686992,0.09214579446044477,0.21995836622263354,0.25557997138612887,0.3875185675032073,0.5399086318193203,0.474269411535974,0.5256693974125975,0.45006153538006094,-144.64945403831902,39.54553886521573,98.27469180228118,0.7483137156082244,0.1722728953115701,0.6968126090033998,0.9286817827404932,1.5626171467489969,1.3265193959829453,0.005343588247338507,0.7446704428348178,-0.509681216337737,0.43126651287750906,-99.12254260179667,66.58390339497548,122.9017387291288,0.34915475578565397,0.27503268941459985,0.49921527934304083,2.100209041791924,0.5864294635777012,1.6989304929789522,0.2779186382374189,0.7276661383345565,0.008765372717624844,0.6235429913211511
0.55,-98.67250181335974,73.33955722873638,168.3938122439314,0.07524298202325165,0.10817809593456314,0.044961359612927264,0.18693805274036251,0.10822258336306263,0.08026580523721011,0.47202318833320955,0.6419016556512587,0.32532585359949134,0.5020647394166659,-93.24107846008356,87.46375020997395,191.20947228206646,0.07155776681718062,0.07948795239755735,0.08666957663571759,0.21447247265098876,0.2372628935680239,0.3783284326578104,0.5399166427916253,0.47531551093345936,0.5246525890058719,0.45005158025462033,-143.447547487278,40.329547903402705,99.33047510432795,0.6213103842759876,0.13987583170753068,0.6546341725109982,0.897493670456963,1.508134464416583,1.3593325641336635,0.012411710508553987,0.7494223135761345,-0.49546548803001045,0.4407816183692144,-99.04114022064086,67.22514561820098,123.249617019156,0.32990890248519295,0.3104711634268111,0.4968527985182293,2.095998207442183,0.51160972384107,1.6883181926338042,0.2765608826431444,0.7273621734620929,0.015228116146927023,0.6252624977804205
0.56,-98.51243702981127,73.2834569988783,168.16400285464934,0.06730527308808625,0.09327550828920733,0.047975591712038364,0.19954353145521841,0.08488343798485405,0.06739244884898099,0.4721814521496195,0.642724451221866,0.3243127165587899,0.5020757260474757,-93.25435112285905,87.33198472011225,191.13371626189806,0.07084834508085691,0.0774961479380927,0.08052539873812146,0.20823660950821896,0.22051018624674731,0.3672077202703416,0.540149311422342,0.47641847217718153,0.5235757358057991,0.4500370551932727,-142.3454585042836,41.067473198469756,100.18813520889915,0.5025264785189885,0.11436461632898261,0.6088539156043677,0.8614168917542956,1.44308313778487,1.3751480920652464,0.01844284196997385,0.7531392244957513,-0.4828776147443912,0.44936777970309666,-98.89238878005452,67.86758970835139,123.68947217052896,0.3034606590408147,0.33947403166049744,0.49377558562699714,2.078004739600664,0.4457648069509644,1.6670942297870976,0.2761429261265985,0.7267947943174052,0.02273547026062767,0.6268193335831701
0.57,-98.37563500322831,73.26116385409034,167.92435334405047,0.0600340249578606,0.08184466912883177,0.05009621988849368,0.21636539066428326,0.06825458344251724,0.06356714506027461,0.4721082837691344,0.6436299798904662,0.323333360584775,0.5024395721119989,-93.25478974889036,87.19535703806473,191.0542955945238,0.06889184964107435,0.07624455525581375,0.07382004990185588,0.20182541073508956,0.2055277514838939,0.3551776368032809,0.5406038189588952,0.47749847607288387,0.5225168165047973,0.4500218014212712,-141.35885194499977,41.75163694120595,100.86120991583132,0.39421562792685555,0.09506934288982691,0.5593055795622948,0.8194665171135972,1.36834157342677,1.371816434860767,0.023395707761279385,0.7559444088268658,-0.47197206993697016,0.4569807037709691,-98.6792139134366,68.50044802319468,124.22303433578269,0.2715984396697607,0.36007439588628415,0.4883563683131017,2.040557931803765,0.3899065648117113,1.6355050040045844,0.2767324305190331,0.725918872851188,0.03120483432191264,0.6281015243046824
0.58,-98.26528307134191,73.26905194009325,167.68158595432368,0.0541037328835347,0.07394884919930676,0.0512111532380667,0.23646472333738164,0.05952626473873477,0.06839874363355679,0.47181205528020553,0.6445901627682901,0.32242191312477464,0.5031219813217573,-93.2429867997598,87.06211028079046,190.9781125592839,0.06572762078107107,0.07525643510778714,0.06675287843916669,0.19598242755861572,0.1925946944325256,0.34308416286232696,0.541264268796781,0.47848967979119206,0.5215407646361875,0.4500082417500805,-140.5001316296662,42.37436360400172,101.36645903999148,0.29822202112468355,0.08111437745715686,0.5064469880125795,0.7711044378296746,1.285112563400156,1.3480674930820575,0.027276052997509376,0.7579644773077181,-0.46276200424543124,0.46358696554253753,-98.40907935094643,69.11448590717404,124.8441943102741,0.23646977115814255,0.37123166407207864,0.47925371858228794,1.979017762010082,0.3444131149757768,1.5936749726399426,0.2783108317897228,0.7247187327114285,0.04047981548331291,0.6290308787057172
0.59,-98.18290435114298,73.30256802800301,167.44201801330018,0.05003563125389662,0.06934782466843868,0.051276899967664324,0.2585777146757224,0.05944124776380923,0.08095676692361016,0.47130720223543493,0.6455707962988935,0.321607469627955,0.5040770742235203,-93.2200179595225,86.93937022101112,190.91088279457375,0.061552035932733166,0.07421816253239945,0.059581104337115616,0.1915482332271838,0.18202181636030224,0.33151800166580636,0.5421021717259229,0.47934339594579795,0.5206961363810092,0.4499976948807361,-139.777200415246,42.92923175902901,101.72328934848804,0.21583530196748077,0.07149649759535011,0.4513419747874624,0.7164060857579815,1.1949666481929015,1.303603170547418,0.030133832966178282,0.7593264599105396,-0.4552132085493413,0.4691732517324818,-98.09302227215278,69.70205290721846,125.54050546685022,0.20034873134741904,0.37275016990599064,0.4655530447842908,1.8904338395224882,0.30921387004895495,1.5416516710285506,0.2807878636373248,0.7232064796107689,0.05034873004135489,0.6295642624208366
0.6,-98.12837234726176,73.35655813873767,167.21132528019598,0.04814034624770814,0.06755219215511768,0.0503176470416499,0.2811780361764324,0.06819500487652952,0.09984901658265648,0.47061395235395626,0.6465347573160155,0.32091176055055015,0.5052516280385151,-93.1873485289243,86.8328144932402,190.8568198395791,0.05666699161010937,0.07297943187157808,0.052579444004272065,0.18936926680856336,0.17407361853392303,0.32079861954777456,0.5430780794481332,0.4800292791602458,0.5200137459736484,0.4499906530905844,-139.19259024902973,43.412136195065216,101.9530280399021,0.14770171627631823,0.06517313331533754,0.39555188012633125,0.6561196239137457,1.0997774399186069,1.2391268406730969,0.03205780711739741,0.7601549052685935,-0.4492419199224901,0.4737538277726219,-97.7444509061327,70.2570894006715,126.2951235418369,0.16540877214078595,0.36514699824142083,0.4468690895125196,1.7739738049381668,0.28396664315503684,1.4794710950020897,0.28402034369225915,0.7214175790216991,0.06056703961856254,0.6296917468327179
0.61,-98.1000434670896,73.42560186178599,166.99435082932126,0.04848700210830687,0.06789892454817367,0.04842029830122215,0.30258404267096334,0.08537595330099497,0.12333323810138704,0.4697580597247744,0.6474456534141251,0.3203477811369633,0.5065893736385455,-93.14673139369262,86.74645447457361,190.81848383379003,0.05142588463930432,0.07152679742994006,0.046002180372246335,0.19018888365936262,0.16887773775164816,0.31101578473251623,0.5441443335383802,0.48053471458634206,0.5195070921866317,0.4499870242584023,-138.7430520927485,43.82204219413174,102.078083166279,0.09379653830257628,0.06114892991525674,0.34096474234157914,0.5916263347092037,1.0015871860972472,1.156320734174456,0.03316785420099535,0.7605689680930572,-0.44471688360386924,0.47737518341099183,-97.37781864082777,70.7751156943395,127.08900821259938,0.13352432931482733,0.3494922453142113,0.4233916450314476,1.6310801894282874,0.26818448182200544,1.4072297542481689,0.2878333790613793,0.7194044707916006,0.07088165952061325,0.6294321358809272
0.62,-98.09498169933289,73.50432900982341,166.79496085834782,0.05090098419268299,0.06963697543968779,0.04572540092310433,0.3211058901364603,0.10995252781191368,0.14945519557447892,0.46877049184114067,0.6482713035457374,0.3199194548608399,0.5080347089716128,-93.10009936966009,86.68254483957672,190.79678915713328,0.046184815171491526,0.06994021175664905,0.04005422598337416,0.19452854200304093,0.16634865927723155,0.3021051727438251,0.5452487552345627,0.4808627692012975,0.5191742305164653,0.44998633807358546,-138.41963912515445,44.161364227506375,102.12104739272014,0.05345567113223887,0.05854830957170176,0.28959116659779166,0.5248177107630668,0.9024488274796975,1.0577822936134613,0.03360558148312088,0.7606795375545022,-0.4414654633101014,0.48011726380286185,-97.00731337107086,71.25320220123055,127.90315255684493,0.10611999885726649,0.3272422118285453,0.39586284209541656,1.4653587617353923,0.261288586651037,1.3251627017768626,0.2920417707199414,0.7172292041906906,0.08105461645618571,0.6288265106969605
0.63,-98.10924986788018,73.58769762931827,166.6159516750026,0.05498970967156646,0.07201189653153776,0.04241419879233956,0.3352151837357842,0.14031215758771695,0.1762030565009778,0.4676869071250275,0.6489865161589281,0.31962223069820805,0.509535398285899,-93.04945775344453,86.64162113483985,190.79115162036197,0.041263640883959514,0.06834440496570486,0.034874711323170896,0.20257459353780397,0.16614739830148015,0.2939284830497195,0.5463389102844236,0.48102914962480536,0.5190006593220092,0.4499879161758889,-138.20827268784805,44.43594581012304,102.10380832069812,0.025459234834041892,0.056664119887213656,0.24335171460727903,0.4579109234198954,0.8042780139430431,0.9469197679111412,0.0335239561423362,0.7605865465381505,-0.43928317089173036,0.4820910953270538,-96.64570308751468,71.68991298168116,128.72058944551577,0.08407968638165315,0.30007944071559933,0.3654866560492774,1.2822375073189831,0.26258884061590976,1.2337337358372102,0.2964693875252537,0.714956111892547,0.09088349800254979,0.6279305162003205
0.64,-98.13824515244782,73.67121897804665,166.45901483732283,0.06019298278046255,0.0743400705088753,0.03869261913405639,0.34371078598275534,0.17435490975418838,0.2016655997894899,0.4665467146514386,0.6495748421870781,0.3194444089577209,0.5110441447927495,-92.99678501657124,86.62265356381019,190.79974481187946,0.036919034365050854,0.06686516773476954,0.030533179698528107,0.21409133564950958,0.1676887280761245,0.2863346854559988,0.5473664085621847,0.48105862493242485,0.518962769538355,0.4499910065883765,-138.0907424732944,44.6546567046976,102.04672612064164,0.008156240223276521,0.054978055507743775,0.20387708278167097,0.39323183348169993,0.7087351868639595,0.8277973005363204,0.03307677782678375,0.7603766243401773,-0.4379457003199959,0.48343297628973314,-96.30345452753788,72.08521126513797,129.52795806718382,0.06772076469449939,0.2697666907439435,0.33378365585261294,1.0884610949392641,0.2712164317892558,1.1337396016932497,0.3009646858147467,0.7126454200407946,0.10021657132280232,0.6268061794838521
0.65,-98.17705993267226,73.7511225159316,166.32476760728028,0.06585168350552291,0.07606536848584382,0.03477367382489664,0.34585189689287915,0.2096410477523257,0.22417950960537958,0.46539154548266737,0.6500292118975316,0.31936894170141816,0.5125192235003734,-92.94394876495218,86.62329674297503,190.81982799200378,0.033329920886874864,0.06559683028683276,0.02703571711948034,0.2283819222320206,0.17019560448941567,0.2791928765270388,0.548290642451134,0.4809813362390498,0.519031440414006,0.4499948838314976,-138.0460543172971,44.82866153825017,101.96792985881942,-0.0003836869463760841,0.053155415824047064,0.17234075584425826,0.33299954213974475,0.6171564420834125,0.7049207916599315,0.032408835136123144,0.760121228873614,-0.43722234881062727,0.48429574883264764,-95.98819617340251,72.44031527272428,130.31648489181816,0.056830612591174626,0.23801805490634548,0.30241124693698146,0.8915002926249399,0.2860443270668124,1.026416898028538,0.3054112287620573,0.7103484356313222,0.10896120391292784,0.6255141062718204
0.66,-98.22084941613005,73.82446035957075,166.212851734407,0.07128594333856901,0.07679354521354169,0.03086034278316486,0.3414340782124521,0.24358661158332875,0.2424499523483161,0.46426309530160687,0.6503515467666154,0.3193754489328641,0.5139245504320281,-92.89264083972608,86.64020942182097,190.84810498711286,0.030594486018752007,0.06458339926170459,0.024337116412826352,0.24431423610501718,0.17278948008845105,0.27240026866277817,0.5490814826679513,0.4808293434074531,0.5191754316301835,0.4499989172646849,-138.05200198705518,44.970449989113234,101.88277070419164,-0.0022078490690828193,0.05102194170878566,0.1493416835470579,0.2791450431282629,0.5305564333604654,0.5829695918245082,0.031647497645419236,0.7598753467019382,-0.43688960216792116,0.48483803041876583,-95.70454187637783,72.75749673516931,131.08231769635373,0.0507559158986665,0.20639011003321137,0.27297186383760924,0.6989576393500133,0.305629726588667,0.9135264823006013,0.3097328037191134,0.7081046018710596,0.1170851154506708,0.6241069033693412
0.67,-98.26518369369839,73.88915488898543,166.12209473848122,0.07587240015388827,0.07630282359007295,0.02713111626618791,0.3307943953543817,0.27369373321083834,0.2556302290301967,0.46320050254573913,0.6505515528058436,0.31944221812396295,0.5152296105173721,-92.84433185919583,86.66941378290636,190.88107527829095,0.028737113374610178,0.0638128787218834,0.02235552072373384,0.26041852817901034,0.17459807168436048,0.26587462149147983,0.5497206808963531,0.48063366857799733,0.5193643099271871,0.4500026112727705,-138.08681088075605,45.09274765212618,101.8034563116737,0.0006759048167198395,0.048532226926978866,0.13484948037187625,0.23318887610756675,0.4497219794138089,0.46649841426101685,0.030896286113062162,0.7596768021833556,-0.4367436843393695,0.48521262973380025,-95.45424024558966,73.03982343624392,131.82623367766556,0.04852958799780881,0.17619724749876767,0.24683188223063776,0.5180390818656117,0.3282042910400015,0.7973841797935469,0.3138934142173361,0.7059403603986166,0.12461091852460318,0.6226245397309738
0.68,-98.30635590963227,73.94399526069641,166.05071672323055,0.07911053056523033,0.07453286150837095,0.02372977736656206,0.3147454322048578,0.2977929993074923,0.263351179536867,0.46223763132469753,0.6506449581088858,0.31954800072633965,0.5164095677529176,-92.80024310239061,86.70666125953599,190.91534482599127,0.02772285361283154,0.06322231088169089,0.02098718444880493,0.2750491320465849,0.1748605196710869,0.25953890860508594,0.5502019700216298,0.4804219996426028,0.519570742794878,0.4500056217430525,-138.13068924191842,45.20744134478302,101.73887792323144,0.0064346411630224545,0.045737867426985206,0.128217032699879,0.19619068670253348,0.37539314589400574,0.359647819563518,0.030230706310431826,0.7595461840599607,-0.43661102086577136,0.4855555711385865,-95.23657783884293,73.29085950496436,132.5528176001203,0.0490165931912366,0.1484556762610767,0.22497335545569153,0.3551394961756139,0.3517280223677688,0.6808133725164285,0.31789297443705467,0.7038695217973466,0.13160527307807252,0.6210920543659556
0.69,-98.3416149904613,73.98858901316426,165.99655691027314,0.08067066152365432,0.0715575794552495,0.020760031347313718,0.29445078832679605,0.3142667491825879,0.26569859642592686,0.4614007247011899,0.6506514675203484,0.3196734750296517,0.517445668334676,-92.76133253342238,86.74777229246367,190.94787407102433,0.027476358921099286,0.0627099265714328,0.020120129290811525,0.286587615627137,0.17301271538873364,0.2533018567488875,0.5505300351669767,0.4802171249095862,0.5197720823117047,0.4500077537766845,-138.16713073942748,45.324648422290686,101.69463012828986,0.013514260357509323,0.0427604939370576,0.1282568777293869,0.16876916729595137,0.30849607508483357,0.2659028600752577,0.029696402030716273,0.7594873852202345,-0.4363558071664677,0.48597708166775144,-95.04894556150974,73.51434965860241,133.26926756833416,0.05105884684799328,0.12385894973077091,0.20789721556662621,0.2155646138740176,0.3740117506960064,0.5670128328400136,0.3217598994366329,0.7018947739241046,0.13816464059248565,0.6195196189520957
0.7,-98.36929555658614,74.02327446289105,165.95729148523537,0.08041996410674325,0.0675488470015262,0.01828479877417925,0.2712638082461279,0.32221984474573223,0.26314584408040026,0.460706823540551,0.6505926838628214,0.3198023019196712,0.5183258060751224,-92.72829154005457,86.78892226488654,190.9761519746971,0.027901994922616767,0.06215066446725118,0.01964608624453337,0.2936542642084019,0.1687406007499101,0.24703564894643265,0.5507186367738531,0.48003609068002656,0.5199512411451325,0.4500089457165997,-138.18384165273272,45.45203628253298,101.67321215255078,0.020706547160380413,0.03977145149079041,0.13336937419683254,0.1511766004863441,0.2503657137976384,0.18792833802905773,0.029309515839537496,0.7594887598527266,-0.43588416785250295,0.48655556429090846,-94.88747579568054,73.71392233687553,133.98402549257054,0.053601155181943645,0.10278476125863291,0.19558936400282276,0.10338860306254194,0.39290033722577417,0.4593544014415051,0.3255419373741915,0.7000099956094968,0.14439993891805109,0.6179045904969818
0.71,-98.38883068576888,74.04899917014134,165.93061908397206,0.07842582357551409,0.06273759912141125,0.016329551528484833,0.24655537067899747,0.3215716131936743,0.256456673706305,0.46016315837349003,0.6504901998997176,0.3199217526095517,0.5190449699881476,-92.70154929483084,86.8268550404234,190.99829552999577,0.028902234507682086,0.06141211864293194,0.019470233445215715,0.2952923804814589,0.16199562410836216,0.2405528508481802,0.550788210882544,0.47989001101994466,0.5200969252175341,0.4500092443731629,-138.1732131985504,45.59445863321883,101.67438901311095,0.027178854045255902,0.036977025169475826,0.1417034449987869,0.14340167434218815,0.20289204697381022,0.1274917133290399,0.02905904770730172,0.7595249287182482,-0.4351447206184255,0.48733509648290096,-94.74766729368461,73.89284875382718,134.70543974619696,0.05578463012412349,0.08532911234596174,0.18755164025622184,0.021427953847424148,0.406494205212197,0.36114092729516184,0.32929657483016933,0.6982030775047458,0.15042231661288355,0.616234932910732
0.72,-98.40065214822056,74.06717060890134,165.91440026763624,0.07493784049557356,0.057377558863884605,0.014888733602199788,0.22155585830334903,0.3130573386415046,0.24657656337180003,0.45976751808613653,0.6503640085634611,0.3200229311331125,0.5196053039610817,-92.68128237085675,86.8590174575007,191.01308200775887,0.030392197780061258,0.06036901442316569,0.019518148188427602,0.2910951328464824,0.15297422379611383,0.2335873624383513,0.550763266485666,0.47978441575685965,0.5202033313674775,0.45000877584287396,-138.13231761747136,45.75392522138675,101.69568160620786,0.032469352497916916,0.0346063147158086,0.15132674241267927,0.1452705471427609,0.1685427690477572,0.08546769340754375,0.028910962115347966,0.7595592986202017,-0.4341257087208789,0.48832646276469205,-94.62493127233736,74.05388856258566,135.44064592171767,0.05700030894165029,0.07136044122304294,0.1828899908136324,-0.028700270747996793,0.41337255938498324,0.27536030740343914,0.3330822083330427,0.6964589184436621,0.15633181381084188,0.6144932801737247
0.73,-98.40600135034562,74.07948802284578,165.90674842625918,0.07035125144547388,0.051715218326036504,0.013933933315997859,0.19723225840664269,0.29814287054005884,0.2345284601907373,0.45950944707938973,0.6502313195522766,0.32010064701656826,0.5200156364058132,-92.66742838535384,86.88361939871186,191.0199255631281,0.03230900391147163,0.05891497740434559,0.019739382476225562,0.281254574928047,0.1420703128774085,0.22578705157328652,0.5506698599798426,0.47971999852302344,0.520269443473753,0.450007715620599,-138.06246536767432,45.9298713768534,101.7329474483077,0.03645286080647462,0.03289852521975853,0.16038403163966924,0.15652120190020166,0.1502464666743244,0.06190641450194398,0.028813779401472218,0.7595473768570837,-0.4328492201963931,0.4895112558279975,-94.51501354609783,74.19923780072396,136.19479690217807,0.056902706726650466,0.060583684649023924,0.18044346566017463,-0.04647256481990839,0.412772529283365,0.20446725800939589,0.3369509941263203,0.6947622112288016,0.16220992135737347,0.612660963193322
0.74,-98.40668577609469,74.08776848113357,165.90607719528447,0.065156522656377,0.04596816987918673,0.013422267253567285,0.17421467558635478,0.2788656492081827,0.22132267797038155,0.4593720360070487,0.6501058148027046,0.3201530143942346,0.5202904879160019,-92.65970398023461,86.8996310642621,191.0188113692056,0.03461537245436459,0.05697069500800404,0.020107329782282,0.2665252393563937,0.1298130264429881,0.2167262927784729,0.5505333657987879,0.4796936196750252,0.5202980686398859,0.4500062608864625,-137.96840922924738,46.119654793217045,101.78100862236192,0.039283388780087476,0.03208762374669007,0.16722996227412373,0.17683871657098307,0.15114809684202538,0.05614208467177286,0.028705333265133234,0.7594408992819748,-0.4313633083619806,0.4908482654210401,-94.41427236730638,74.33057389819822,136.97069060728015,0.05538935668704004,0.052603731947954355,0.17893185364176356,-0.032338826637329336,0.40468153614067554,0.1502150348817319,0.3409438479231907,0.6930996546397306,0.16811613483704782,0.6107215049707713
0.75,-98.40481668793447,74.09378301172947,165.91111137500172,0.059881640721131314,0.040312267950459856,0.013303622379586728,0.15277787739597753,0.25761997609526377,0.20788446115291692,0.4593340399650032,0.6499973281563378,0.3201808634794741,0.5204486736664253,-92.6576287433143,86.9067308250197,191.01020065048948,0.037297720953024825,0.05448798760088044,0.02061557982746456,0.24810964729419793,0.11680046544403466,0.20594272220043805,0.550376691925805,0.47969942614787675,0.520294749012425,0.45000460698724964,-137.85731152172917,46.319187553448636,101.83428071525135,0.041320119112751415,0.032384297534557266,0.17053071216089186,0.20585309420032832,0.17426686259973048,0.06692066842965552,0.02852024025777029,0.759192617470278,-0.42973297914039965,0.4922812556691345,-94.31981637087804,74.44917246123123,137.76875243145406,0.05255653226409162,0.046979963279775175,0.1770995968429157,0.012388019640104858,0.38981812388379533,0.11354912532940736,0.34508755662139884,0.6914613725969312,0.1740877694978282,0.6086633312210564
0.76,-98.40255628413937,74.09911812425038,165.92086603101086,0.05503426529766407,0.0348767043084771,0.013525896020795949,0.13287448478081335,0.2369074063317658,0.19499905188521144,0.45937206786901247,0.6499118984272756,0.320187050231592,0.5205116722965355,-92.66055679302012,86.90521588814813,190.9949198975955,0.040359741451645004,0.05145011731114771,0.02127156671767936,0.22748724881118162,0.10363640807513588,0.19299499632630968,0.5502190185695557,0.4797299681274696,0.5202666681334878,0.4500029293016314,-137.73760208316446,46.523611000669234,101.88735676835356,0.04304392364838786,0.03395672612646142,0.16933371465140215,0.24310971814927998,0.2220984942095155,0.0925305002020502,0.02819745552551089,0.7587613628030901,-0.42803098590586186,0.4937472398496591,-94.2295263615031,74.55605857427811,138.58726107451122,0.04864248605841045,0.04326750610848793,0.1738392452589821,0.08562028285105099,0.369502924477863,0.09456635037397963,0.34939356822893436,0.689841528996112,0.1801418106954596,0.6064816426726888
0.77,-98.4018923985341,74.10507366582816,165.93459616732,0.051050406662902156,0.029745179473910713,0.01403790807337389,0.11420969795930594,0.21907625316096235,0.18327376637447407,0.459462624421646,0.6498521210418884,0.3201757423232338,0.5205019450080113,-92.66771656063537,86.89588705596431,190.9740469075182,0.043812817460068564,0.04786970033634337,0.022088766157275258,0.20621736117667716,0.09087424700507517,0.17753137018207754,0.5500750748370427,0.479777217057992,0.5202216471090177,0.45000137093636805,-137.61785209503682,46.727932704638256,101.93550423176323,0.044971910267243696,0.03691220277929409,0.16310544392423387,0.28802412322375187,0.29621205576471404,0.13092501726979283,0.027687188828345255,0.7581168389422032,-0.426329246849286,0.4951843963252401,-94.14199427546522,74.65215443576241,139.4226843881541,0.04396821648928013,0.04104452634389203,0.16828508470053266,0.18456105785376054,0.34544593635275284,0.09253633403734433,0.35385789957471775,0.6882382858483461,0.18627753850901266,0.6041795005182633
0.78,-98.40445167175471,74.11260147820835,165.95172078781314,0.04825502466893701,0.02496108881879827,0.014790112636501953,0.09634406915162239,0.20607672993418832,0.17311794659237842,0.45958383973425565,0.6498177111124247,0.32015174640941174,0.520441370883564,-92.67825753213505,86.87991881784046,190.948804229864,0.047664607537474875,0.043786119326455576,0.02307886191199797,0.18574852427282748,0.07897165460570287,0.15935572958520383,0.5499549163507274,0.4798334173593165,0.5201672988323753,0.4500000360868496,-137.50577708321737,46.92756160352801,101.9750408930353,0.04757780698257343,0.041281500341750425,0.1517369560729429,0.33983194241715786,0.39689459656848003,0.1798309239363919,0.026956482837556243,0.7572435541178337,-0.4246915759960787,0.4965388164345121,-94.05641275391716,74.73839284476297,140.2700135280002,0.038883287994918046,0.03992726681323311,0.1598727711131724,0.30575682257004755,0.31949210662760946,0.1059774548877774,0.35846173649939556,0.6866533038011512,0.19247898097661634,0.6017682260061853
0.79,-98.41135965330682,74.12228322280629,165.9717307155572,0.04683801614019661,0.020534985632747155,0.015733654826467044,0.07880913850625478,0.19925960860673084,0.1647418343064299,0.45971678148180434,0.6498061888689761,0.320119925509807,0.5203499285607177,-92.69130088139795,86.85872562457124,190.92046702432873,0.05190704002921688,0.039263782132792045,0.024245152802378492,0.16726216247820938,0.06825944765040337,0.1384783987487034,0.549864128836135,0.4798917322161197,0.5201103811070624,0.4499989884318885,-137.40746225150602,47.11869638518296,102.00356722416664,0.05122579919472305,0.04700779712992311,0.1355180304326896,0.39754490645605345,0.5228942220141534,0.2368388701748016,0.025992887586017997,0.75614337296132,-0.42316831080618267,0.4977694087750256,-93.97244422744723,74.8157780906657,141.12302713408164,0.03372156717325087,0.03957592453413806,0.1483639865622821,0.44515413505275214,0.29337208484341976,0.1327760182901328,0.36317252199626043,0.6850909765091245,0.19871669160364674,0.5992672520174745
0.8,-98.42315653558182,74.13434174860437,165.99409635270678,0.04684672947552277,0.01645322795601764,0.016818691984351902,0.06121886488353604,0.19924502292451396,0.1581732728076059,0.4598463027419705,0.6498136048139617,0.320084738102078,0.5202447099157409,-92.70598920857879,86.83383377268495,190.8902883698929,0.05650525184772512,0.034391268410173835,0.02557806099477576,0.15156944479959672,0.05892742406780975,0.11514248686267835,0.5498043592859281,0.4799466694727709,0.520056364202338,0.4499982536250714,-137.3268740328233,47.298543019887425,102.02004632390373,0.0561242886010909,0.05394216456588706,0.11508346758065705,0.4599240904164887,0.671304229161487,0.2994779935081413,0.024805862101198898,0.7548363102909875,-0.42179325088536695,0.49885055254891914,-93.8900935163175,74.88538908814856,141.97446209597456,0.02876926193465463,0.03969515471439239,0.13383829858144175,0.598180065673863,0.2684992826069382,0.17033627603818158,0.36794545296220915,0.6835576045738567,0.20494876428705258,0.5967035687291519
0.81,-98.43977664188792,74.14867868431762,166.01819557429886,0.04819406601708692,0.012687198876984324,0.01799307857399887,0.04335848053248209,0.20588190880290458,0.1532884167819936,0.4599614299307012,0.6498352344663485,0.3200499139910151,0.5201393057520206,-92.72152965164773,86.80676653999157,190.8594420436277,0.061389615358883744,0.02928019051972123,0.027053100138946604,0.1390692293081197,0.05102803086317055,0.08982157319445978,0.5497740664521343,0.47999429531212007,0.5200092068822539,0.4499978247848446,-137.2656856896881,47.46535967448132,102.02473711219709,0.06230380635791276,0.06184765669454548,0.09133795289221001,0.5254806205103502,0.837618859630855,0.3652804746697202,0.023425786339057262,0.7533593987512068,-0.42058304298264676,0.4997724422269245,-93.80960266210357,74.94833217143498,142.81610506835372,0.024245567983155147,0.04003284502221949,0.11665765971191103,0.7598630779309934,0.24584121498388006,0.215750591293425,0.37272530145751637,0.6820607488540005,0.21112136606696608,0.5941108568417373
0.82,-98.46059558192788,74.16493063792143,166.04328013651119,0.05067978125722905,0.009202573401884543,0.019202373421137883,0.02523445938854194,0.21830695577163442,0.14985156294318022,0.46005533610572646,0.6498661887785226,0.3200182674425583,0.5200435619789816,-92.73722542854492,86.7789486682212,190.82898118324843,0.06645334606902015,0.02406205295416942,0.028631280906113513,0.12976477505513856,0.04449597079066052,0.06318957323589437,0.549769384159468,0.4800322600198375,0.5199713182964791,0.44999766985416645,-137.22340704723118,47.618349150478544,102.01900026990066,0.06962031449497567,0.07041340541354177,0.06536750400417404,0.5925112127818314,1.0159750812712163,0.43184621574069637,0.021900762231482976,0.7517637283290812,-0.4195388073670045,0.5005393930104661,-93.73137904860559,75.00566074364527,143.63884710722135,0.020294773571275106,0.04037980506839414,0.0974109859368792,0.9250034902156884,0.22587752931432575,0.2659819162896866,0.3774484358172292,0.6806089715704218,0.21716934821063924,0.5915283422801176
0.83,-98.48454063145537,74.18253671435986,166.0684906567949,0.0540216078262511,0.00596792138867027,0.020391682899677643,0.007076398268181282,0.2350967013643218,0.1475598111270303,0.46012497381215445,0.6499019040668337,0.31999163628210875,0.5199636708202631,-92.75249344136542,86.75163452760691,190.79981062551278,0.07155755969148857,0.018881733462752348,0.030261734263053362,0.12332936248516027,0.03917931110537269,0.03606741313743467,0.5497850016828885,0.48005967139619476,0.5199436716933713,0.4499977397726146,-137.1977732557926,47.757437864357975,102.00500832407819,0.07778189531298715,0.07927864618570334,0.03834557633087472,0.6591710950475901,1.1995729635098504,0.49691773258353683,0.020291664237191677,0.750110020562987,-0.4186495007360461,0.5011666133048048,-93.65595788932892,75.05828395441992,144.43276193841447,0.016987881432667936,0.040571603863053286,0.0768465316424237,1.088392528655086,0.20864238343715671,0.31805171417293293,0.382044957714831,0.6792120228211286,0.2230175955759741,0.5889993757843978
