0.02,-0.22776385127073498,-0.014180295575198718,0.5691258024037567,-0.16258939893112534,0.09162209622479753,-0.2519083976029657,-0.08772640452392372,0.5157924645453673,-0.23355581651453702,-3.5041552115023045,1.2287657871918167,7.5374941492282685
0.03,-0.18385914333385278,-0.11789112657152373,0.6179010628974786,-0.050986916172110326,0.3372157770318183,-0.24175317569666926,-0.5548423000464814,0.567800895830753,1.023426689062752,-4.184423470407691,1.6132777520083021,5.446902840640904
0.04,-0.3610019955687698,-0.0877756847559666,0.5512421125613612,-0.1470276453616423,0.4341207716268978,-0.7925745862958216,-0.5194643578995018,0.847897247179198,1.9724923028682657,-4.839513709814862,2.2429206595503945,2.9618996752044633
0.05,-0.15961016010806275,-0.21534063256894753,0.5719505854723773,0.040231366802686325,0.658511321195088,-0.8004330816301224,-0.8707787995580135,0.9120862183494166,2.968631577141248,-4.895889838244235,2.6879946674771906,-0.06029349138700213
0.06,-0.15307978653384388,-0.23056070833359144,0.4676015687432722,-0.19350330892056947,0.39034643110187073,-1.1360285945707036,-0.8550641253449623,1.0313960358480625,3.820122416691132,-4.9709799858661965,3.4763073977319516,-3.470973448398433
0.07,0.07138621618731375,-0.2794390988821258,0.47305955006992384,-0.2538633001720959,1.0811795104685396,-1.2275214014561817,-0.9786286069809986,1.3764988428041325,4.705260214431923,-4.177850657689524,4.126030073058705,-7.20010798054115
0.08,0.0811298033186366,-0.14550081958047123,0.5832331972903111,-0.11259432605635501,1.1074041148483047,-1.7591695548008972,-1.0527176053762537,1.2950064285783536,5.06429534497296,-3.491396370154415,4.793753679208119,-11.382038302994793
0.09,0.018704147569012022,-0.4492224051290913,0.6193214327605949,-0.210854421457336,1.1396860494074739,-1.5708002514367825,-1.4303607225176116,1.6406012690929912,5.512284056193011,-2.215911347936038,5.204109890563805,-15.931074055245285
0.1,0.36121588460771314,-0.4217060496108525,0.3349533461315905,0.017361383813195165,1.150313547638488,-2.113603313956529,-1.4183704046559076,1.342405412611598,5.558001487250047,-0.5131407864173212,5.69355980380797,-20.69776060083327
0.11,-0.046082497861916906,-0.2692412845403661,0.3801460657186021,0.029440836287516522,1.4665717396238396,-2.0491656355637944,-1.4690691349385026,1.307760522349889,5.650796526764222,1.6125809150503332,6.081123908386336,-25.508692929114915
0.12,-0.18212629241636885,-0.31059304631460155,0.48930625226226837,-0.08321993893397527,1.4400478298211263,-2.187280937466395,-1.70372220070278,1.3736820158071406,5.214569308520732,4.042418510929932,6.421934381661106,-30.342229525590387
0.13,0.34278804750945313,-0.31527433563366686,0.38130460061470767,-0.11656016295789379,1.4138176132462876,-2.0555722011842668,-1.3249783673784405,1.3977747112076828,4.458898402859811,6.313215330447942,6.537338864178132,-34.91040770017515
0.14,0.1397459539746126,-0.3103581316502341,0.45848912341571957,-0.13218524673932125,1.4599205257024253,-2.1294466481242194,-1.400188870620922,1.1298352767509086,4.0091683648677305,7.718780824845369,6.606964566875557,-37.27059402591072
0.15,-0.17019812316053276,-0.16798559771255014,0.49126180723088025,-0.40352221082332806,1.4790593918134156,-1.9696687299365965,-1.220083049335953,0.8750971591805357,3.088438618329907,9.228075822880957,6.571678694553555,-39.228206631817365
0.16,0.14421429378341005,-0.31531683831486984,0.7706953274146092,-0.23208704593583743,1.3175907905743844,-1.8671358704355931,-0.8956285592132611,0.7328081745610379,1.7294871458456058,12.200993551889532,6.437578854312132,-43.025976652963244
0.17,-0.08993844063168528,-0.5490579828638379,0.33034712145620415,-0.11092437149207443,1.2750021992308556,-1.6873092145442332,-1.009359320910211,0.48094461919641973,0.1438295444828786,15.061487646180318,5.827090522259939,-46.44210916630912
0.18,0.083604538352518,-0.3233907139221659,0.30748653985803537,0.04169076467775251,1.028727365465982,-1.739090975494717,-0.9132940026440026,-0.04437202277113454,-1.5897731365788277,17.87295193061538,4.89216469161787,-48.80250840962449
0.19,0.2004847412996057,-0.47317936418401885,0.5038755673059923,-0.10024110521049318,0.9185535266063035,-1.4268640596099764,-0.8781630497006822,-0.16478020849656433,-3.9829371953897463,20.671075920885816,3.949441713151647,-50.19106733087544
0.2,0.12121556466358456,-0.38986864832122947,0.4776138664398222,-0.16485541366469636,0.8276289904888265,-0.8435453774228833,-0.479232872378741,-1.3066179760535332,-8.723043106813037,24.990510787838314,0.6222195993652447,-48.776944780777406
0.21,0.16724377868429138,-0.4120063758492743,0.5062680404792024,0.09937213230803221,0.627350124549227,-0.40628145404725613,-0.5916043681569935,-1.6864848680803148,-11.595349092626114,26.660912197721483,-0.8441402774032781,-46.29253260597835
0.22,0.1891888484958964,-0.47940863552393664,0.2742405038250514,-0.08619834338974633,0.4473591372564507,-0.1067992901130306,-0.29705710140251573,-2.4901320951453148,-14.488576757729495,27.64428065902979,-3.095264997020727,-41.9538059752319
0.23,-0.1582601870756894,-0.25912109859937654,0.27299570221359176,-0.1370136455035209,0.55050179889971,0.12963164287223305,-0.46435540797807606,-2.85803488849022,-16.536976897118866,27.468030572186585,-5.079466526580456,-36.388704559743054
0.24,-0.14359059219841852,-0.2985040854248668,0.2594696475480619,-0.06466519113105215,0.13681789257007232,0.2258019406685,-0.21475087627251713,-3.3835972551966367,-19.118295825347353,26.6990847786501,-7.110005027200069,-29.273798247900224
0.25,-0.22211337007233134,-0.47908957891350645,0.32955651684630705,-0.10180871860250042,-0.0006958028786279435,0.8279660504981402,-0.42971202172620515,-3.6928889216828615,-21.132413706764176,25.655520974114175,-9.421696267594195,-20.600295912302872
0.26,0.13062815262128238,-0.19927528457959245,0.19448405198756905,-0.3395031418752979,-0.5378443032354598,1.0375783184611065,-0.1112766748932316,-4.028192404701752,-23.0796040352588,23.020177187197145,-11.497232439108162,-10.860971976392275
0.27,0.1742913931101932,-0.3464256994718965,0.07486926170839028,-0.21775052612373955,-0.33513055134523273,1.1720755579022843,-0.05952815206082354,-3.8725608434569003,-23.730235001250556,21.363969253371632,-12.425080081206687,-5.248758175371526
0.28,0.09513972982806189,-0.5256688606684186,0.4797520471559673,-0.05437404269950044,-0.3628916722817369,1.5227411547583771,-0.35400101445585086,-4.044655504036065,-24.59962044132113,19.569497792614282,-13.327857644068548,0.36523647470410836
0.29,0.2157603606106201,-0.19304602619723105,0.5188147081762735,-0.13406969247963,-0.8518128968800308,1.4516926029118211,-0.25427991074108625,-4.118245693546975,-25.544595328558707,16.04830346441371,-14.802155523747643,12.440064094925368
0.3,-0.19726512249796938,-0.3168124034968086,0.13556861084699534,-0.13128580332260759,-1.1288452013625223,1.7037680777129525,-0.6326154475352475,-4.708020691632685,-25.775936599893196,11.159372793190492,-16.02992736317252,24.625028431109556
0.31,-0.4637327488225635,-0.3417253382904871,0.3614286365427619,-0.44834039317981816,-1.2042334061659523,1.7687407843894465,-0.4738145668938353,-4.358536183288066,-25.380272179016806,5.7325262430595885,-16.492156789878287,37.92816142485174
0.32,0.11798600673989107,-0.3776732299543222,0.10153007323302993,-0.4615284820296021,-1.111741353024285,1.7347159693358614,-0.923042104934231,-3.952361254073537,-24.40116756318424,-0.19405418152262988,-16.288365869652136,50.24863570573082
0.33,0.11976281839265349,-0.2701289499864633,0.2823807689164349,-0.5153741956817279,-1.4556839573951894,1.689601484148288,-1.0125013636573934,-3.5109265494665567,-22.060979730817227,-6.782627050333002,-15.45154399545517,62.33106751447923
0.34,-0.0023872920368770423,-0.06485436203212816,0.527134656527716,-0.23562351951226748,-1.5972232680657843,1.78164387394578,-1.4636353796359718,-3.05025784809957,-18.754278649480877,-13.377639274679815,-14.61483252832458,73.2220271063166
0.35,0.14436662337015888,-0.35846037671101133,0.3100951410338339,-0.15747613167789096,-1.5422418871182646,1.8251027298411362,-1.2649986570670695,-2.431860745519421,-14.39909114714546,-20.326757767078504,-12.363103225208475,82.34565657495243
0.36,-0.08905023456598288,-0.5101191237739423,0.19841367473477756,-0.5256476218658949,-1.496469454685116,1.6291153034146495,-1.596122155383738,-1.3869456414840418,-9.11058930004797,-27.05816272528627,-9.671961912141288,89.65601424858669
0.37,-0.06886914528276064,-0.26691736705849645,0.32557381343136127,-0.5777603583927353,-1.601180127548358,1.3060712683243476,-1.7103847967584254,-0.767151936022872,-2.4214855786087193,-33.86563043525035,-6.074994759697532,94.23886356434687
0.38,0.05577116200033757,-0.15812011309057455,0.3231956938666594,-0.5897906617036451,-1.0141971538150296,0.2582347133499814,-2.039931727167688,1.1936518876432292,15.219826850498226,-45.710638830507946,3.9827512615726115,93.69909606686467
0.39,0.17014587263983413,-0.17946945499359696,0.15126503093845464,-0.49975399653461533,-1.304759916826602,0.09780800225247147,-2.1792657261579764,1.4961574470211667,25.779058559071096,-50.35896704984474,9.81264123347423,87.41443453178162
0.4,0.034930046200478126,-0.20054307009357486,0.036454000144429594,-0.40476205146324434,-0.9357639528751168,-0.2372249206285449,-2.092811816624271,2.2955132445372333,31.726570815845484,-52.17566262245552,13.292320519443201,82.0916962718179
0.41,-0.04163296837951779,-0.16986900709117075,0.3201015947075849,-0.3650224341828933,-0.6647651127193333,-0.8945779590803898,-2.2474366758638986,2.9225105682379247,37.66939730767256,-54.02315461641155,16.553353707611194,76.7264698605573
0.42,-0.03700502845205913,-0.054760868762950304,0.16872973544769956,-0.6083331572263639,-0.19679047464533977,-1.4464300024148298,-1.7875814450125074,3.630865120588914,50.911181530761006,-56.10061477236207,23.847525186959317,61.30499760612673
0.43,-0.21050057683448725,-0.29579921724009767,0.3174511428045175,-0.45189879939777033,0.34439771068466724,-1.9377111623100467,-1.6421437649795576,4.132367561246546,65.71734753403827,-57.21704075247075,31.8495499494011,40.90332101496753
0.44,0.013866095333712511,-0.29574197485083425,0.12953635418766302,-0.6620424413025092,0.9159397928394061,-2.5856298147340695,-1.6594714995368673,4.4279218991787435,81.45782934845934,-56.65967058970051,39.724041483197155,15.092830253014132
0.45,0.02709800076043406,-0.2545064191118432,0.32412082080028,-0.5222694746340499,1.8497516338933075,-2.9371042824397176,-1.4171917833686658,4.703369602044918,97.9536197152144,-54.55652841226347,47.97998537290308,-15.980762634900954
0.46,-0.14724849463450596,-0.21526544276720103,0.11459076085075123,-0.45480385667188483,3.106586116038875,-4.027804981923865,-0.8704618157449282,4.360342883111665,116.07762849655133,-50.49992498498933,56.31671763289953,-52.43214914780798
0.47,0.022131880683592415,-0.11516212372709081,0.10106808515225514,-0.5325386685550986,4.076630102810438,-4.275755774014064,-0.00022161291573590675,3.5305218296829857,134.46182627308002,-44.46894949292641,64.60880925434219,-93.75670217931852
0.48,0.4225434751003606,-0.5179733828056816,0.11306813519041595,-0.3318508837949093,5.510166722536861,-4.876264059984022,0.6026293966450942,2.5421143404151234,153.46829231364202,-36.65623109605655,72.77144143598905,-140.31030377697857
0.49,0.029155802671468375,-0.5927771715557566,0.27078115059462715,-0.5055945402987277,7.263449306033812,-4.962283238739987,1.407057942189544,0.7288512193342158,173.13390644908753,-27.104047011594812,80.59155938992123,-191.67119704867036
0.5,0.3139336192285028,-0.43944383578322166,0.1483701439534216,-0.3958866720138621,9.157467237150962,-5.240626715648324,2.1260031340673544,-1.3404958134912301,193.19180328407384,-15.238132872879673,87.68648350306961,-246.82217640601772
0.51,0.3427413568988222,-0.5438842318163157,0.06868256364852576,-0.47796366939815094,10.899878172452002,-5.207006895818736,3.13692772587552,-4.239436071131796,212.7156567619392,-2.339592582223319,93.99042003719494,-305.6869760338418
0.52,0.5765749979153758,-0.42448145478054083,0.17112979024455718,-0.5066436498233541,13.146287196219427,-5.459766830475525,4.294029184038529,-7.777041898449483,232.57423408443722,12.709079723191241,99.7959808989564,-367.62286936292304
0.53,0.5946401210334539,-0.7258857039264642,0.16550449301988773,-0.5231965271849639,14.40304762121714,-5.2950794338525995,4.99892365535868,-9.725975327594444,242.30812058052544,20.813435228635765,102.10242480359113,-399.85199685376085
0.54,0.5984867380642137,-0.5463149279477031,0.2614519855225,-0.5718524375216876,15.465702517873138,-5.079895257356002,5.441884807238723,-11.544638840594011,252.10906469020424,28.659501390939486,104.37410169538727,-431.9904938803834
0.55,0.678919678220996,-0.6663219974361324,0.247998191551693,-0.6743998763396305,18.525615651065348,-4.8533647127724295,6.985960071286101,-16.685393805580013,270.84210139375995,46.42271532089338,108.38079604173464,-497.63007871631294
0.56,0.9130328579528785,-0.5959392543017312,0.4009988208989284,-0.5891815940209714,21.267458284357105,-4.037468454975793,8.170233108860272,-22.414603247015503,289.0184160436923,65.02304550129831,111.28012051611223,-563.6610989555112
0.57,1.6432918055082275,-0.9969353689286994,0.6223104991970205,-1.483750557375292,27.86310146234262,-2.4885567167056712,11.048509459155671,-35.43779836695047,321.79637543965,104.45044937241148,114.23059094782089,-693.5166062867868
0.58,1.8903976876506945,-0.6130239398899302,0.7786022415139716,-1.9182121835620183,31.39086947898776,-1.1865559482384145,12.297802896818759,-42.99654846632769,336.0291807150003,124.485309593078,114.16618218062776,-755.7205350581906
0.59,1.860632132201252,-0.6290367743921738,1.217407973513526,-2.2542325793748237,34.591322397637995,0.3921032739534055,13.870880473664746,-51.22345492229802,349.3184439986543,144.67470969481113,113.34301046057642,-814.265544060106
0.6,2.5099386831137562,-1.0463816591846808,1.0805193397395474,-2.650661212024873,38.546201873439394,1.7734624092529192,14.75713021117105,-60.10483340522412,360.4598341569325,164.09850477836386,111.3296227181393,-868.2230970077935
0.61,2.94900439557405,-0.735472931658416,1.1417925490094056,-3.4068677751056944,42.11874374108775,3.8203804947354807,16.236612857119823,-68.96628970313596,369.91727462401906,182.97095997499684,108.55840149891455,-917.1917518006144
0.62,3.664998385915216,-0.943908325245889,1.176140059333096,-4.117480944889356,46.16701513241392,5.831271813143464,17.46966689399237,-79.18834698419766,377.3145571464823,200.58780250352996,105.34293508230532,-959.4222741568788
0.63,4.081903151123202,-0.4354437050572402,1.700871155298682,-5.21687732323342,50.0959141460734,7.960285917974775,18.567435566317517,-89.12496525043986,383.01487168965537,217.14811818598955,101.18440562277172,-994.5467949315527
0.64,4.403975453598188,-0.7217078582232097,1.8879642133111711,-6.0851062797475075,54.20065470258164,10.123285601098374,19.83660951378866,-99.62241608608757,386.52213314269477,231.66501395316445,97.11931769136328,-1022.2402104511027
0.65,5.233548883463225,-0.3381032810379923,2.052632428253398,-7.396582891002038,58.264462816390285,13.33518983749111,20.496062372611718,-110.12290992567922,388.15818827309806,244.6987162367009,92.41275931636523,-1041.0165814736044
0.66,5.34291563043303,-0.6000019563712082,2.010454503172549,-8.084896930183827,60.23556345395474,14.497311469976829,20.97595087554233,-115.62617641679245,388.4477693879001,250.07074040778238,90.06150630481811,-1045.9660008525557
0.67,5.80338181123446,-0.5564208152941064,2.2839471793171904,-8.564740442573624,61.85751318552965,15.820819720498365,21.52312725838698,-121.13605821213507,388.14226766843814,255.49201539569515,87.68788404285043,-1050.6563291060622
0.68,6.263276003764244,0.08961622656991648,2.316126698267468,-9.62761907765735,66.23732098689798,18.44564200461019,22.479603879796436,-131.64533996581875,385.91737069558144,263.8858629591663,82.62074250232006,-1050.9132977100053
0.69,7.282130883393704,-0.14145754205515126,2.7870252008113257,-11.11797476555434,70.22724295486594,21.426373164335924,22.60643707349329,-142.33610958384628,382.18920682618455,269.51227995184047,77.78286890210714,-1041.4489341386286
0.7,8.122098233842188,0.23666852769503666,2.965015734595676,-12.68947157083937,74.12436508775694,24.132191156845675,23.706630881103944,-152.65893677183016,375.96644076174937,272.51121545716705,72.73728589412924,-1021.6561655067978
0.71,8.517279922052625,0.402332983500029,2.997464206148964,-14.7347457134711,77.67594585802907,26.880335118427748,23.680702223923717,-162.40379360438504,368.4935542399394,273.1087025013306,67.93616138370405,-991.9065535969459
0.72,9.127086838668845,1.2721499339403666,3.522644155955506,-16.067854010975076,81.14671531274242,29.538439100485036,23.98823921901203,-172.23655387655265,359.07558343188185,270.5706900564696,63.38808370013155,-952.4319449688592
0.73,10.365959632874082,1.3536076473579133,3.727827031178659,-18.29633304308512,84.99760144290947,32.709759463134155,24.615559230908648,-181.43235083510737,348.1595284854598,265.22676647388715,59.17778644879191,-903.3333161487745
0.74,11.114955616389054,1.7818768827098936,3.8425406855151025,-20.159718611748286,88.28559649087482,35.3308954140639,24.542625225058593,-189.71599637370403,336.15325208539537,257.2942600274453,54.36826803135234,-844.9844145891067
0.75,12.901903748283248,2.4259248670964877,4.553742052733733,-23.840427824315448,94.67552019258243,40.211977386903285,25.023769832895983,-204.7715975486749,307.5291695736787,233.0229025230437,45.76002674964606,-703.1604678662768
0.76,14.155770306465612,2.67216600005121,4.557947873594029,-26.252158774553905,96.9337619631327,42.3906082447629,25.163518974890298,-210.58853430670752,291.62064504748525,217.20864467590775,41.240526976930354,-621.1625896911497
0.77,14.762061795242657,3.461596527128946,4.893707709169231,-28.367275077599654,99.87626657455178,44.30939666366122,25.13021722446251,-216.25308957582635,273.7028769527555,198.8994257337557,36.42238742787745,-533.2553674127271
0.78,16.1169486658189,3.886555427619966,5.013471315781681,-30.555394379130615,102.19220736871837,45.79952459102304,24.94404664066597,-220.71113858232914,255.37367891915451,178.72557085039364,31.304189915284436,-439.6067982116857
0.79,16.65491877939436,4.196775374438154,5.224638472854847,-31.80456606196384,103.31636133125262,46.54088057701292,24.977927963770508,-222.35185523426773,245.62625434384822,167.5423802309043,28.672857702060885,-390.9247020381647
0.8,17.291425303987715,4.330633485445577,5.54850703449423,-32.81545456133734,104.28749627076611,47.40305462865184,25.033638973557736,-224.15295170531132,235.6585195419579,156.4655778815154,25.652395350932697,-341.9816346694939
0.81,18.19880291672411,4.796442008000523,5.627037398166504,-35.224484401486784,106.32429832629117,48.810067701381016,25.316371217124125,-226.13782071609853,214.81682970087198,132.71924927886593,19.924591701895288,-241.7737168465697
0.82,18.859068114865416,5.180005878603623,6.074889310384894,-37.514822226625796,107.89862244808866,49.768692425228316,25.298403216692037,-227.73184299410707,192.91338575606744,107.80059430271416,12.925223970170482,-140.10425558998716
0.83,20.372831681352658,5.589180827963483,6.0352143921367745,-39.91202128916931,109.13497899826702,50.34913970578678,25.479238971239532,-227.79879205062738,169.70084956129324,81.71603150828659,5.2970301904796395,-37.45904985369192
0.84,21.426761860121125,6.470939589401608,6.469407840470564,-41.86230400073865,110.72565234615867,51.019491922732264,25.320007909381278,-227.30252359384357,145.43559594488832,55.40000154311757,-2.788149319867749,64.29909975427863
0.85,22.70675652842738,6.958537320312794,6.418606903977862,-44.04058482476844,111.73264355485288,50.86503019963844,25.54820464061893,-225.60149815598973,120.05942113249498,28.390226895546057,-11.84460049135393,163.8522755226468
0.86,23.55177379475683,7.427316326439011,6.765393826394225,-46.350887102074495,112.08114853376372,50.76773805368908,25.364926894830944,-222.94512486693446,93.58619737801409,1.2993180607916557,-21.835157894871372,259.7229141458538
0.87,24.719055176983517,7.879961034268601,7.397350549991616,-48.394915109263394,112.90046276974964,50.4923025472864,25.399529839708464,-219.67231638153004,65.75352420950773,-25.255275438372532,-32.28632504637477,351.34600323801754
0.88,25.8080915954999,8.431223751506476,7.137115834864264,-50.6646093784822,112.7294112848406,49.50999031898915,25.743596364819258,-215.15926059630738,36.78650194150066,-51.1033048769177,-43.75082031680858,436.97053076500345
0.89,27.070983084487008,9.160298546591621,7.450862332592986,-52.614505104336395,112.99207639689149,48.8427573224023,25.51304603668043,-210.02583220109332,6.434409619336038,-76.7459920936509,-54.940514403813694,516.5238489632454
0.9,28.032730137812035,9.028171474014414,7.683918848154207,-54.77438422186224,112.38768898411206,48.00500808844204,25.318444520309587,-204.47486847617083,-24.82507904580674,-100.73823331918233,-67.06429582562527,588.3178323494635
0.91,29.38583698246494,9.601664441047397,8.060317010910122,-56.89593029035334,112.13205093033774,46.66347155672585,24.946129730826634,-197.99755912243532,-57.42631857364876,-123.38743285911517,-79.01909705882551,651.4572801597132
0.92,29.701672481941003,9.938697240087805,8.029635139006968,-57.74622443037829,111.40702681134285,45.83923315939299,24.785845642903233,-194.29005446273726,-73.80169469658374,-133.79029202934422,-84.7229618680275,678.5553331577008
0.93,30.155674891408506,10.38409800176066,8.024264609111993,-58.51678664460898,111.10561853394776,44.858542956320704,24.628499473263023,-190.7607798104374,-90.67228316305265,-144.38724161292345,-90.70085220002962,705.5856448133385
0.94,32.12406979906111,10.884582996913052,8.766519075880682,-62.09754157007817,108.5349608282768,41.847278862159605,23.681087799671598,-175.40476802348167,-159.03358131874975,-179.79542763515224,-112.30867754085992,784.8134844911053
0.95,33.45890704261645,11.325644809695481,8.88100183960975,-63.67421671004971,106.96589735403022,39.43403688505587,22.52701565684841,-167.18361347309758,-193.82820041704016,-194.2477333689927,-121.34989950144713,809.6162447290845
0.96,34.538994246796754,11.676459925131319,9.19138206258519,-65.55915365204424,104.60332490388458,37.66505950423007,21.747417270189633,-158.99160478342287,-228.17885752398504,-206.19244071673143,-128.62722925327176,823.791725497258
0.97,35.74073096595872,12.070029092377423,9.13989193582178,-67.12780120551923,102.51746912537082,35.85848705021945,20.509400288874506,-150.78015894364148,-262.1317344828554,-215.1916338327872,-134.23038110921235,827.943678220433
0.98,36.530837304411826,12.259059285865987,9.319002061131153,-68.48860688886455,99.87784825437657,33.866907801470006,19.729701237277418,-142.26050768179752,-295.32200728872044,-221.3391764181263,-137.7830127863337,822.1682243768059
0.99,37.6788754308928,12.571652082711912,9.603640337797104,-69.765493596103,97.30612808053324,31.783033841157764,18.124642163811803,-134.54934089857872,-327.1303072035478,-225.3348440598071,-138.36173599344625,807.305930283978
1.0,38.63759350916812,12.94284973194911,10.015962254172667,-71.04579061102568,94.03959491636898,29.65039761381495,16.31164919188505,-126.35971990683997,-357.11146432444065,-226.07290738342368,-136.26061981935868,783.4379838930311
1.01,39.52433469765418,13.12866941580861,10.275940725708589,-72.2977173584741,90.46707658740796,27.412323073062005,14.837521064431675,-118.71550094768162,-384.33243550266457,-224.17275206602983,-131.55060983855148,751.7646860474924
1.02,40.21000374515923,13.516273950013531,10.121547814038346,-73.43703501386992,86.77169056738553,25.63101374991783,13.382901097147629,-111.18539959944886,-408.68823662393646,-219.38475662118637,-123.6737601707822,713.3483780777108
1.03,41.19570698286745,13.839236805022749,10.612194689754151,-74.51752341083284,82.92246306738954,23.5384427036766,11.921587878115734,-104.4756154214431,-429.5790547888188,-211.68280303262108,-112.18781876858203,669.0273134077584
1.04,41.671460728403595,13.932403961809051,11.004214181606358,-75.64885840467294,79.12708922142515,21.751164189149186,10.258607996506846,-98.34126848397632,-446.65911500350234,-201.85001070249524,-98.15768710262611,619.4358828737558
1.05,42.17508917245137,13.814301067730264,10.84389495211817,-75.87407737927947,76.82124063156726,21.111356084998505,9.565222235084937,-95.03030779916142,-452.9650138958757,-195.3245115766837,-89.49235351354749,593.3474090180466
1.06,42.70766618251141,14.009897674790277,11.03888210037857,-76.48695476647057,75.1388871848527,20.0346510059388,8.925593970156172,-92.22138114996022,-459.01504882012006,-188.86657645775816,-80.81157720833542,567.1615385746987
1.07,43.32080492631819,14.221510234138412,11.021418544670384,-77.2959335959052,70.65135382455038,18.32659310964781,7.325742161196669,-86.54409570963854,-466.64849448848236,-174.33171463465197,-60.57475630382243,512.2891157231928
1.08,44.053230249323036,14.674512850999955,11.449713210237844,-78.13540248923465,65.86479917995148,16.94937805605534,6.097596554090902,-82.10864383982279,-469.1524176949838,-157.92015451705944,-37.934095612702784,457.14071318725854
1.09,44.63423900980106,14.726969470727255,11.339765049853765,-79.11995177033266,62.06001897650639,15.734732777899167,5.274811427348427,-77.56961506263394,-466.30271710115056,-139.75559542466132,-12.808715533095542,402.27518355272605
1.1,45.11375027788161,14.672524930868502,11.307865886964073,-79.7372635164133,56.896842956098,14.212970287473588,4.797073156780148,-73.7830031989651,-457.80984802001035,-120.38345307251105,13.887917639779229,349.9835330213792
1.11,45.72594061365514,14.969532139555765,11.670455929224909,-80.21115552729111,52.71969649011106,13.32090136680804,4.637384869767301,-70.66812702628843,-443.36966671398795,-100.41833918869025,42.35188540803545,301.3247337088926
1.12,46.65573771735588,15.390471548661518,11.349658175869356,-81.48842791736828,44.08572233779501,11.551274562635077,4.857895485086074,-65.68425089829785,-398.76432383129116,-58.761267458445424,100.69383566361576,220.7670747895083
1.13,47.46566776652297,15.406771220299818,11.434920613824966,-82.23231299575778,39.79481815039815,10.838519580884835,5.858733880233271,-63.762172007061686,-368.97448707169673,-39.01799923986652,130.28452311038453,190.66724669392144
1.14,47.502735344283465,15.524448151997214,11.325888895107251,-82.69560800300589,36.02602016846355,10.742969208642082,7.306129312812291,-62.333696874522396,-335.1325228512065,-20.323511764454455,159.05671750969947,169.7176331232718
1.15,48.04745321443468,15.5132840219402,11.610431449761853,-83.31694457341715,32.468640707188854,10.50279515581828,8.759425480102067,-60.81481839813875,-297.5797994539264,-3.4354307051617283,186.87070991486289,157.80431969009695
1.16,48.462390603685535,16.087742765045245,11.525873914595252,-83.87127764563968,29.377350518243958,10.032117122851698,10.905433175434997,-59.30156959338076,-257.3960806918179,10.964755282138487,213.14582165123863,156.82017822630502
1.17,48.60938100509971,15.952118185657595,11.265248963110274,-84.42973948179538,26.214390500823814,9.97679596765201,13.62814964199751,-57.75821440970909,-215.58016684329522,22.81327622768508,237.85162718792566,166.2645240445897
1.18,48.48396664880742,15.912589178866234,11.247306146315127,-84.8023284308209,24.974409358019653,9.875275495497528,15.109199875011813,-57.09467558868215,-194.05656328841954,27.24850428822905,249.08083112265862,176.71507397922397
1.19,48.539345850464365,15.767920403113598,11.490553723187757,-85.11392729889539,23.46920873738654,9.753942113689629,16.700045887632353,-56.21721310313934,-172.90702992818277,31.15358876160126,260.45125779504133,187.09475829739452
1.2,49.23261644015442,16.063578723777745,11.651896145103576,-85.41836082521786,21.40792644974154,9.943031598234489,20.13706803628258,-54.19700786940893,-131.3202035293568,35.45532371941275,280.78048177811405,218.85563945824765
1.21,49.394771464847075,16.415518256562866,11.653430439528911,-85.94508337520845,19.635788037038512,9.862640874142366,23.50910373138071,-52.230833866482456,-91.55004397111591,35.15003446301956,299.16405619532856,262.5610480046652
1.22,49.24955481413565,16.31142263816995,11.66995806730577,-86.5224459241512,18.41251418698729,9.87100547165378,27.463450599845086,-49.443894791929495,-55.2158141694459,29.784719282078036,315.4498787928658,316.67694764583877
1.23,49.96092867278985,16.47036577030049,12.06754395612287,-86.95443681684283,17.089073710663612,10.044264650146157,31.70792912846297,-45.51521223013032,-23.669929471290033,19.093111613438605,329.97614075256917,380.90241991332783
1.24,50.216050429165065,16.346921240568538,12.31952094846448,-87.23588784760085,16.636835192403705,9.55084285929165,36.153505514251584,-41.35147235053561,1.9797744354086735,2.484268691802659,343.3039019212628,454.70608628941557
1.25,50.18064646386659,16.489881421640984,12.773071187454214,-87.80384608253017,16.567427333387887,9.27558602514959,40.93941680360091,-36.813141499822365,20.038363341072937,-20.137098969265487,356.0736356036493,537.5792789129414
1.26,50.180403189956635,16.544014664082496,13.243652752681497,-88.19503787336976,16.10848618437895,8.93776346178908,45.73543431492053,-30.581540316729875,29.58062917224208,-48.54539606542596,368.10641811392884,627.6199425783956
1.27,50.436677518311065,16.571968942208112,13.593385760879409,-88.46739167285187,15.97977648778551,8.209241134497656,50.699666185415104,-24.022549456767067,29.289774409123183,-83.68393248923348,381.01500383365646,723.2741667343887
1.28,50.172053422625126,16.446193912281956,14.359195066660403,-88.42702601659447,16.308900277180015,7.096349413167534,55.70930803098138,-15.942577138282456,18.266314022541927,-124.33914846365795,395.2722701282565,823.3677472613372
1.29,50.42989679446418,16.626693826977526,14.978251611684398,-88.52779570689862,16.061937532886102,5.596214728209555,60.924893811307804,-7.248655529079536,-3.749192197128259,-171.6560112522858,411.3807202726464,926.0541287866746
1.3,50.28926621770305,16.765451360873293,16.773359020970684,-88.67781413850864,15.553209342041674,1.1552082652251043,70.87475929237652,13.971130306729906,-83.60993296863799,-281.3769752769134,454.4137958564485,1132.4265549114266
1.31,50.530970075370554,16.479737079474788,17.023929387742335,-88.37879340325784,15.244921430098225,-0.46847711020777827,73.48090676967894,20.210677328846906,-112.30337426205853,-312.33556070355576,468.45025796796125,1182.1756266254513
1.32,50.67147599472973,16.758924525955234,17.2441797565082,-88.224298455198,15.003130873590084,-1.7938756066227715,76.04638945590989,25.960085719178743,-141.5025977039956,-343.10022529879,482.2827446656852,1231.893367327956
1.33,50.617256299224486,16.429654502987205,18.396745748355148,-87.98122775509046,13.79840931875807,-5.729587502219633,81.3206085808565,39.53051417202525,-210.7412524508914,-408.6697169419689,516.0289674654928,1326.4758002571377
1.34,50.651329410917235,16.422227008056634,19.440111134168454,-87.22569622519308,11.66607800291459,-9.628399131019377,87.07590042607326,53.34329387504812,-290.828575037939,-476.64839731909893,555.504183832719,1414.2711880310728
1.35,50.61271789786954,15.866737895458588,20.55161508542003,-86.61847339234623,9.126695244804935,-14.837582733243366,92.58846880236885,68.51458825543143,-379.87950548729617,-546.4091588392439,601.1669059558913,1493.200515801928
1.36,50.75602937013837,15.663555695447963,21.539146545999298,-86.0960220631632,5.634397258310124,-20.59180898723801,98.71824064384312,84.36694542579322,-477.5664030118682,-616.7299930674014,653.9684732968411,1561.5512029105064
1.37,50.60318240454161,15.694197067477667,22.819221877555425,-85.12052422062418,1.1094470244421142,-26.996682468734182,105.28889193963687,100.98387343179489,-581.908648496315,-686.3825423831177,713.7541964272544,1617.8176046601009
1.38,50.18801491472025,15.427713888448162,24.32255227547338,-84.17101187949748,-4.4111832653029,-33.879338975370196,112.09801634157884,117.67590289744834,-690.0202768107785,-754.4898166872964,779.913438316274,1660.1368594073322
1.39,50.283417769822364,14.97055686303507,25.525851201712094,-82.41682597934214,-10.851435134809199,-41.55984518980373,119.28664454797897,135.09699147104755,-800.8233208229074,-818.3744217898883,852.1708490197014,1687.5084177435185
1.4,49.9976327439904,14.572785942396418,26.540193093746453,-81.13298635769797,-18.978187546312896,-49.93035132008449,127.67554981412489,152.48083561841614,-911.0240737973566,-877.8680544682991,930.4642653452571,1699.0504190595182
1.41,50.118086781486554,14.119443503364566,28.146639750063347,-79.36195715991057,-27.82822851655829,-59.014203603012376,136.31704599053575,169.5811904183098,-1018.2901514300024,-931.2091932763194,1012.7842179389189,1693.487316884354
1.42,49.7766730262861,13.445069948031808,29.618893837635337,-77.59953635523372,-37.79886023556326,-68.60526844237664,145.9879399489624,186.8362090243657,-1119.1368012997666,-976.5581330508321,1098.3537524986862,1670.5678053102743
1.43,49.460518763120604,12.664044609683254,31.496458600946475,-75.61433257743674,-49.24639419572921,-78.50143598995902,156.16225095776588,203.6187967233593,-1211.8016196923945,-1013.8874266467169,1186.1167548064375,1630.1886386195354
1.44,48.97624008500653,11.998298722386616,31.96755294291426,-74.43607924831316,-55.12151193646568,-83.91963883420156,161.91978804709203,211.8632396087029,-1251.9904827056625,-1027.1853689972547,1229.8587295434793,1600.732094885211
1.45,48.67768954866547,11.760695404049345,33.0250645973995,-73.05265299637068,-61.20927588428862,-89.07558139442637,167.2680341302321,220.07717433022245,-1292.4805541953751,-1040.6714853917895,1273.6666396462283,1571.6440059366007
1.46,48.06956035321065,11.09378507894848,34.4669169882119,-70.88767371417534,-74.50043103114744,-99.627404939298,179.7091862358844,235.35242392466216,-1359.2060637188501,-1056.0564109795469,1359.3380641503186,1495.881712530653
1.47,47.229429791974425,9.963315346678772,36.48915983898829,-68.28615017170412,-88.6056775388629,-110.7160938955579,193.36184083681147,249.86364824414972,-1408.485580221026,-1059.59653121892,1440.8455737104837,1402.9550028912647
1.48,46.58290266124854,8.695302300154621,38.225666084448775,-65.55312565181583,-102.88059815495012,-121.29514035824431,207.33579680609304,263.23613961261793,-1438.7257463603316,-1049.582238649951,1515.8185886456952,1294.1064137528676
1.49,44.44873071816391,6.2323373509723545,42.55516751584381,-59.94436845304254,-132.95927398735256,-142.29725342490542,238.14452784010794,286.02238909277895,-1432.1025750482322,-988.481809234154,1637.7374115456812,1032.8377224557803
1.5,43.19441431940486,4.65282283802783,44.78879345973849,-56.8843432355122,-147.84260953204856,-152.60942299539533,254.39443622412932,294.9380469503271,-1392.6253985757533,-936.948870018996,1679.5840171890218,883.4202581517068
1.51,41.99859099230797,3.09949474111807,47.38262959162923,-53.76397896532361,-162.0114993605798,-161.69045494081976,271.5279300462951,302.2028468161724,-1327.4112534276028,-870.5991821928113,1706.0521696425421,723.419867316417
1.52,40.12479203351325,1.233441651498202,50.159906687581724,-50.925843870484556,-176.1137224147983,-170.3393443140007,288.8817885453492,308.0770533935123,-1235.827518578483,-790.4007876273258,1714.5804172300047,555.0595058257663
1.53,38.225516322620265,-0.3658645371122107,52.79267292267763,-47.76833374301293,-188.9021474179483,-178.0901395042681,306.50911828491536,311.8240415187538,-1118.1652463648772,-696.8987571284009,1703.2020570453,380.72077966777715
1.54,36.43607612384185,-2.040477785635576,56.09727433236216,-44.479050569301094,-200.70639069484315,-184.49167685163292,323.91347627094115,313.92285189111254,-975.2079287368764,-590.2933902198705,1670.9839654972902,202.2954835967281
1.55,34.18047466490525,-4.277559587546023,59.468519479847934,-41.57752064906202,-210.46859348960484,-189.53787951431548,341.03420600512476,313.5718330974521,-807.9410450963077,-471.88142971768315,1615.826137840299,21.799627299041095
1.56,31.870409255538583,-6.3664788984696665,62.714667730529236,-38.406773189257194,-218.2485061658459,-193.73353135322049,357.7019772746339,311.9885259626812,-618.0329024751132,-343.0453419309413,1537.3729611604474,-158.39471644471445
1.57,30.696678729845193,-7.177001469978805,64.7949376808548,-36.74310007173038,-221.1377263962108,-195.02784657551717,365.4869271945315,310.2781345142809,-512.9550238772734,-274.0845715550589,1485.7402039591282,-247.08445742104138
1.58,29.62044599137244,-8.133183161848029,66.74047748499173,-34.83498656148651,-224.05445526061072,-196.53975823443812,373.315085222671,308.5080528153204,-407.9818323216649,-205.01928292386498,1434.3115300289621,-335.54414052275104
1.59,27.248329856264522,-10.23097089149887,70.40628223070904,-31.932116734942763,-227.54303626632958,-197.50299629792647,387.6946757362987,303.2488318182114,-180.06421972786012,-59.378203933875156,1307.2084047959245,-508.5887540203962
1.6,24.8914286193038,-12.49910464864746,74.54194865946167,-29.193795871038123,-228.39511516345567,-196.95450984586344,401.20489689233887,295.98369139490643,62.46489562096851,91.98396762968078,1156.5975753041348,-674.3844642444396
1.61,22.81576463154256,-14.525306726929193,78.91188208853119,-26.355651914097713,-226.70648068900817,-194.22276305126377,412.48786389920525,287.247118939992,314.9320267863776,247.46187183883353,982.796421092644,-831.5987671073225
1.62,19.944930416058522,-16.35990497748198,83.23472682046037,-23.42190346246481,-221.82368934244099,-190.4528526998901,421.9745166299581,277.0310382317078,574.7912341629535,404.99603088980547,787.4256453683934,-977.9535310851259
1.63,17.82233672378608,-18.276593420546085,87.23276946824205,-20.60630874531939,-214.41920831808056,-184.41413903986827,429.14123838824884,265.92566909096803,837.6049760060339,562.4800754779351,572.0189491407561,-1111.3808728784754
1.64,15.543715974660863,-20.07792324279079,91.79610536404414,-17.993662242524053,-203.77252939439842,-177.41239752282442,433.67497092913834,252.5722149058696,1098.4318150286626,717.8668644917266,338.96132215013614,-1231.60942563386
1.65,13.397618853359052,-21.95042856234014,96.42699030976723,-15.774910569448238,-190.3768477770918,-168.32621397683454,435.79288556225487,238.88997677118522,1353.3006265977904,869.5293368039618,90.92590266737236,-1336.5887671962446
1.66,11.662851934108632,-23.411240957186415,100.8852428382743,-13.727043271187389,-174.06088998282848,-157.78445546401284,435.4197496579342,224.4076340054205,1598.4901541275576,1014.9506647827163,-169.15948115447304,-1425.8264657573675
1.67,8.109840249145064,-26.461255057580907,109.96023573106211,-9.68428821356798,-134.54799037327896,-132.44417598677515,425.086187852228,193.00255738994295,2040.3085595791306,1279.8947478114756,-712.4063968552565,-1553.416520245821
1.68,7.056612880267803,-27.56260892889853,114.17513018243356,-7.750703311699271,-110.767349759374,-118.02362920141344,415.619009640008,176.51742933698856,2229.466897546862,1396.411738461307,-988.2551657775431,-1591.3046019166609
1.69,5.692841146661328,-28.77573215186373,118.29651491766025,-6.350227736678051,-85.72257672685292,-102.32289543888918,403.2754522042739,160.52693785230787,2393.0432054716243,1500.0927055658194,-1261.6183233137467,-1611.6989237969804
1.7,5.570011588220126,-28.905900996201492,120.04743030930806,-5.586127070914919,-72.29472690239466,-94.07763584755203,395.35606764546895,152.18018340153057,2460.6700623333936,1544.952749793037,-1395.0844608654536,-1613.6227341943763
1.71,5.134192790439738,-29.42919898722206,122.00029840582569,-4.885552478034734,-58.91539452339113,-85.77953113486444,387.6431957277812,144.02622839704858,2527.8753939293474,1589.9066360162074,-1528.7896940278752,-1615.486328289885
1.72,5.033776721011588,-30.12704387597388,125.85795406978616,-3.382744982795372,-30.50673293634643,-68.52036840558868,369.1529712211933,128.24647633132489,2632.0431929536353,1664.4691001449446,-1786.4530099102265,-1602.3773355312924
1.73,4.8583607020501995,-30.587889584794258,129.81764719469808,-2.3313542550956856,-1.5529074470466704,-50.8259446207736,348.3570904391862,112.01052277160213,2703.2301328891544,1723.6565874946589,-2030.1031780311773,-1573.7232776993615
1.74,5.0312436763504955,-30.809792693194336,132.65290873794828,-1.486836797391828,27.607182717473002,-32.35981240203575,324.8485151654965,97.01075506715178,2740.588972481531,1765.9869278231797,-2256.8443893702733,-1530.2568615389805
1.75,5.732854257164511,-31.110098685912718,135.77412525561246,-0.8041626294247988,57.131411656926076,-14.230630339864799,299.2085755789562,82.34783174071745,2743.2350245673524,1792.0407407351138,-2463.3011148918786,-1473.2868120826524
1.76,6.912670908150997,-30.77276336333104,138.75343042626403,-0.20969292897530548,85.86136898370397,4.307923521637429,271.24834203444914,68.28466666067874,2711.6889026190674,1801.0974693248825,-2646.332776511922,-1404.2362835363797
1.77,7.976364434969356,-30.442700906836947,141.17984560316185,0.5772780068800057,114.03360072589412,22.50017690047753,242.18908180332033,55.03331624655484,2646.4281279655074,1794.2011879799215,-2804.1900870624518,-1323.9275567264533
1.78,9.674850388647547,-30.198376268719795,142.8806868020187,0.40275058576814476,141.3723246443052,41.001613876835826,210.96890424930794,42.98058547705979,2549.421630508894,1770.8597658588517,-2934.695437262904,-1234.4508005197006
1.79,11.49527028500902,-29.379742480275162,144.7710845347501,0.8999317655143165,166.7455343850158,57.69818493516328,179.2031266042027,31.666380441788796,2422.928752828581,1732.65466731381,-3035.6830182264644,-1137.54287291364
1.8,13.58280814586048,-28.40497858457965,146.25659658930067,1.093085101400378,191.11946813309535,74.50588627673709,146.7616617557512,21.93180590964546,2268.1397846515406,1679.319088719499,-3107.0732850523173,-1034.7162771189467
1.81,16.093465251951066,-27.71969048708224,147.52068137411,1.234511897032016,212.5964183073969,90.71416613427898,113.86130573889918,13.118160062283959,2089.41812730005,1613.203461246063,-3148.279540203243,-927.0088295917095
1.82,18.279654389641628,-26.55350777991996,148.1017218421351,1.613808212566989,231.79555823659737,106.10795681165027,80.62495730615883,5.354383818888853,1890.7137530340544,1534.6942457915573,-3159.265092197078,-816.3935331538812
1.83,19.76775695510402,-25.680931830333193,148.01362295072073,1.4156127962621903,240.40482449317614,113.00489590394476,64.53086615644384,1.9202177387514825,1782.8089899619902,1489.578469802918,-3149.87889507173,-760.6249471673791
1.84,20.927297429433285,-25.114190088892002,148.33466346323044,1.1815631540633942,248.81022434773806,119.9664647849914,48.14365308578369,-1.5315415503721859,1675.009332229822,1444.9834508157148,-3140.722671762875,-704.6047897022927
1.85,23.760404061357853,-24.06154568968649,148.71285779308883,1.3410205655511138,263.2019669909014,133.29768536216866,16.301554618253633,-7.0700754214243045,1446.349376121022,1346.4373735100157,-3093.7361825606904,-593.8283518966416
1.86,29.668043734642833,-20.971636155958436,147.70574445723065,1.067421807775738,284.0431252182651,156.23694782159487,-44.970512663099974,-15.100774480567422,970.7171629959895,1127.088673516558,-2922.2723405019933,-378.3594669923794
1.87,32.46699040396249,-19.232231220119203,147.1878060268618,0.9177096893690386,290.5291871821417,165.70019245262998,-73.17886559047072,-17.427229304439564,732.2125721942662,1009.5504635872084,-2802.34275992764,-277.02640244902625
1.88,35.829712585173944,-17.655916833083555,145.83223347263572,0.4542806522004203,293.9292710145309,174.36056495014864,-100.69348585670609,-19.14826902594714,498.27198848512637,888.9413740643884,-2663.119193272411,-180.93336077887793
1.89,38.7341350300825,-15.851544553584608,144.57664314345564,0.5173986738662532,295.5692535359123,181.35438963589638,-125.41684868124817,-19.99065544173864,274.11992587520695,766.6813365080922,-2508.275056919056,-91.55141797563488
1.9,41.606834511780676,-13.97255414768019,142.80052183243018,0.45203178014430906,294.419660379983,187.42641573978503,-148.894230519637,-19.76974441033568,63.22949712841351,644.763813899634,-2340.4176872514367,-9.756818342254014
1.91,44.815918882965356,-12.223199218194829,141.22605368750234,-0.022527545126231452,291.5336837220613,192.6216159904719,-169.86793149599086,-19.2814308619723,-131.33173773719375,523.9155700151911,-2162.9989244327435,64.14627155175015
1.92,47.23048094266051,-10.085817824891071,139.29724342864307,0.09505396341325205,286.733836234406,196.3351800087823,-188.8925569232717,-18.022855104767405,-305.98557910815896,405.8270377657885,-1980.1553654442168,129.6818133484194
1.93,50.02307838836966,-8.162707530827525,137.4876986788748,-0.13465982461891135,280.6778562046445,198.97269217429158,-206.25872055739222,-16.36322317805375,-458.56896385393077,291.87241917938536,-1794.5789417995534,185.8395351313371
1.94,52.82637926097076,-6.285557257060433,134.9979340426217,-0.20289747738062902,273.00250212441154,200.2259853944801,-221.33532729604852,-13.808110037485816,-586.9782875603132,182.24121006920262,-1609.8898299561606,233.11226429854258
1.95,55.39654975074804,-4.35363775722907,132.74713554175108,-0.2021324474534671,264.64058748758265,200.88974149394767,-234.52897147500832,-11.301863719806247,-689.9006500540689,78.82232000890937,-1429.2342126298004,270.9284746635461
1.96,56.62236779531952,-3.2744582747907005,131.35272302866213,-0.14049239562050145,259.790309872692,200.79716124451372,-240.16287293176802,-9.840827361497878,-728.2927338241304,30.52643442656049,-1341.9706617873348,285.37963756865554
1.97,57.780964819690055,-2.270550297808561,129.9531186089498,-0.2802974168022917,255.05736924597974,200.8108292550993,-245.84635514926626,-8.076903787611785,-766.6820263747817,-17.757491083040758,-1255.0317156046165,299.4817259020643
1.98,60.23619758695721,-0.13999827701674322,127.42334441352212,-0.07889196408273857,245.6506002136341,199.54198026201942,-255.50034731602068,-5.504778133640601,-816.8559042456828,-107.46200397908667,-1090.2149205166136,319.37945790040686
1.99,62.467296645854795,1.8482087057067809,124.70970179584924,-0.34666512433565183,236.07845759466255,197.73518069462753,-263.3617869238837,-2.0124701354592047,-840.8036289003212,-188.9457683501555,-936.5962554206066,330.8433619217264
2.0,64.4272365224059,3.523187355822332,121.88276193879335,-0.4251126402502576,227.00627361296017,194.93875955152413,-270.03442691793316,0.9835364358431062,-840.0087879012349,-262.7798701271349,-796.2270276024901,333.44732659973744
2.01,66.48852694705991,5.425233401578007,119.30438488236267,-0.10816445450617297,218.26521717936603,191.98532047027294,-275.5411254270673,3.986001052594061,-814.8243126525201,-328.29791511729616,-670.1356536266854,328.81265139660053
2.02,68.49024260283505,7.224659656147966,116.53118908834108,-0.3708111916939951,209.8810201954422,188.00751223083267,-279.7743791130637,6.940993364710549,-768.3342770203516,-385.35220495905526,-559.6666495027013,317.03783126488713
2.03,70.45884205084036,9.018557862026093,113.64418881626152,-0.06449582087815926,202.96193940132088,184.00260591237299,-283.3372076553543,9.960089588285877,-702.6316379073268,-434.6953344302923,-464.51630490869854,298.7249101172262
2.04,74.09446238110048,12.673867565720569,108.234488078444,0.1296001968210605,191.88113826865094,174.33886210719814,-288.4210491547996,14.72819332840408,-524.0509128394267,-509.0148582031042,-321.04751200032547,245.1853857187814
2.05,76.29940776999119,14.3525656908884,105.26892150082028,0.05930781333686648,188.5856853516618,169.5358821487036,-290.14495775199856,16.398119966314287,-417.90848305038105,-535.2833741276803,-270.9462869721683,212.02448137343447
2.06,77.773351820125,16.191975839533935,102.43754373495408,0.4231423186786501,186.2489403323605,164.16695988184503,-292.08337249966706,18.408423664820592,-304.03255468548224,-554.3429726436884,-234.4193400255738,175.14526624782158
2.07,79.56541227938114,17.833350199129107,99.47488516493581,0.7443863197859136,185.10787447653703,158.71085876294038,-294.08824895837523,19.466792449571557,-187.35269519630535,-567.5385133660407,-209.3245971059627,135.6907351639586
2.08,81.41638947138881,19.31912693064725,96.6173731680967,0.5792200109499055,185.69286478174547,152.9159507284177,-295.5826430760341,20.54070143563658,-69.72942672092712,-574.8718486258937,-193.95738726439748,94.33325871321507
2.09,82.40820065810132,20.174561096943396,95.41108241699864,0.8218049760282883,186.48902751775717,150.0170927354237,-296.4221127023142,20.566197643533037,-12.182716434635033,-575.9121152042013,-190.09997555334107,73.18937243773294
2.1,83.53348669172615,21.010384186602167,93.89893268115266,0.8871672291303313,187.3248175605239,147.23702636023143,-297.6083225013561,20.771528622162624,45.50718641762589,-576.928520181552,-186.35708503425587,51.75350726780912
2.11,85.22385526313403,22.362847127433284,90.96354309044061,1.3309311155973882,190.29681651574185,141.6524816668165,-299.5348878761148,21.166313421123565,154.28118837634943,-574.8474010556985,-184.07223263439352,8.569974897611287
2.12,86.96462362567723,23.95296571861454,88.00201235117487,1.1269899258209597,194.13610556670537,135.81984399273867,-301.8404845529423,20.81403839304174,254.52298523554958,-568.4781183840931,-185.52291860332664,-34.032133198452215
2.13,89.2200525482877,24.942162506519153,85.09709849022481,1.3162645080934048,198.98013274182694,130.64387495723426,-304.60779532896635,19.968156581456352,343.6060741862033,-559.235278849376,-187.95686993857112,-75.83662104971485
2.14,91.38720747467936,26.272492887911408,81.91721290617586,1.8985822680283606,204.4132213925937,125.35352511917951,-307.37206409864217,18.869942859049925,420.08105129805944,-546.9164481039863,-189.0713608204589,-116.35426581318556
2.15,93.53499483665108,27.38594163427773,79.03871965791846,1.953612839083089,210.83473233724243,119.94735674055013,-310.1278402156049,17.58815776785797,481.1796204154563,-532.8992119407121,-187.4675434173762,-154.93483561657558
2.16,95.85836594894384,28.520618106771657,76.39259676849714,2.212318383892729,217.02396097497282,114.90960764256083,-312.68659440363393,15.998990390377308,526.0019233769251,-517.1930629007962,-180.5714662923542,-190.843051932671
2.17,97.68453018131065,29.481008448947446,72.89736864333918,2.130093095243612,223.88143409640784,110.05818420510688,-315.8459634333478,13.606794178256896,554.1891938934344,-500.57398707215356,-167.29757361070745,-224.0562975290877
2.18,100.43050443527495,30.58585770122626,69.51316767213623,2.2771708559094663,230.51195932904776,105.01035952564061,-318.5978741382386,10.919317294983783,564.9251806857342,-483.0191975521249,-145.54167616555642,-254.06772323547355
2.19,102.6255364942906,31.698100445891665,66.5138275269083,2.558477496812233,236.85063924599564,100.6275967557195,-321.21666978264574,8.410096329991845,558.3340144780658,-465.9167815023274,-114.6551298461334,-280.2374761041437
2.2,105.37726383599494,32.714769546457305,63.115510597497305,2.518975280786173,242.788792870476,95.89971019481946,-323.15707531552124,5.252740034028837,534.3403616057554,-448.2493464127888,-74.08458635746221,-302.6533347739357
2.21,107.96760998270885,33.44328438830709,60.157496431742196,2.5774779613088077,248.22318800068084,91.69196090692766,-324.8592464264265,2.221413219969772,494.4454643979853,-431.2342152285091,-23.181521195944484,-321.2839196385573
2.22,110.52992936992266,34.53489139156729,56.72144385837882,2.4427889841770627,252.24168625987247,87.67463992484953,-325.2700013530628,-1.1444915734854368,432.70619699299675,-415.233688039769,43.20171859183787,-333.6767300494596
2.23,112.90468586750112,35.368153134685585,53.46813997099101,2.4294796348416825,256.5605044877628,83.43273509912062,-325.81506880767915,-4.418115338996089,370.8090127124642,-399.323999668315,109.5408172929712,-345.8781812983066
2.24,115.68550271678662,35.83048136669079,49.93592107187606,2.326444588257889,259.2021056958975,79.59967793266475,-324.4522564333651,-8.066980477943941,290.5638637714597,-384.79367250774607,190.42814005034566,-352.2011616150808
2.25,118.24324889386384,36.79132266777939,46.7656799112179,2.194313073924258,260.80415345795643,76.14437055905772,-322.47498347965137,-11.853056644532725,200.1275429472697,-371.18038386406164,279.257445656804,-353.96740746842664
2.26,120.89326321916919,37.468145984813084,43.771681934385576,2.125561589584382,261.02523912974584,72.40723416149993,-319.6062581197898,-15.287188906907048,101.39055765264759,-358.5287900686459,375.2815365997647,-352.29894137588445
2.27,123.65281882910745,38.20177591462549,40.23400588923716,1.9441809697077461,260.2902017095562,68.78570783205768,-315.09307682937606,-18.546908245439607,-2.743476648923361,-346.85354953960984,476.5906533399402,-346.44148949487595
2.28,126.27145483115008,38.76410016852815,37.24053640643469,1.724346578683957,258.16918460578626,65.24683233175837,-309.81797624743905,-21.953966455181465,-110.67889258179615,-336.16232790467944,581.3033381703225,-336.85658729182467
2.29,129.0341248779724,39.616111610575224,34.455513419066534,1.7441314353661144,255.0086847682482,62.247888552899816,-302.77259879620954,-25.500051243229905,-219.84697688929964,-326.3684867143268,687.9885507861816,-324.2078921748753
2.3,131.52969616951538,40.12688016401769,31.10100870883594,1.0948968751404689,250.62549563107885,58.44833928043391,-294.60104527211314,-28.383176028516424,-328.5209679628981,-317.3860007246206,794.6740250218436,-308.17207612373755
2.31,133.9378160820812,41.079234631458576,27.93109166829356,0.9563819457053713,245.0831529054922,55.64336796906764,-285.0569508101019,-31.34522338200218,-435.22036309555216,-308.73866909624684,899.0598083110605,-289.3878098942251
2.32,136.47044824478817,41.303127411711124,25.195549072773826,0.5238857112555251,238.2536348760848,52.558969163620205,-274.48569519678415,-34.3379729839149,-537.5928755328529,-301.39250329053874,998.920240172317,-268.1038735167365
2.33,138.81482861280398,41.90076864347496,22.501171563879353,0.0834982576561922,230.84234916572836,49.5284710527709,-262.5047041506896,-36.42328687949682,-633.5567604081093,-293.61468637970535,1092.2978121646117,-244.91959867342388
2.34,141.01419843260004,42.07355225687395,19.867756763031878,-0.16399987625145085,222.40640609792754,46.630469760629516,-249.876553967654,-38.760969994133184,-722.7963996241858,-286.48831004348506,1177.6206708232696,-219.1222751379958
2.35,141.71564624655764,42.26698537131596,18.65137772947123,-0.5273957199296168,217.7405982177595,45.15225503048472,-242.91339124605486,-39.797607432547046,-763.5125919839915,-283.06562166168175,1215.4144592987786,-205.53603949644517
2.36,142.71417591495407,42.79565473677506,17.205413243132472,-0.6958865418682524,213.52538906360044,43.75211147735202,-236.164105245247,-40.95001157491233,-803.9829850664249,-279.3080424668378,1252.842443289404,-192.10575319373663
2.37,145.03252478176188,43.05791101590401,15.093823817092025,-1.2908101485736263,203.44661947261355,40.9900259216243,-221.4654811289045,-42.58943931060813,-876.0879960543579,-272.5547691547169,1316.9726573428336,-164.3520600823138
2.38,147.10019579588146,43.49135234751308,13.006529216140436,-1.8442910402427122,193.07440676103707,38.06577963990519,-206.63043558915675,-43.63620420686295,-939.1371581294277,-265.2786610542715,1368.8602427767935,-135.17793271476438
2.39,148.82298193359338,43.844196387167656,11.21774361919091,-2.1656139722593224,182.44846924956983,35.45726472848541,-191.10832197825877,-45.13640091999452,-991.3045848931921,-257.9990428119657,1407.152049144953,-106.29203352859003
2.4,150.33356235961858,44.04925143326406,9.385975401016776,-2.5895558215251375,171.7461354133019,32.79620316991037,-175.4210819463384,-45.49225250643948,-1034.3466157674814,-249.64845036046538,1431.5448789011527,-76.67280175819535
2.41,153.09543327084896,44.55993192972886,6.387885770513753,-3.3041021715537626,149.6325804620287,27.920325679708075,-144.2886603721605,-46.11964488144109,-1091.2406864622071,-232.53338014202552,1436.6114722527295,-18.511095966217102
2.42,154.52197955808896,44.77837819432309,5.137663343887875,-3.9407541154149435,138.46078889466813,25.897749067436884,-128.7759018538184,-45.78001690205392,-1106.4823305644672,-223.06102327523996,1418.4817952471099,9.49725817937624
2.43,155.6493518807441,45.064438208701716,4.202251061123251,-4.552205056357502,127.79843906255297,23.917208009621255,-113.93839995910926,-45.738893861062124,-1113.5771945563663,-212.40893501151865,1387.0526673977186,36.32001282228219
2.44,156.73548930254785,45.37145836759207,3.331475993210663,-4.787215634815198,116.90595167919676,21.377531244048566,-99.65441236627032,-44.66209777176768,-1113.5992502378258,-201.7476545768971,1343.0310722443262,62.00289449148718
2.45,158.018679744418,45.811208170720235,2.3787216983234667,-5.060474277455246,106.40842146147241,19.954574452043513,-86.47619358355875,-43.86739432839213,-1107.18426269805,-190.57365857402124,1287.9471774850053,86.24569108940058
2.46,158.56292848629843,45.79292310340085,1.9006241733317002,-5.540587751021066,96.16245923275389,18.256775492437168,-74.00630622062732,-42.36302492308492,-1095.5186831452538,-178.54057410491754,1223.5736209385152,108.52784372400413
2.47,159.46993423157238,46.04238441163314,1.2260419655328019,-6.384581969159993,86.74134468128136,16.290826461149887,-62.488365985815356,-41.47500934197886,-1079.6177764712459,-165.92863132900922,1150.9080423504552,129.5776078368932
2.48,159.66866842906487,45.916190635007304,1.0384522986003708,-6.1853306439621605,81.81374303453131,15.962053715670386,-57.12980072499877,-40.74342174215898,-1069.2340103026722,-158.9714922421219,1111.6774850263064,139.12297388685835
2.49,160.13067976320863,45.73890168418757,0.8875968825395346,-6.436869178699028,77.0217599553164,15.081013370926952,-51.61603052013161,-39.996628092221044,-1059.3649011800542,-152.65267010963254,1072.4010759536768,148.43938370127242
2.5,160.49629065129076,46.07295880972137,0.47942727074579217,-6.7969579752032665,67.96025524402835,13.827412675087619,-42.417312324145165,-38.17205951664058,-1036.6481523682003,-138.9204767875804,988.7931549821961,165.64700784938617
2.51,161.4597750258666,46.341847581557424,0.28585657884445537,-7.242939834883818,58.982126202332736,12.781030901211627,-34.29277613940433,-36.06236737459707,-1011.7676857980567,-124.61099993032528,902.9444650105842,180.52188760388898
2.52,162.09598504668892,46.028076643656895,0.40993223780058147,-7.304897010403841,50.37446787283755,11.848147196409219,-26.42435156662189,-34.380300350821344,-985.7724056501017,-109.83058919898713,816.128954014974,193.47420447841685
2.53,162.36401014586312,46.3824476388133,0.21150798362290107,-7.760857102929544,42.069960956428275,11.00236840796456,-20.602703800276792,-32.3899672001095,-958.3277124870658,-94.78833568454758,730.1926937249713,204.82934812182125
2.54,162.485883773714,46.73047334057101,-0.148887922442816,-7.70560238192386,33.89103173583165,10.29252063440972,-14.98101693396872,-30.376610763902676,-930.1080015921171,-79.59594389898918,646.6040866991959,213.1751860494381
2.55,162.82701756626085,46.767232540894376,-0.20013571904829308,-8.503736581044157,25.75330838463095,9.592496045332071,-10.807994369469302,-28.17790395702994,-901.4909686090305,-64.35328308764956,567.7796341982846,219.8605906877236
2.56,163.02165871731015,46.67831076388862,-0.38233143721945917,-8.913084210170767,17.785816734396754,9.52594553044638,-7.3864831687779455,-25.883801188160458,-872.6086452837875,-49.01949275307701,494.1433907839933,225.2817726938969
2.57,163.4497060411706,46.874639372463314,-0.07591202243721497,-8.802205298823596,10.286867810418007,8.727367938760215,-4.253464692257581,-23.630247508450545,-842.7594531697188,-33.91867181859114,426.64157841617674,228.03949392948036
2.58,163.53584336155586,47.09234142662148,-0.2684919194349045,-9.102654716271676,2.7239664627243445,8.919321735883308,-2.353712810925132,-21.600663371269782,-811.9689343635732,-19.255815805166584,366.1135089372044,229.4736364587157
2.59,163.56215296253876,47.12334952444617,-0.16929405961420124,-9.185121404358549,-12.19612439721451,8.745200511656686,1.4396704205549944,-17.22047064239931,-747.3159996552565,10.551031522092837,269.42585712676504,226.67513927518857
2.6,163.8182510779654,47.515943343714056,-0.5312382314812423,-9.430410295296289,-19.763219933382544,9.051926490837229,2.4728712395884123,-14.935987162880343,-712.0527647267184,24.275930022718548,232.92870539395417,223.3166385930462
2.61,163.4731220476482,47.51713995115124,-0.4183221723487729,-9.684619870985456,-23.181166171828004,9.164228261660012,3.204830173657162,-13.95449458555585,-693.2033146827503,30.932277524783988,218.49833054210924,220.81854574810075
2.62,163.29967274034402,47.53937501287369,-0.2966895401598601,-9.834781005519785,-26.386343585928596,9.151368206264541,3.683174214193036,-12.56260176565058,-674.4208497777938,37.641501156986514,204.33301068647594,218.21598686445577
2.63,163.1512313723408,47.63674951025654,-0.43811055292467294,-9.676044901808828,-33.434681803005695,9.87933797070632,4.8574543675307,-11.072907459866565,-633.9706477189102,50.089275034337156,183.6688673963274,211.74377640239874
2.64,162.99741596050677,47.42029286808941,-0.26426592843450425,-9.944170990212685,-40.181626907925356,10.480297220142939,6.0988611583095595,-8.951693210087974,-590.217274195009,61.61903429700757,169.27745733712038,204.0180328074797
2.65,162.57481649668526,47.91476313116204,-0.5964414040785162,-10.134250599263968,-46.62015968981005,10.90684805952626,7.479842708015972,-7.035307699181032,-543.2779927033147,72.51350592307192,161.13874263079762,195.57006889128098
2.66,161.84665964240563,47.78079592502603,-0.7916626951995825,-10.140483564355211,-52.5837825614197,11.250444244544626,9.207342745311761,-5.173339849182089,-491.8884526911181,82.1860117608809,157.85761520269352,186.10412215691355
2.67,161.4339285243995,48.11679424799475,-0.33389018986546404,-10.183237654352665,-58.30168566591252,12.319991645201453,11.089472926511553,-3.181031527226182,-437.3184648936547,90.56521478193159,158.49736779806503,175.4479703198169
2.68,160.86083575128012,48.30972417955477,-0.5792910822827839,-10.092443320913526,-63.02772717354987,13.190089991058727,12.973179102457287,-1.842679031370635,-378.03567193156215,97.66251779753817,161.74530016356445,164.24499220263243
2.69,160.46731913142412,48.24225356514174,-0.42358966752948946,-10.106805133525393,-67.61834934890203,14.093867510576322,15.42823720316045,0.06423979632004012,-315.3269499766855,103.46573472960267,166.28715427273758,152.2944296632341
2.7,159.53909050849876,48.58765930059868,-0.6364728482731813,-10.112146412115244,-71.29913827633581,15.137869107079416,18.014438434014945,1.2789544172324894,-248.96909992920658,107.63688575195563,171.5170118197976,140.03434087770387
2.71,159.082488721539,48.515391640778994,-0.45815510523886827,-10.292107028602887,-74.16535026120629,16.137144428200347,20.900601051598436,2.7291440834160428,-179.3767510795171,110.80910837031674,175.6629232584744,127.4863064243568
2.72,158.0046077146568,48.9095891373145,-0.027142327907441477,-9.897843177041954,-76.31797531519135,16.91743315202071,24.180243523495538,3.717409128629197,-107.19848737362726,111.8844212900367,178.00747963033606,113.71312745043598
2.73,157.13210958585987,48.91027313452105,0.3189128157716612,-9.739452512044437,-77.75323528820259,18.082341925231916,26.845965172819536,4.632336994220069,-32.863464906833066,111.52382096542438,177.6122920018206,100.41736228509296
2.74,156.59862969463927,48.91014430040377,0.24850503086578793,-10.07273580419716,-77.81237528643271,18.685738983216783,28.330536944916922,5.222752429390964,4.442576068656123,110.55242797768358,175.44929733540508,93.61938535980921
2.75,156.37502953612852,48.98029937619126,0.17568840497308244,-9.975253002068117,-77.92929157740922,19.360116811367003,29.982091006969945,5.862932410282845,42.319605413652326,109.56539430138318,173.59151254072736,87.0338043514269
2.76,155.4026962052582,49.25281350165923,0.6371935674265699,-9.93466858822114,-77.06450716061092,20.57877825726766,32.945895227672814,6.387527942693099,117.37938987019066,105.9574962287094,165.01723720742004,73.41028469093624
2.77,154.4609717448295,49.453938083579786,0.9076545502728348,-9.620664687463812,-75.4030382405175,21.641082782158627,35.832475456045245,7.2858874764145956,192.22105177098018,101.21575772924128,152.2162782553076,60.07659631856768
2.78,152.69909062150856,49.69787580164319,1.8795691322352364,-9.555948585919104,-69.49617471243307,23.63117594120391,40.468864467466325,8.398053716494813,334.3567241266702,86.6743861499501,111.99200077150537,33.848102386477706
2.79,151.53759003285427,49.98185626947979,2.42597597377168,-9.685770811945638,-64.73639978072148,24.251468453026966,42.307247847113885,8.798227865586236,400.09074644241866,77.01033355566501,84.59165167178026,22.01177867268353
2.8,151.16077455422868,50.45727819165047,3.290351307832468,-9.630835433065256,-59.36053705318624,25.31256941673198,43.791932123290486,8.995612517582096,460.60601286536024,66.58490942466942,52.60405142240118,9.615802976621502
2.81,150.34427532438443,50.48135576317315,3.7735695340886255,-9.490975593283215,-53.51144437382145,26.042603040121982,44.19009751787566,8.926774642899607,515.2013871598331,54.8290420974836,17.21477085755474,-1.7806944637428366
2.82,149.96310427294569,50.75753528531722,4.100356294266951,-9.399584612940552,-47.02906596130423,26.79610462738684,44.43043938563941,8.613453150803402,563.0039588639416,42.43039405771418,-21.80107786840896,-12.678150361996522
2.83,149.26694793373187,51.18266742758207,4.771259163007226,-9.204229951641105,-39.90132922555732,27.26578830035773,43.3701872220315,8.249143788712718,602.8243715322867,28.97995063476712,-63.16835852855755,-22.321422692711582
2.84,148.87362099872334,51.218296793140894,5.313933206659654,-9.167249301916675,-32.15738789923621,27.47641606091784,42.40336644406922,8.03529365002906,634.9599732807109,15.373051213951122,-106.15716524365634,-31.292259083499903
2.85,148.44172233518043,51.720465724116224,5.810589043196289,-9.100896135551906,-24.274272718907767,27.734502565324515,40.30288194221723,7.640380228211083,657.9154672883526,0.9429297021251979,-149.62508973173243,-39.254018947791444
2.86,148.47745305362002,52.13801181365002,6.605772012015454,-8.808232386874815,-16.448822355488048,27.51828802521089,37.91277228011546,7.028181380496053,672.5472698846286,-13.005391027453767,-193.0699642008605,-46.713808248780886
2.87,148.63079272454888,52.16564639370321,6.714762909392497,-8.92008931607184,-12.518967460573517,27.492692538241688,36.16193514247281,6.869031962321735,674.9215982907243,-20.272942709892696,-214.33277429681618,-49.9182723473376
2.88,148.3721606334005,52.34862114548097,7.1703503776126825,-8.878178799847124,-8.152168968127999,27.35638750285676,34.55889759960159,6.573069212289132,677.2879040735428,-27.457366155231735,-235.35954793490131,-52.911995712700545
2.89,148.37485218405115,52.314380429076564,7.321710893872955,-8.79508434958482,-0.35689201387659186,27.130420120566942,30.95674487047828,5.794791162772453,673.5610887400425,-41.53467025727611,-275.13222929319625,-58.17660769166664
2.9,148.54640627210637,52.859397936395936,7.426481402312863,-8.879234292162604,6.907573224651871,27.022483898413423,26.823037975481146,5.057403442586565,661.5177143250326,-55.03227151456248,-312.4672651938106,-62.340748125013434
2.91,149.0481388453725,53.256298879690654,8.15748454508366,-8.619899507137264,14.37155457751132,25.61203349549712,22.082144743444132,4.6158093347240605,640.5214609482736,-67.91991202485521,-345.46428644056044,-65.35350232655252
2.92,149.50999946383476,53.77794862573792,8.153058291916413,-8.563010346184736,20.97508555343514,24.828227921553726,16.87400684082445,3.877868865575423,612.3292018464175,-79.84980833775666,-374.45378483079014,-67.62212315544286
2.93,149.90704222927874,53.69346581228194,8.092978360322453,-8.76879742562339,26.802533299506173,23.669061576624475,11.608851976220079,2.970670177832034,577.3078091940391,-91.31964163340335,-398.64545380171785,-68.57294458760664
2.94,150.1556642112484,54.03079862839032,8.511621028612204,-8.641994069245415,32.32876740331471,22.650919998429444,6.4679576663893785,2.275622273451901,536.1728646386052,-101.46696213821676,-417.6437209774598,-69.17773200124476
2.95,150.87975197815607,54.01783685403268,8.363348078113187,-8.699338006949773,37.14224889572476,21.46414846898127,0.8552518270695432,1.2910353468465101,489.961557672421,-110.09428153483745,-431.5040536507861,-68.82037218746838
2.96,152.17072103064595,54.526625819440916,7.161908134053283,-8.766428520761801,44.182528845263946,18.280882056268652,-10.016847605263932,0.0973189759842232,386.81512422146375,-124.12057852192328,-442.8220051252194,-66.01199189868444
2.97,152.42729797584263,54.813476333414435,7.510298768752895,-8.34406373389095,46.90681101132529,16.674154293629357,-15.173715453801648,-0.6195662352089669,331.74417914474424,-129.53072053990016,-441.03938282574876,-63.23446067532498
2.98,153.42412542114613,54.84356330974648,6.812772579968205,-8.638134237008893,48.598283812782995,15.061338948084716,-20.004401349838297,-1.3048316328054148,275.4029208757624,-133.49769166236536,-434.4944984831548,-60.210341044485176
2.99,153.8886966327733,55.04873065479437,6.565333241720869,-8.715003801136824,49.59555784813238,13.45257361185656,-24.175528733909967,-1.7913770177227442,219.70645070894042,-136.05940600786505,-424.2039029525312,-56.68403488220403
3.0,154.12686260168596,55.158058061308886,6.298121840845084,-8.648425519594054,49.820758724122555,12.625439463519546,-26.551744751765966,-2.276173633726233,192.15845537260586,-137.08874489494724,-417.0105594542144,-54.9993767380334
3.01,154.4325103970759,55.155656381377376,5.972978087779383,-8.680048130571018,50.1435993798593,11.750069076960044,-29.01316518412134,-2.3076967952190306,164.65608911515514,-138.04560772701166,-409.7708796304808,-53.2137373349216
3.02,154.85394984985194,55.11191760964352,5.536529848504363,-8.593098271881805,49.895562256941325,10.05576333225008,-32.49105652535103,-3.051192788857427,111.58402455463246,-138.80215734291383,-392.90612579079175,-49.49091952528179
3.03,155.3966842382016,55.24121973839085,5.082695258347595,-9.003190204163342,49.34858638440174,8.514340075447866,-35.78062026858214,-3.42804670163352,60.92638119159727,-138.8828100489395,-373.8899487255922,-45.23963964362396
3.04,156.139865395879,55.43500353308616,4.424152649735466,-9.010268377972249,48.231266440946364,6.8193073881039865,-38.81177128984955,-3.8015611461492003,13.519451110350872,-138.0759350313382,-353.2260101563759,-41.555793126658536
3.05,156.31125099288965,55.1540689238275,3.92862432203815,-8.936294770543826,47.24845742949012,5.522145385878922,-41.56751080404103,-3.944554173930685,-30.41183032987369,-136.6539548331907,-331.8540411956619,-37.67014757727392
3.06,156.64179188387635,55.22994355479171,3.93126689281193,-8.921845907984673,45.39690836829236,4.5549542045316604,-43.957703395206295,-4.192431603723366,-70.46614562852224,-135.14260821715163,-310.42649600914126,-34.07623052685925
3.07,157.17539473623165,55.53845076996614,2.998360425607638,-8.67864776073985,44.03203970897673,3.091951242851423,-45.46090906063547,-4.158696626970418,-106.56128099412899,-133.08326571328706,-289.0342791191919,-31.006930019904875
3.08,157.25714306386791,55.42834503949976,2.7521924106823343,-8.697182299307253,42.54105224535342,2.128777621127154,-47.25644891304516,-4.546254998649085,-137.84802484611907,-130.38299199069692,-269.2975416263063,-27.459346338754777
3.09,157.45508973496422,55.427890261390914,2.513370761442654,-9.0980891266501,41.072794163480815,0.9782011859966406,-48.096611465042145,-4.909405075347714,-165.42850267420428,-128.2753198784306,-250.43817225909848,-24.908289241134398
