0.01,-122.02,88.47,179.08,0.21,-0.01,-0.07,0.43,0.12,0.67,-94.89,80.87,124.36,0.12,0.16,-0.04,0.66,-0.0,0.31,-180.74,2.73,9.11,0.19,0.28,0.25,0.46,1.47,0.15,-143.48,6.47,12.6,0.45,0.18,0.59,1.99,0.93,0.27
0.02,-122.3,88.4,178.94,0.09,0.12,-0.0,0.42,0.13,0.72,-95.12,80.17,127.28,0.09,0.37,0.08,0.85,-0.02,0.27,-180.7,2.27,8.88,0.2,0.24,0.22,0.44,1.25,0.53,-142.65,7.03,13.06,0.32,0.31,0.64,1.88,0.96,0.45
0.03,-122.36,88.47,179.05,0.3,0.01,0.19,0.52,0.15,0.89,-94.61,79.75,130.25,-0.08,0.46,-0.03,0.81,0.22,0.35,-180.39,1.91,8.79,0.07,0.22,0.22,0.31,1.26,0.6,-142.34,7.69,13.45,0.43,0.37,0.54,1.68,0.96,0.55
0.04,-122.53,88.43,178.9,0.07,0.15,0.11,0.46,0.27,1.03,-94.42,79.28,133.24,0.09,0.98,0.03,0.82,0.29,0.22,-180.19,1.64,8.56,0.3,0.36,0.11,0.54,1.38,0.76,-141.51,8.55,13.99,0.49,0.66,0.48,1.37,0.74,0.9
0.05,-122.54,88.65,178.85,0.18,-0.08,0.11,0.13,0.15,1.03,-94.47,78.57,136.32,0.18,1.13,-0.06,1.19,0.38,0.47,-179.91,1.39,8.4,0.2,0.2,0.06,0.34,1.12,1.08,-141.08,9.0,14.41,0.6,0.62,0.68,1.74,0.4,0.91
0.06,-122.36,88.61,179.1,0.13,0.04,-0.09,0.25,0.12,0.93,-94.85,77.42,139.1,-0.03,1.02,0.09,1.05,0.4,0.44,-179.66,1.01,8.29,0.03,0.29,0.13,0.27,0.85,1.15,-140.32,10.13,14.83,0.59,0.75,0.49,1.45,0.57,1.05
0.07,-122.49,88.29,178.93,0.21,-0.01,0.21,0.41,0.12,1.02,-94.82,76.72,141.92,0.14,1.28,-0.04,1.18,0.42,0.36,-179.41,0.99,8.32,0.2,0.36,0.07,0.44,0.89,1.24,-139.97,10.77,15.26,0.46,0.81,0.44,1.02,0.59,1.45
0.08,-122.56,88.58,179.01,-0.1,-0.01,-0.14,0.34,0.22,0.86,-94.8,75.29,144.88,0.27,1.4,-0.02,1.32,0.14,0.41,-179.26,0.91,8.43,0.16,0.34,0.07,-0.07,0.79,1.52,-139.35,11.66,15.83,0.56,0.83,0.4,1.12,0.62,1.49
0.09,-122.36,88.11,179.01,0.03,0.06,0.13,0.54,0.04,0.75,-95.02,73.86,147.48,0.23,1.58,0.15,1.37,0.39,0.08,-179.2,0.75,8.4,-0.0,0.33,0.16,0.07,0.64,1.63,-138.99,12.64,16.33,0.56,0.78,0.52,0.9,0.68,1.55
0.1,-122.19,88.14,178.85,0.13,0.25,-0.02,0.51,0.18,0.84,-95.16,72.41,149.66,0.46,1.53,-0.07,1.28,0.29,0.45,-179.19,1.09,8.74,0.23,0.19,0.19,0.25,0.86,1.85,-138.68,13.69,16.64,0.39,0.92,0.47,0.7,0.68,1.65
0.11,-121.75,87.18,179.06,0.21,0.22,-0.06,0.88,0.35,0.7,-95.34,68.64,154.71,0.26,1.79,0.11,1.14,0.39,0.39,-178.75,1.21,9.22,0.19,0.35,0.03,-0.09,0.54,1.9,-138.19,15.57,17.83,0.24,0.77,0.28,0.46,0.91,1.7
0.12,-121.69,86.51,179.19,0.16,0.61,-0.05,0.87,0.33,0.5,-95.4,66.37,156.65,0.33,1.62,0.06,1.35,0.44,0.51,-178.82,1.52,9.54,0.21,0.34,0.16,0.13,0.36,1.89,-137.65,16.62,17.96,0.36,0.79,0.26,0.33,0.97,1.7
0.13,-121.51,85.66,179.18,0.33,0.7,0.13,0.81,0.31,0.65,-95.98,64.22,158.69,0.27,1.84,0.14,1.22,0.48,0.4,-178.81,1.8,9.94,0.24,0.29,0.11,-0.06,0.55,1.87,-137.73,17.45,18.24,0.44,0.68,0.29,0.62,0.67,1.64
0.14,-121.26,84.86,179.4,0.15,0.75,0.14,1.04,0.45,0.62,-96.0,61.78,160.0,0.01,1.81,0.09,1.1,0.34,0.69,-178.81,2.34,10.37,0.24,0.27,0.4,0.13,0.59,1.65,-137.73,18.24,18.34,0.23,0.52,0.08,0.34,1.07,1.26
0.15,-121.17,83.66,179.58,0.05,0.93,0.15,0.98,0.37,0.45,-96.09,59.49,161.77,0.09,1.83,-0.05,0.98,0.18,0.64,-178.79,2.63,10.68,0.09,0.24,0.1,0.14,0.55,1.73,-137.92,19.33,18.73,0.39,0.64,0.19,0.41,1.16,1.43
0.16,-121.1,82.35,179.75,-0.03,0.97,0.28,1.16,0.49,0.58,-96.26,57.17,162.75,0.16,1.81,-0.03,1.01,0.44,0.6,-178.68,3.16,11.01,0.27,0.62,0.17,0.27,0.72,1.61,-137.88,20.1,18.6,0.13,0.67,0.01,0.45,1.24,1.14
0.17,-120.99,80.87,179.93,0.29,1.03,-0.01,1.11,0.43,0.53,-96.0,54.68,163.83,0.17,1.9,0.04,0.77,0.24,0.54,-178.51,3.86,11.33,0.34,0.35,0.35,0.32,0.81,1.51,-137.98,20.78,18.86,0.24,0.67,0.17,0.46,0.79,1.12
0.18,-120.87,79.33,179.98,0.12,1.26,0.19,0.97,0.38,0.48,-96.21,52.73,164.64,0.07,1.78,0.12,0.51,0.46,0.64,-178.23,4.28,11.39,0.25,0.44,0.51,0.22,0.76,1.47,-138.0,21.34,18.66,0.36,0.5,0.05,0.61,0.74,1.02
0.19,-121.05,77.67,180.29,0.15,1.32,0.18,1.03,0.24,0.48,-96.02,50.62,165.2,0.16,1.61,0.06,0.8,0.28,0.49,-177.94,4.79,11.47,0.23,0.32,0.11,0.31,0.9,1.13,-138.07,22.13,18.66,0.08,0.51,-0.0,0.5,0.85,1.04
0.2,-121.14,75.96,180.3,-0.04,1.44,0.27,1.01,0.48,0.73,-95.97,48.8,165.7,0.28,1.54,0.23,0.67,0.34,0.84,-177.58,5.31,11.37,0.01,0.28,0.19,0.55,0.79,1.17,-138.35,22.7,18.55,0.22,0.46,0.19,0.94,0.83,0.82
0.21,-121.46,72.24,180.32,0.26,1.43,0.01,1.02,0.38,0.95,-95.63,45.21,166.44,0.2,1.4,-0.09,0.57,0.32,0.53,-176.78,6.55,10.95,0.11,0.47,0.36,0.61,1.0,1.03,-138.25,23.67,17.98,0.17,0.33,0.27,0.93,0.79,0.93
0.22,-121.83,70.4,180.13,0.03,1.51,0.44,0.99,0.43,0.97,-95.59,43.53,166.88,0.35,1.21,0.05,0.59,0.33,0.78,-176.05,7.06,10.46,0.38,0.21,0.53,0.68,1.13,0.88,-138.14,23.89,17.77,0.21,0.32,0.49,1.22,0.61,0.98
0.23,-122.13,68.64,180.01,0.23,1.51,0.28,0.82,0.47,0.9,-95.13,42.19,167.1,0.19,1.3,0.22,0.57,0.41,0.64,-175.49,7.6,9.59,0.42,0.41,0.65,0.52,1.47,0.78,-137.66,24.26,17.42,-0.01,0.24,0.76,1.06,0.79,1.18
0.24,-122.67,66.53,179.93,0.07,1.47,0.06,0.85,0.43,1.26,-95.03,40.79,167.29,0.19,1.23,0.04,0.33,0.43,0.58,-174.98,8.37,9.15,0.29,0.24,0.6,0.8,1.29,0.75,-137.53,24.72,17.2,-0.01,0.19,0.55,1.34,0.65,1.36
0.25,-123.24,65.04,179.41,0.21,1.38,0.19,0.75,0.52,1.27,-94.84,39.55,167.67,0.22,1.01,0.22,0.62,0.23,0.71,-173.83,8.8,8.24,0.45,0.39,0.51,0.63,1.45,0.85,-136.95,24.85,16.52,0.29,0.14,0.65,1.15,0.75,1.5
0.26,-123.7,63.31,179.26,0.15,1.28,0.38,0.54,0.41,1.1,-94.46,38.49,167.8,0.1,1.05,0.23,0.54,0.37,0.47,-173.5,9.21,7.17,0.53,0.26,0.64,0.73,1.39,0.55,-136.4,25.18,15.88,0.25,-0.02,0.55,1.37,0.66,1.51
0.27,-124.3,61.66,179.08,0.13,1.39,0.28,0.84,0.51,1.0,-94.37,37.57,168.08,0.09,1.04,0.0,0.4,0.35,0.52,-172.62,9.4,6.45,0.75,0.18,0.72,0.74,1.42,0.73,-135.69,25.27,15.55,0.14,0.17,0.93,1.37,0.77,1.75
0.28,-125.08,60.09,178.82,0.21,1.36,0.07,0.59,0.52,0.8,-94.13,36.44,168.33,0.07,0.93,0.27,0.35,0.24,0.36,-171.72,9.84,5.65,0.72,0.15,0.96,0.76,1.45,0.78,-134.98,25.48,15.0,0.12,0.09,1.12,1.12,0.95,1.84
0.29,-125.97,58.55,178.46,0.33,1.49,0.4,0.47,0.37,0.83,-94.11,35.48,168.49,0.09,0.74,0.15,0.51,0.28,0.25,-171.0,10.34,4.92,0.64,0.09,0.77,0.83,1.48,0.92,-134.08,25.19,14.47,0.05,0.36,0.98,1.21,1.11,1.96
0.3,-126.67,57.19,178.19,0.19,1.39,0.36,0.63,0.49,0.82,-93.99,34.39,168.91,0.15,0.89,0.42,0.34,0.21,0.33,-170.4,10.37,4.18,0.99,0.31,0.81,0.88,1.46,0.84,-133.08,25.71,14.08,0.17,-0.01,0.98,0.94,1.37,2.12
0.31,-128.33,54.63,177.4,0.21,1.04,0.3,0.55,0.36,0.71,-93.52,32.32,169.61,-0.06,0.89,0.15,0.44,0.18,0.18,-169.2,10.83,3.45,1.28,0.13,0.83,0.54,1.23,0.95,-131.3,25.7,13.28,0.2,0.07,1.16,0.79,1.62,1.74
0.32,-129.19,53.2,177.35,0.2,1.27,0.37,0.52,0.46,0.65,-93.49,31.15,170.05,0.17,0.64,0.05,0.24,0.23,0.11,-168.81,10.86,3.63,0.99,0.09,0.71,0.79,1.21,0.82,-130.47,25.71,13.01,0.21,0.12,0.89,0.68,1.77,1.79
0.33,-129.96,52.02,176.9,0.09,1.13,0.22,0.76,0.4,0.34,-93.35,30.54,170.34,0.31,0.78,0.07,0.23,0.16,0.23,-168.52,10.7,3.66,1.21,0.23,0.73,0.81,1.32,0.8,-129.29,25.82,12.74,0.31,0.24,0.72,0.62,1.62,1.88
0.34,-130.89,51.0,176.69,0.08,1.06,0.08,0.84,0.4,0.31,-93.17,29.44,170.59,0.23,0.68,0.13,0.33,0.11,0.14,-168.33,10.73,4.3,1.2,0.16,0.67,0.6,1.16,0.84,-128.43,25.83,12.5,0.38,0.19,0.86,0.66,1.74,1.55
0.35,-131.78,49.75,176.47,0.23,0.92,0.13,0.76,0.36,0.22,-93.19,28.61,170.94,0.23,0.67,-0.21,0.22,0.09,0.35,-168.46,10.89,4.88,1.03,0.34,0.78,0.65,0.99,0.69,-127.65,25.92,12.68,0.54,0.27,0.78,0.63,1.7,1.31
0.36,-132.79,48.64,176.29,0.19,0.9,0.21,0.57,0.46,0.13,-93.06,27.68,171.07,0.09,0.62,0.2,0.45,0.33,0.51,-168.48,10.69,5.83,1.16,0.25,0.79,0.68,0.98,0.72,-126.88,26.43,12.57,0.52,0.1,0.76,0.44,1.77,1.36
0.37,-133.67,47.65,175.91,0.49,1.02,0.13,0.62,0.17,0.22,-93.21,26.98,171.62,0.35,0.54,0.12,0.36,0.32,0.75,-168.85,10.93,6.4,1.15,0.34,0.89,0.77,0.97,0.56,-125.89,26.3,12.74,0.51,0.33,0.64,0.54,1.7,1.08
0.38,-134.61,46.69,175.64,0.25,0.88,0.03,0.57,0.37,0.07,-93.18,26.28,171.62,0.19,0.75,-0.11,0.58,0.4,0.83,-169.2,10.85,7.24,1.2,0.15,0.76,0.73,1.0,0.47,-125.12,26.58,12.94,0.47,0.34,0.58,0.6,1.46,1.09
0.39,-135.28,45.65,175.43,0.25,0.97,0.13,0.61,0.4,0.23,-93.27,25.42,171.66,0.28,0.43,0.13,0.32,0.44,0.87,-169.88,10.54,8.21,0.88,0.31,0.91,0.6,0.9,0.69,-124.42,26.61,13.36,0.55,0.35,0.62,0.38,1.32,0.95
0.4,-135.96,44.74,175.33,0.35,0.61,0.28,0.78,0.22,0.14,-93.18,24.85,171.89,0.13,0.57,-0.08,0.54,0.48,0.86,-170.58,10.63,9.15,1.15,0.23,0.83,0.53,0.93,0.36,-123.59,26.93,13.49,0.59,0.12,0.71,0.61,1.12,0.91
0.41,-136.74,43.04,174.92,0.06,0.82,0.29,0.7,0.49,0.18,-93.11,24.01,171.99,-0.0,0.33,0.13,0.65,0.68,1.06,-172.41,10.73,10.62,0.86,0.14,0.81,0.73,0.82,0.55,-122.57,27.39,14.38,0.56,0.3,0.49,0.45,1.13,0.57
0.42,-137.46,42.35,174.75,0.2,0.67,0.1,1.0,0.42,0.05,-93.19,23.62,171.89,0.23,0.4,0.07,0.47,0.76,1.33,-173.03,10.65,11.4,0.69,0.13,1.03,0.52,0.74,0.56,-122.31,27.89,14.61,0.49,0.44,0.49,0.6,0.76,0.66
0.43,-137.7,41.49,174.62,0.1,0.65,0.19,1.12,0.66,0.2,-93.3,23.69,171.97,0.25,0.49,0.01,0.76,0.66,1.17,-173.82,10.58,11.78,0.43,0.23,0.79,0.62,1.04,0.31,-122.0,28.21,15.4,0.67,0.47,0.29,0.52,0.79,0.58
0.44,-137.65,40.94,174.54,0.12,0.49,0.14,0.97,0.43,0.26,-93.45,23.44,171.87,0.04,0.3,0.11,0.61,0.72,1.3,-174.64,10.58,12.43,0.59,0.19,0.62,0.63,0.73,0.67,-122.06,28.58,15.57,0.22,0.12,0.37,0.37,0.66,0.63
0.45,-137.93,40.41,174.46,0.12,0.47,0.31,1.08,0.54,0.23,-93.43,23.5,171.66,0.22,0.3,0.14,0.66,0.6,1.09,-175.26,10.69,12.62,0.37,0.21,0.81,0.59,0.88,0.54,-121.97,28.86,16.13,0.48,0.29,0.38,0.66,0.93,0.79
0.46,-137.72,39.62,174.29,0.17,0.26,0.13,1.04,0.69,0.39,-93.54,23.67,171.9,0.32,0.39,0.21,0.46,0.82,1.18,-175.68,10.62,12.9,0.23,0.1,0.52,0.48,0.87,0.52,-122.13,29.34,16.68,0.5,0.26,0.29,0.68,0.63,0.86
0.47,-137.83,39.35,174.34,-0.04,0.31,0.08,1.23,0.66,0.13,-93.47,24.0,171.86,-0.03,0.32,0.17,0.25,0.62,1.1,-176.32,10.51,13.15,0.2,0.23,0.61,0.55,0.84,0.64,-122.41,29.54,17.13,0.21,0.1,0.56,0.52,0.91,0.65
0.48,-137.61,38.94,174.27,0.03,0.39,-0.01,1.03,0.72,0.51,-93.61,24.02,171.73,0.06,0.18,0.01,0.29,0.85,0.91,-176.48,10.58,13.28,0.19,0.1,0.62,0.57,0.97,0.46,-122.85,29.67,17.85,0.42,0.27,0.31,0.65,0.74,0.64
0.49,-137.51,38.61,174.21,0.07,0.34,-0.07,1.08,0.68,0.37,-93.64,24.48,171.79,0.01,0.47,0.22,0.25,0.73,1.02,-176.76,10.65,13.41,0.2,0.02,0.48,0.47,0.54,0.67,-123.4,29.78,18.26,0.5,0.37,0.51,0.6,0.57,0.79
0.5,-137.27,38.34,174.11,0.17,0.24,0.05,1.12,0.86,0.52,-93.48,24.9,171.77,0.07,0.25,0.17,0.43,0.68,0.98,-176.87,10.64,13.56,0.05,0.1,0.34,0.63,0.48,0.87,-123.94,29.96,19.24,0.43,0.3,0.45,0.42,0.58,0.75
0.51,-137.11,38.11,174.14,0.05,0.04,-0.02,1.13,0.43,0.57,-93.6,25.33,171.55,0.02,0.15,0.17,0.26,0.64,0.56,-176.93,10.56,13.76,-0.0,0.27,0.54,0.41,0.73,0.72,-125.39,30.25,20.77,0.38,0.11,0.42,0.74,0.81,0.81
0.52,-136.93,38.03,174.11,-0.04,-0.03,0.14,0.89,0.63,0.5,-93.36,25.96,171.49,0.11,0.32,0.09,0.35,0.49,0.89,-176.72,10.96,13.69,0.12,0.08,0.46,0.42,0.6,0.94,-126.13,30.27,21.7,0.32,0.13,0.66,0.46,0.77,0.7
0.53,-136.75,38.06,174.21,0.21,-0.04,0.13,0.99,0.67,0.52,-93.75,26.3,171.38,0.03,0.24,0.02,0.35,0.39,0.72,-177.11,10.71,13.6,-0.05,0.37,0.24,0.41,0.47,0.81,-126.54,30.17,22.48,0.58,0.24,0.59,0.42,0.58,0.52
0.54,-136.88,38.29,173.88,0.22,0.23,0.03,0.81,0.47,0.46,-93.4,26.42,171.36,0.03,0.26,0.08,0.26,0.48,0.62,-176.73,10.97,13.71,0.11,0.11,0.17,0.19,0.46,0.77,-127.23,30.12,23.14,0.46,0.12,0.48,0.37,0.74,0.55
0.55,-136.52,38.21,173.86,0.06,0.02,-0.01,0.88,0.71,0.6,-93.38,26.5,171.35,0.06,0.06,0.19,0.46,0.31,0.71,-176.76,11.06,13.85,0.11,0.37,-0.02,0.24,0.41,0.79,-127.88,30.33,23.85,0.47,0.11,0.33,0.24,0.58,0.56
0.56,-136.58,38.25,173.8,0.0,0.12,-0.11,0.93,0.54,0.41,-93.34,26.55,171.22,0.13,0.28,-0.04,0.37,0.45,0.54,-176.63,11.27,13.74,0.13,0.2,0.13,0.32,0.43,0.77,-128.26,30.49,24.8,0.47,0.31,0.35,0.39,0.66,0.5
0.57,-136.66,38.34,173.72,0.14,0.08,-0.05,0.89,0.65,0.56,-93.3,26.92,171.05,-0.06,0.05,-0.02,0.56,0.42,0.47,-176.4,11.46,13.84,0.06,0.34,0.2,0.34,0.45,0.69,-128.58,30.55,25.5,0.68,0.22,0.43,0.23,0.69,0.61
0.58,-136.54,38.49,173.64,0.22,0.13,0.05,0.79,0.27,0.5,-93.11,26.93,171.1,-0.02,0.19,0.03,0.25,0.31,0.58,-176.13,11.59,13.78,0.14,0.24,0.35,0.2,0.54,0.62,-128.76,30.79,26.2,0.53,0.26,0.35,0.38,0.83,0.63
0.59,-136.58,38.76,173.65,0.19,0.11,0.23,0.6,0.41,0.61,-93.26,26.74,171.06,0.01,0.24,0.05,0.62,0.33,0.74,-176.37,11.96,13.87,0.07,0.2,0.12,0.38,0.36,0.6,-128.88,30.98,26.62,0.52,0.26,0.47,0.33,0.63,0.48
0.6,-136.76,38.68,173.56,0.2,0.15,-0.07,0.82,0.46,0.53,-93.01,26.71,171.1,0.04,0.04,0.14,0.51,0.39,0.67,-176.28,12.1,14.07,0.32,0.14,0.14,0.31,0.49,0.33,-128.77,31.19,27.1,0.46,0.36,0.44,0.04,0.81,0.59
0.61,-136.65,39.16,173.41,0.06,0.19,0.04,0.94,0.42,0.46,-92.84,26.7,170.86,-0.1,0.09,0.01,0.53,0.32,0.62,-175.87,12.74,14.11,0.17,0.19,0.29,0.48,0.4,0.32,-128.33,32.05,28.16,0.45,0.21,0.61,0.34,0.81,0.87
0.62,-136.79,39.14,173.33,0.2,0.02,0.14,0.86,0.41,0.64,-92.92,26.64,171.03,0.15,0.3,-0.03,0.54,0.28,0.54,-175.79,13.18,14.3,0.08,0.26,0.17,0.68,0.65,0.38,-128.02,32.38,28.35,0.42,0.01,0.36,0.37,0.96,0.8
0.63,-136.8,39.53,173.25,0.08,0.19,-0.09,0.88,0.59,0.36,-92.73,26.56,171.04,0.01,0.34,-0.04,0.46,0.25,0.6,-176.1,13.55,14.36,0.31,0.35,0.34,0.89,0.8,0.36,-127.43,32.92,28.68,0.55,0.13,0.51,0.32,0.8,1.13
0.64,-136.59,39.54,173.15,0.07,0.18,0.16,0.95,0.48,0.31,-92.38,26.64,170.69,0.16,0.25,-0.08,0.58,0.47,0.58,-176.19,13.94,14.52,0.28,0.32,0.39,0.88,0.69,0.4,-127.02,33.61,28.97,0.38,0.38,0.46,0.24,1.09,0.84
0.65,-136.64,39.66,172.99,0.15,0.01,-0.02,0.71,0.37,0.4,-92.36,26.64,170.99,0.02,0.4,0.08,0.55,0.35,0.53,-176.44,14.09,14.65,0.21,0.14,0.66,1.11,0.58,0.51,-126.24,33.95,29.13,0.36,0.2,0.56,0.52,0.99,1.08
0.66,-136.7,39.97,173.07,0.22,0.04,0.13,0.72,0.46,0.39,-92.22,26.94,171.08,0.32,0.13,-0.08,0.55,0.21,0.52,-176.78,14.46,15.0,0.19,0.34,0.5,1.12,0.48,0.35,-125.63,34.4,29.23,0.42,0.46,0.33,0.26,0.88,1.28
0.67,-136.46,39.94,172.89,0.15,0.15,-0.02,0.8,0.31,0.44,-91.97,27.21,170.84,0.14,0.45,0.11,0.44,0.21,0.55,-177.35,14.5,15.21,0.18,0.26,0.54,0.99,0.78,0.27,-125.35,35.21,29.7,0.69,0.27,0.42,0.37,1.05,1.16
0.68,-136.53,40.27,172.99,0.11,0.13,0.13,0.88,0.46,0.17,-91.74,27.15,170.94,-0.01,0.18,0.11,0.32,0.19,0.72,-177.95,15.07,15.69,0.28,0.25,0.77,0.83,0.89,0.56,-124.82,35.88,29.99,0.32,0.46,0.53,0.42,0.9,1.15
0.69,-136.65,40.28,172.74,0.19,-0.11,-0.11,0.69,0.29,0.45,-91.58,27.64,170.9,0.1,0.22,0.11,0.36,0.45,0.78,-178.58,15.33,15.54,0.41,0.17,0.62,1.03,0.7,0.56,-124.26,36.86,30.21,0.57,0.46,0.38,0.45,1.07,1.17
0.7,-136.41,40.51,172.65,0.11,0.0,0.06,0.79,0.31,0.29,-91.51,28.06,170.9,0.19,0.21,0.14,0.34,0.25,0.75,-179.23,15.66,15.63,0.33,0.15,0.82,1.03,0.7,0.72,-123.61,37.6,30.75,0.34,0.87,0.18,0.64,0.86,1.34
0.71,-136.51,40.78,172.34,0.12,0.26,-0.05,0.76,0.26,0.45,-90.99,29.1,170.85,-0.08,0.39,0.02,0.3,0.18,0.67,-180.9,16.12,15.39,0.17,0.16,0.71,0.89,0.74,0.41,-123.15,39.08,32.12,0.51,0.76,0.38,0.64,0.76,1.22
0.72,-136.64,41.14,172.21,0.08,0.17,-0.14,0.81,0.33,0.36,-90.87,29.46,170.76,0.0,0.51,0.06,0.4,-0.01,0.87,-181.9,16.14,15.11,0.29,-0.06,0.89,0.93,0.6,0.57,-122.86,40.01,33.21,0.56,0.82,0.37,0.79,0.88,0.97
0.73,-136.63,41.09,172.3,-0.12,0.13,0.16,0.67,0.27,0.45,-90.93,30.34,170.7,0.11,0.45,-0.04,0.46,0.24,0.59,-182.77,16.15,14.81,0.28,0.01,0.67,0.48,0.6,0.56,-122.73,41.14,33.87,0.67,1.11,0.37,0.5,0.82,1.12
0.74,-136.59,41.36,172.33,0.19,0.25,0.04,0.91,0.13,0.22,-90.75,30.91,170.73,-0.05,0.51,0.2,0.22,0.16,0.59,-183.72,16.39,14.08,0.5,0.01,0.67,0.45,0.41,0.46,-122.48,42.08,35.14,0.48,1.26,0.3,0.93,0.76,0.94
0.75,-136.55,41.66,172.3,0.23,0.13,0.12,0.93,0.48,0.36,-90.42,31.65,170.66,0.07,0.67,0.13,0.49,0.24,0.75,-184.39,16.38,13.61,0.56,0.15,0.45,0.53,0.31,0.72,-122.46,43.15,36.36,0.45,1.14,0.25,0.73,0.81,0.94
0.76,-136.33,41.98,172.3,0.03,0.18,-0.03,0.81,0.25,0.41,-90.57,32.46,170.76,-0.22,0.77,0.14,0.43,0.16,0.56,-185.05,16.46,12.91,0.51,-0.03,0.57,0.38,0.46,0.64,-122.36,44.35,37.59,0.53,1.19,0.22,0.86,0.49,1.05
0.77,-136.49,42.18,172.13,0.1,0.28,0.13,0.7,0.26,0.25,-90.45,33.25,170.64,-0.04,0.73,0.05,0.5,0.27,0.52,-186.09,16.64,11.85,0.81,0.0,0.46,0.48,0.36,0.24,-122.31,45.63,38.72,0.35,1.11,0.11,0.78,0.69,0.83
0.78,-136.34,42.44,172.3,0.13,0.59,0.2,0.96,0.36,0.5,-90.54,34.06,170.63,-0.02,0.75,-0.1,0.39,0.16,0.61,-186.7,16.68,10.99,0.58,-0.02,0.43,0.22,0.21,0.54,-122.35,46.74,40.0,0.38,1.25,0.11,0.99,0.77,0.84
0.79,-135.84,43.02,172.26,0.12,0.22,-0.05,0.93,0.32,0.37,-90.54,34.75,170.55,0.03,0.71,0.0,0.69,0.25,0.43,-187.41,16.81,9.76,0.77,0.06,0.4,0.36,0.31,0.42,-122.22,47.86,41.54,0.43,1.2,0.07,0.85,0.54,0.51
0.8,-135.64,43.36,171.93,0.13,0.34,0.05,0.9,0.44,0.44,-90.57,35.89,170.33,-0.09,0.64,0.11,0.47,0.27,0.35,-187.85,16.78,8.47,0.68,0.02,0.42,0.2,0.26,0.27,-122.27,49.28,42.78,0.56,1.14,0.17,0.86,0.82,0.7
0.81,-134.66,44.39,171.88,0.06,0.68,0.2,0.94,0.36,0.48,-90.82,37.32,170.11,0.11,0.68,-0.01,0.46,0.34,0.46,-188.83,16.93,6.03,0.81,0.07,0.53,0.43,0.42,0.48,-121.98,51.48,45.57,0.24,1.18,0.08,0.69,0.72,0.79
0.82,-134.33,44.82,172.33,0.03,0.53,0.13,1.16,0.33,0.46,-90.95,38.31,170.16,0.03,0.8,0.01,0.62,0.35,0.25,-189.51,17.15,5.14,1.06,0.18,0.51,0.46,0.45,0.5,-121.83,52.61,46.78,0.41,1.23,0.24,0.78,0.72,0.79
0.83,-133.56,45.66,172.15,-0.13,0.65,0.07,0.97,0.19,0.41,-90.72,38.99,169.86,0.17,1.02,0.01,0.37,0.48,0.03,-189.68,17.05,4.19,0.86,0.06,0.5,0.5,0.42,0.47,-121.74,53.79,48.1,0.15,1.16,0.4,0.63,0.75,0.81
0.84,-132.99,46.32,172.34,0.14,0.64,0.07,0.87,0.34,0.79,-91.2,39.97,169.66,-0.03,0.78,0.14,0.62,0.45,0.24,-190.27,16.8,3.28,1.01,0.16,0.36,0.39,0.28,0.51,-121.66,55.0,49.52,0.52,1.19,0.23,0.67,0.77,0.75
0.85,-132.25,47.02,172.55,-0.02,0.72,0.31,1.03,0.35,0.68,-91.36,41.08,169.42,0.2,0.89,0.05,0.46,0.43,0.36,-190.71,17.05,2.69,0.91,0.41,0.61,0.81,0.53,0.54,-121.35,56.15,51.12,0.46,1.05,0.23,0.73,0.93,0.6
0.86,-131.5,47.9,172.58,0.2,0.6,0.35,1.11,0.29,0.54,-91.29,42.06,169.27,0.13,0.9,0.09,0.33,0.61,0.35,-191.36,16.84,2.45,0.92,0.06,0.65,0.56,0.36,0.43,-121.13,57.62,52.47,0.33,1.09,0.21,0.51,0.97,0.6
0.87,-130.52,48.63,172.6,0.13,0.65,0.24,1.19,0.44,0.63,-91.4,43.07,169.05,-0.03,0.94,0.15,0.42,0.7,0.4,-191.88,16.89,2.15,1.04,0.15,0.74,0.67,0.56,0.39,-121.13,58.46,54.31,0.47,1.24,0.26,0.43,0.82,0.68
0.88,-129.83,49.58,172.36,0.05,0.71,0.32,1.11,0.33,0.53,-91.38,44.23,168.62,0.08,1.16,0.17,0.21,0.7,0.35,-192.54,16.75,2.8,1.07,0.07,0.6,0.64,0.22,0.68,-120.9,60.05,56.27,0.17,1.28,0.37,0.56,0.96,0.69
0.89,-129.12,50.72,172.64,0.15,0.9,0.24,1.01,0.59,0.72,-91.34,45.0,168.05,0.1,1.07,0.12,0.17,0.64,0.3,-192.98,16.72,3.16,1.19,0.1,0.74,0.91,0.4,0.67,-120.64,61.05,58.65,0.28,1.28,0.32,0.63,0.97,0.54
0.9,-128.13,51.54,172.66,0.14,0.85,0.32,0.9,0.43,0.48,-91.17,46.06,167.86,0.1,1.08,0.29,0.45,0.58,0.42,-193.56,16.38,4.0,1.37,0.1,0.69,0.97,0.47,0.64,-120.48,62.19,61.19,0.26,1.35,0.26,0.58,0.91,0.64
0.91,-126.47,53.76,172.87,0.14,0.78,0.22,0.88,0.41,0.88,-90.84,48.67,167.1,0.21,1.04,0.21,0.17,0.64,0.3,-194.9,16.06,6.63,1.21,0.27,0.74,1.14,0.6,1.04,-120.38,64.17,67.16,0.4,1.55,0.43,0.89,0.96,0.76
0.92,-125.92,54.82,173.04,0.22,1.05,0.3,0.86,0.42,0.66,-90.33,49.53,166.59,0.29,0.97,0.09,0.21,0.57,0.42,-195.38,15.78,8.27,1.55,0.27,0.69,1.16,0.6,1.08,-120.21,65.16,70.62,0.33,1.59,0.41,0.62,1.09,0.64
0.93,-125.04,55.92,173.28,0.14,0.98,0.28,0.78,0.4,0.59,-90.23,51.03,166.05,0.28,1.36,0.17,0.35,0.43,0.37,-196.14,15.61,10.41,1.61,0.29,0.92,1.37,0.78,1.11,-120.11,65.69,74.81,0.31,1.65,0.42,0.72,1.1,0.64
0.94,-124.31,57.13,173.59,-0.03,0.98,0.26,0.73,0.36,0.78,-89.92,52.35,165.15,0.12,1.28,0.25,0.36,0.51,0.36,-196.6,15.21,12.17,1.5,0.08,0.89,1.31,0.37,1.34,-119.98,66.49,78.99,0.44,1.79,0.37,0.97,0.97,0.89
0.95,-123.53,58.27,173.71,0.2,0.82,0.28,0.64,0.38,0.55,-89.51,53.45,164.68,0.19,1.1,0.07,0.18,0.43,0.55,-197.14,15.3,14.08,1.63,0.29,0.76,1.48,1.01,1.46,-119.95,66.99,83.6,0.35,1.88,0.47,1.11,0.82,0.8
0.96,-122.5,59.49,173.93,0.07,0.98,0.48,0.71,0.38,0.59,-89.13,54.93,163.97,0.33,1.28,0.11,0.49,0.41,0.43,-197.63,15.24,16.6,1.7,0.4,0.69,1.48,0.74,1.27,-119.73,67.18,88.56,0.35,1.77,0.38,1.03,0.7,0.62
0.97,-121.97,60.8,174.42,0.24,0.93,0.26,0.48,0.37,0.71,-88.83,56.11,162.72,0.39,1.29,0.3,0.55,0.59,0.45,-198.1,15.23,18.84,1.72,0.35,0.85,1.49,0.95,1.44,-119.75,67.35,93.56,0.33,1.75,0.51,1.38,0.86,0.89
0.98,-121.21,61.94,174.89,0.25,1.22,0.43,0.49,0.46,0.76,-88.4,57.65,161.92,0.33,1.42,0.07,0.73,0.47,0.44,-198.53,15.27,21.01,1.8,0.46,0.85,1.58,0.85,1.56,-119.36,67.25,98.75,0.4,1.81,0.53,1.46,0.79,0.83
0.99,-120.34,63.13,175.11,0.25,0.96,0.32,0.54,0.47,0.46,-87.96,59.02,160.93,0.27,1.35,0.23,0.91,0.78,0.37,-198.95,15.51,23.4,1.58,0.39,0.83,1.59,1.18,1.32,-118.97,67.23,103.94,0.59,1.84,0.35,1.59,0.92,1.05
1.0,-119.56,64.39,175.44,0.15,1.22,0.28,0.42,0.47,0.61,-87.86,60.49,159.9,0.31,0.99,0.22,1.1,0.68,0.43,-199.09,15.75,25.2,1.73,0.23,0.65,1.58,1.18,1.28,-118.13,66.64,109.01,0.36,1.8,0.62,1.63,0.98,0.9
1.01,-118.15,67.18,175.9,0.06,1.27,0.15,0.49,0.57,0.46,-87.61,62.81,157.65,0.12,1.24,0.16,0.99,0.74,0.42,-199.32,16.55,29.01,1.64,0.3,0.62,1.4,1.16,1.35,-116.71,65.48,118.57,0.62,1.53,0.45,1.57,0.98,1.12
1.02,-117.57,68.73,175.77,0.04,1.2,0.29,0.42,0.8,0.52,-87.51,64.13,156.55,0.25,1.15,0.12,1.23,0.89,0.44,-199.22,16.86,31.03,1.69,0.63,0.45,1.56,1.31,1.29,-115.86,64.8,123.14,0.58,1.56,0.4,1.87,1.03,1.1
1.03,-116.87,70.09,175.52,0.14,1.08,0.06,0.65,0.82,0.67,-87.67,65.27,155.21,0.22,1.06,0.0,1.16,1.03,0.23,-199.41,17.21,33.0,1.49,0.5,0.38,1.37,1.07,1.13,-114.73,63.91,127.26,0.57,1.27,0.53,1.95,1.07,1.21
1.04,-116.18,71.34,175.39,0.18,1.08,0.27,0.59,0.94,0.44,-87.68,66.47,154.31,0.21,1.06,0.2,1.02,1.26,0.66,-199.15,17.74,34.52,1.57,0.62,0.45,1.33,1.08,1.17,-113.4,63.23,130.91,0.66,1.03,0.48,1.76,1.21,1.19
1.05,-115.75,73.02,174.85,0.2,1.03,0.29,0.74,1.13,0.73,-87.77,67.45,153.24,0.17,1.13,0.21,1.3,1.23,0.48,-199.04,18.22,36.23,1.36,0.52,0.46,1.2,1.04,1.14,-112.08,62.48,134.52,0.69,0.91,0.71,1.86,0.99,1.23
1.06,-115.64,74.41,174.11,0.21,1.06,0.09,0.59,0.92,0.78,-87.96,68.39,152.14,0.29,0.84,0.39,1.21,1.27,0.43,-198.95,18.61,38.1,1.46,0.33,0.31,1.12,0.85,0.91,-110.59,61.59,137.96,0.57,0.82,0.47,1.56,1.19,1.21
1.07,-115.16,75.77,173.15,0.2,0.97,0.12,0.55,0.99,0.84,-88.28,69.39,151.09,0.08,1.14,0.07,1.22,1.29,0.31,-198.91,18.95,39.68,1.33,0.4,0.33,0.99,1.0,0.93,-108.86,60.68,140.79,0.63,0.89,0.59,1.29,1.36,1.14
1.08,-115.07,77.3,172.34,0.16,0.98,-0.0,0.82,1.09,0.84,-88.53,70.2,149.86,0.15,0.85,0.18,1.15,1.2,0.25,-198.75,19.55,41.31,1.46,0.37,0.32,0.98,0.83,0.75,-107.08,60.08,143.44,0.51,0.73,0.52,1.27,1.38,1.22
1.09,-114.75,78.42,171.21,0.35,1.1,0.26,0.84,1.16,0.88,-88.77,71.05,148.82,0.24,0.97,0.13,1.01,1.33,0.27,-198.36,19.89,43.0,1.33,0.42,0.2,1.21,0.9,0.92,-105.48,59.06,145.97,0.72,0.83,0.71,1.29,1.36,1.31
1.1,-114.97,79.68,169.91,0.23,0.67,0.2,0.85,1.21,0.97,-89.05,71.66,147.73,0.16,0.91,0.23,0.99,0.96,0.36,-198.52,19.9,44.54,1.21,0.43,0.19,0.92,0.97,0.76,-103.32,58.6,148.32,0.55,0.71,0.44,0.94,1.23,1.0
1.11,-114.8,82.07,167.58,0.34,0.67,0.04,1.04,1.37,0.93,-89.2,73.03,145.53,-0.03,0.61,0.17,0.92,1.03,0.42,-198.07,20.88,47.81,1.42,0.23,0.26,0.85,0.83,1.03,-99.58,57.13,152.17,0.86,0.97,0.6,0.9,1.16,0.96
1.12,-114.73,83.04,166.53,0.16,0.57,0.13,1.08,1.24,0.87,-89.46,73.61,144.04,0.09,0.79,-0.1,1.05,0.85,0.54,-198.02,20.87,49.51,1.5,0.18,0.3,1.12,0.7,0.92,-97.32,56.25,153.94,0.81,0.66,0.47,0.72,1.16,0.82
1.13,-114.86,83.95,165.68,0.48,0.77,0.25,0.99,1.34,0.99,-89.42,74.28,142.45,0.35,0.58,0.03,0.73,0.6,0.47,-197.76,21.13,51.13,1.44,0.4,0.31,0.8,0.76,0.92,-94.96,55.49,155.39,0.68,0.94,0.73,0.54,1.04,1.04
1.14,-114.97,85.03,164.93,0.13,0.53,0.25,1.3,1.28,1.06,-89.57,75.17,140.62,0.25,0.68,0.26,0.75,0.55,0.61,-197.29,21.35,52.9,1.3,0.45,0.17,0.81,0.66,0.88,-92.73,54.58,156.55,0.84,0.83,0.51,0.6,1.05,0.69
1.15,-114.82,85.64,164.1,0.32,0.46,0.25,1.04,0.99,0.85,-89.39,75.74,138.77,0.15,0.55,-0.01,0.62,0.53,0.46,-197.08,21.62,54.63,1.24,0.26,0.23,0.68,0.65,1.16,-90.26,53.65,157.45,0.7,0.81,0.53,0.57,1.02,0.61
1.16,-114.59,86.37,163.78,0.31,0.74,0.31,1.19,1.09,0.96,-89.33,76.29,136.87,0.27,0.55,0.1,0.55,0.41,0.46,-196.68,21.92,56.41,1.3,0.21,0.31,0.73,0.73,1.17,-87.88,52.79,158.11,0.59,1.01,0.63,0.54,1.04,0.71
1.17,-114.42,86.83,163.39,0.16,0.41,0.32,1.23,0.85,0.84,-89.21,76.57,134.7,0.3,0.45,0.18,0.71,0.34,0.66,-196.19,22.24,58.08,1.67,0.41,0.11,0.76,0.54,0.94,-85.42,51.68,158.56,0.77,0.81,0.51,0.53,0.89,0.86
1.18,-114.15,87.36,163.53,0.28,0.53,0.34,1.09,0.88,0.87,-89.28,77.56,132.36,0.28,0.74,0.07,0.84,0.17,0.5,-195.49,22.25,60.06,1.46,0.37,0.45,0.58,0.69,0.85,-82.76,50.66,158.58,0.79,0.83,0.6,0.59,0.74,0.76
1.19,-113.99,87.94,163.45,0.19,0.41,0.23,1.19,0.94,0.74,-89.09,77.93,129.78,0.35,0.4,0.2,0.41,0.38,0.51,-194.9,22.91,61.7,1.42,0.22,0.26,0.83,0.73,0.85,-80.33,49.69,158.25,0.75,1.0,0.63,0.42,0.69,0.81
1.2,-113.26,88.04,163.62,0.29,0.66,0.24,1.08,0.87,0.67,-88.9,78.62,127.53,0.22,0.57,0.17,0.45,0.29,0.77,-194.55,23.24,63.7,1.57,0.03,0.33,0.97,0.74,1.0,-77.93,48.95,157.73,0.67,0.91,0.52,0.42,0.9,0.87
1.21,-112.37,88.59,164.07,0.21,0.49,0.18,0.97,0.67,0.65,-88.65,79.7,121.6,0.37,0.51,0.13,0.33,0.31,0.6,-193.01,24.28,66.98,1.38,0.35,0.36,0.63,0.94,0.99,-73.34,46.98,156.12,0.53,0.88,0.26,0.79,0.81,0.71
1.22,-111.75,88.7,164.2,0.25,0.14,0.21,0.78,0.62,0.55,-88.72,80.47,118.87,0.33,0.43,0.2,0.49,0.38,0.48,-192.11,25.06,68.49,1.36,0.13,0.53,0.77,1.13,0.8,-71.58,46.21,155.02,0.5,0.59,0.49,0.6,0.71,0.58
1.23,-111.17,88.78,164.15,0.08,0.34,0.2,0.54,0.52,0.65,-88.6,81.14,116.0,0.13,0.52,0.26,0.33,0.2,0.64,-191.15,25.62,70.23,1.5,0.12,0.61,0.94,0.83,0.68,-69.63,45.09,153.96,0.44,0.87,0.35,0.51,0.75,0.74
1.24,-110.76,88.74,164.45,0.17,0.25,0.04,0.65,0.44,0.7,-88.52,81.4,113.44,0.12,0.32,0.07,0.57,0.23,0.59,-190.26,26.28,71.85,1.4,0.21,0.75,0.7,1.05,0.88,-68.29,44.39,152.72,0.26,0.64,0.35,0.6,0.67,0.75
1.25,-110.33,88.62,164.4,0.08,0.34,0.18,0.5,0.38,0.44,-88.47,82.0,110.96,0.17,0.08,0.24,0.19,0.38,0.27,-189.22,27.08,73.42,1.43,0.2,0.71,0.89,1.13,0.93,-66.81,43.55,151.78,0.24,0.73,0.28,0.63,0.61,0.75
1.26,-109.82,88.48,164.46,0.22,0.22,-0.03,0.37,0.56,0.2,-88.62,82.14,108.69,0.21,0.46,0.3,0.44,0.49,0.41,-188.18,27.6,74.95,1.42,0.39,0.57,0.81,1.15,1.09,-65.98,42.94,150.79,0.26,0.45,0.51,0.57,0.88,0.78
1.27,-109.43,88.17,164.18,0.13,0.17,0.28,0.47,0.4,0.41,-88.5,82.61,106.58,0.12,0.38,0.05,0.5,0.37,0.39,-187.18,28.35,76.68,1.28,0.25,0.72,0.83,0.87,0.73,-65.47,42.41,149.87,0.15,0.5,0.4,0.53,0.9,0.44
1.28,-109.06,88.28,164.13,0.2,0.05,0.18,0.38,0.35,0.39,-88.66,82.97,105.07,0.11,0.3,0.09,0.47,0.73,0.42,-185.91,29.19,78.19,1.37,0.44,0.61,1.05,0.99,0.56,-64.86,41.72,149.01,0.17,0.45,0.32,0.52,0.71,0.76
1.29,-108.7,87.95,163.93,0.03,0.15,0.09,0.27,0.45,0.45,-88.67,83.23,103.51,0.01,0.25,0.07,0.78,0.48,0.29,-185.0,29.89,79.86,1.33,0.33,0.57,1.01,1.12,0.81,-64.78,41.15,148.37,0.25,0.29,0.37,0.53,0.94,0.55
1.3,-108.68,87.43,163.77,0.13,-0.04,0.36,0.17,0.54,0.33,-88.79,83.31,102.37,0.06,0.4,0.17,0.66,0.61,0.39,-183.97,30.55,81.4,1.24,0.3,0.89,1.11,1.0,0.75,-64.83,40.65,148.0,0.36,0.28,0.35,0.43,0.8,0.56
1.31,-108.27,87.21,163.33,0.32,0.09,0.15,0.27,0.7,0.27,-88.75,83.75,100.72,0.03,0.26,0.17,0.49,0.82,0.43,-181.77,31.77,84.86,1.3,0.43,0.67,1.08,0.79,0.61,-65.43,39.93,147.22,0.15,0.13,0.3,0.4,0.91,0.65
1.32,-108.05,87.1,163.13,0.03,0.08,0.23,0.3,0.67,0.62,-88.77,83.93,100.53,0.14,0.16,0.05,0.63,0.74,0.6,-180.84,32.25,86.51,1.37,0.43,0.59,1.34,0.78,0.55,-65.7,39.75,147.29,0.1,0.13,0.47,0.58,1.07,0.64
1.33,-107.98,86.83,162.8,0.02,0.18,0.2,0.14,0.71,0.26,-88.5,83.98,100.03,0.22,0.13,0.01,0.49,0.97,0.6,-179.84,32.76,88.38,1.31,0.49,0.6,1.37,0.88,0.39,-66.17,39.25,147.11,0.19,0.35,0.54,0.69,1.18,0.67
1.34,-107.67,86.94,162.7,-0.1,0.07,0.08,0.48,0.89,0.43,-88.21,84.0,100.3,0.18,0.12,-0.11,0.63,0.88,0.63,-179.34,33.12,90.2,1.24,0.57,0.24,1.41,0.88,0.4,-66.56,39.12,147.14,0.11,0.01,0.33,0.73,0.99,0.83
1.35,-107.2,86.57,162.43,0.18,-0.02,-0.03,0.19,0.97,0.44,-88.37,83.97,100.3,0.32,0.09,0.06,0.63,0.86,0.36,-178.35,33.42,91.95,1.2,0.54,0.28,1.34,0.78,0.49,-67.08,39.05,147.51,0.22,0.2,0.48,0.37,1.11,0.95
1.36,-107.02,86.68,162.32,0.29,0.03,0.07,0.6,1.03,0.4,-88.12,84.24,100.52,0.32,-0.03,0.09,0.49,0.72,0.66,-178.07,33.54,93.93,1.21,0.61,0.43,1.3,0.74,0.4,-67.56,38.72,147.59,0.22,0.21,0.37,0.63,0.89,0.85
1.37,-106.83,86.55,162.39,0.15,0.18,0.18,0.4,0.91,0.42,-87.74,84.26,100.77,0.26,0.24,0.09,0.41,0.63,0.71,-177.27,33.72,95.62,1.1,0.53,0.33,1.52,0.81,0.65,-68.05,38.68,147.85,0.2,0.23,0.24,0.6,1.03,1.11
1.38,-106.75,86.62,162.32,0.22,-0.08,0.04,0.55,1.24,0.59,-87.7,83.97,100.93,0.28,0.24,0.0,0.61,0.77,0.52,-176.87,33.68,97.38,1.18,0.64,0.1,1.6,0.88,0.69,-68.78,38.5,148.26,0.53,0.04,0.36,0.46,1.17,1.3
1.39,-106.51,86.74,162.33,0.3,0.09,-0.03,0.58,1.22,0.62,-87.25,84.23,101.2,0.17,0.1,0.01,0.56,0.76,0.71,-176.46,33.96,98.94,1.13,0.63,0.3,1.52,1.03,0.79,-69.03,38.17,148.47,0.47,0.19,0.41,0.59,1.02,1.16
1.4,-106.18,86.86,162.15,0.3,0.22,0.04,0.39,1.36,0.55,-87.6,83.9,101.56,0.39,0.14,0.09,0.65,0.8,0.75,-176.15,33.85,100.67,1.04,0.59,0.23,1.47,1.02,0.94,-69.23,38.26,148.8,0.48,-0.03,0.29,0.75,1.16,0.83
1.41,-106.04,86.9,162.22,0.4,0.39,0.06,0.7,1.35,0.64,-87.3,84.15,101.6,0.36,0.13,0.11,0.76,0.75,0.82,-175.81,33.83,104.01,0.86,0.57,0.09,1.59,0.99,0.93,-70.15,37.83,149.51,0.57,0.13,0.4,0.7,1.02,1.25
1.42,-106.1,87.3,162.58,0.44,0.3,0.02,0.73,1.24,0.57,-87.07,84.31,101.4,0.47,0.2,0.16,0.65,0.73,0.7,-175.16,33.92,105.15,0.7,0.49,0.34,1.64,1.1,0.94,-70.58,37.91,149.91,0.5,-0.03,0.21,0.55,1.02,1.3
1.43,-106.14,87.3,162.57,0.35,0.42,0.13,0.53,1.17,0.61,-87.45,84.22,101.46,0.14,0.21,-0.02,0.54,0.53,0.71,-175.07,33.83,106.36,0.93,0.66,0.24,1.61,0.89,1.0,-71.25,38.0,150.31,0.44,0.43,0.35,0.72,0.93,0.96
1.44,-106.1,87.53,162.85,0.4,0.51,0.03,0.65,1.4,0.75,-87.45,84.41,101.44,0.14,0.03,-0.16,0.52,0.55,0.53,-174.68,33.95,107.79,0.75,0.37,0.57,1.23,1.07,1.07,-71.77,37.86,150.74,0.69,0.4,0.2,0.71,0.87,0.97
1.45,-106.54,87.68,162.99,0.34,0.39,0.3,0.5,1.1,1.0,-87.66,84.34,101.4,0.28,0.32,0.15,0.71,0.65,0.67,-174.47,33.88,108.8,0.64,0.56,0.34,1.42,1.2,0.91,-72.2,38.19,150.91,0.25,0.36,0.39,0.76,1.0,0.94
1.46,-106.87,87.94,163.19,0.56,0.63,0.3,0.66,0.89,0.9,-88.02,84.38,101.16,0.21,0.1,0.09,0.77,0.62,0.32,-174.06,34.35,110.1,0.7,0.54,0.44,1.47,1.19,1.08,-72.98,38.01,151.39,0.39,0.5,0.54,0.81,0.87,0.75
1.47,-107.28,87.94,163.4,0.26,0.54,0.19,0.7,1.03,0.85,-88.28,84.61,101.16,0.25,0.32,-0.1,0.55,0.57,0.61,-173.37,34.6,111.44,0.5,0.51,0.62,1.42,1.13,0.94,-73.68,38.27,151.42,0.6,0.25,0.38,0.81,1.02,0.61
1.48,-107.84,88.18,163.73,0.31,0.62,0.35,0.61,0.87,0.9,-88.67,84.68,101.04,0.02,0.14,0.33,0.7,0.73,0.63,-172.84,35.11,112.53,0.57,0.37,0.88,1.24,1.09,0.8,-74.21,38.36,151.73,0.43,0.32,0.35,0.86,0.73,0.55
1.49,-108.14,88.22,163.95,0.41,0.58,0.27,0.52,0.77,0.96,-89.07,84.87,101.09,0.2,0.42,0.15,0.67,0.7,0.37,-172.19,35.43,113.6,0.57,0.49,0.63,1.41,1.14,0.8,-74.83,38.63,152.07,0.44,0.27,0.44,0.83,0.63,0.63
1.5,-108.64,88.06,164.1,0.33,0.34,0.22,0.73,0.79,1.0,-89.24,84.72,100.94,0.13,0.21,0.02,0.47,0.51,0.41,-171.45,35.87,114.92,0.54,0.45,0.72,1.22,0.96,0.85,-75.49,38.87,152.42,0.58,0.11,0.28,0.75,0.76,0.48
1.51,-109.6,87.99,164.51,0.27,0.65,0.21,0.86,0.69,0.94,-90.15,84.89,100.98,0.03,0.25,0.18,0.26,0.56,0.49,-169.87,37.02,116.98,0.46,0.11,0.77,1.31,1.01,0.6,-76.88,39.14,152.69,0.46,0.32,0.35,0.65,0.63,0.48
1.52,-110.17,87.82,164.71,0.07,0.48,0.28,0.62,0.57,0.79,-90.53,85.27,100.85,0.12,0.32,-0.14,0.42,0.56,0.51,-168.79,37.73,118.21,0.27,0.27,0.51,1.24,1.12,0.37,-77.26,39.31,152.8,0.44,0.28,0.46,0.78,0.56,0.54
1.53,-110.62,87.22,164.81,0.18,0.42,0.09,0.86,0.6,0.57,-90.65,85.08,101.07,0.11,0.48,0.04,0.33,0.57,0.19,-167.86,38.01,119.22,0.28,0.01,0.66,1.12,0.99,0.4,-78.24,39.48,152.94,0.28,0.21,0.45,0.93,0.41,0.42
1.54,-110.99,87.21,164.83,0.13,0.27,0.13,0.7,0.61,0.69,-90.78,85.05,100.97,0.1,0.24,0.14,0.26,0.43,0.36,-167.11,38.54,120.3,0.4,0.29,0.55,0.93,1.07,0.6,-78.58,39.99,153.08,0.49,0.21,0.34,0.96,0.48,0.61
1.55,-111.38,86.62,164.94,0.14,0.35,0.33,0.64,0.54,0.69,-90.86,84.99,100.97,-0.11,0.27,-0.07,0.29,0.51,0.49,-166.29,39.23,121.18,0.17,0.11,0.64,1.15,0.89,0.21,-79.37,40.36,153.18,0.26,0.36,0.25,0.85,0.48,0.64
1.56,-111.56,86.25,164.93,0.22,0.29,0.05,0.8,0.68,0.4,-91.1,84.88,101.03,0.11,0.23,-0.2,0.35,0.42,0.41,-165.44,39.6,122.16,0.37,0.33,0.64,1.12,0.88,0.44,-79.98,40.62,153.2,0.46,0.25,0.41,0.85,0.27,0.7
1.57,-112.13,85.87,164.85,0.27,0.33,0.05,0.5,0.76,0.59,-90.87,84.74,100.74,0.01,0.53,-0.03,0.27,0.27,0.28,-164.54,40.04,123.07,0.13,0.32,0.41,1.08,0.99,0.29,-80.31,40.68,153.21,0.48,0.46,0.47,1.18,0.44,0.67
1.58,-112.09,85.34,165.19,0.11,0.19,0.14,0.73,0.82,0.76,-91.07,84.58,100.88,-0.05,0.33,-0.15,0.32,0.51,0.33,-163.82,40.63,123.46,0.14,0.11,0.58,0.99,1.02,0.4,-81.02,41.1,153.45,0.52,0.45,0.35,1.17,0.35,0.7
1.59,-112.44,85.04,164.83,-0.06,0.27,0.4,0.62,0.68,0.57,-90.81,84.42,100.89,0.07,0.27,0.09,0.41,0.22,0.38,-163.42,40.97,123.97,0.11,0.12,0.43,0.97,0.95,0.31,-81.5,41.58,153.39,0.25,0.48,0.33,1.02,0.46,0.7
1.6,-112.43,84.55,164.94,0.24,0.33,0.1,0.78,0.74,0.52,-90.67,84.35,100.65,0.22,0.14,0.02,0.38,0.5,0.34,-162.78,41.48,124.46,0.04,0.28,0.41,0.9,1.04,0.31,-81.92,41.97,153.61,0.3,0.37,0.26,1.09,0.68,0.93
1.61,-112.15,84.03,164.86,0.25,0.16,0.05,0.66,0.52,0.59,-90.34,83.88,100.69,0.18,0.31,-0.0,0.44,0.48,0.35,-162.07,41.89,125.26,0.1,-0.12,0.22,0.86,0.82,0.15,-82.79,42.52,153.52,0.42,0.4,0.1,0.98,0.44,0.77
1.62,-112.3,83.76,164.8,0.1,0.41,0.05,0.38,0.53,0.54,-89.84,83.62,100.47,0.09,0.25,0.12,0.48,0.23,0.34,-161.52,42.33,125.46,0.09,0.07,0.33,0.84,0.97,0.4,-83.2,43.14,153.57,0.21,0.4,0.24,0.91,0.31,0.64
1.63,-112.36,83.41,164.73,0.11,0.23,0.01,0.35,0.56,0.68,-89.5,83.28,100.55,-0.06,0.05,0.01,0.34,0.51,0.3,-161.47,42.42,125.71,0.02,0.24,0.22,0.73,0.82,0.23,-83.54,43.34,153.58,0.23,0.37,0.19,0.92,0.38,0.76
1.64,-112.34,83.04,164.57,0.03,0.37,-0.14,0.33,0.41,0.53,-89.3,82.72,100.7,-0.03,0.07,0.15,0.55,0.58,0.39,-160.97,42.89,125.97,-0.05,0.17,0.26,0.52,0.91,0.22,-83.8,43.8,153.47,0.13,0.38,0.45,0.69,0.46,0.44
1.65,-112.42,82.97,164.4,-0.05,0.22,-0.16,0.29,0.27,0.66,-89.1,82.84,101.07,0.21,0.23,0.06,0.69,0.61,0.37,-160.82,42.92,126.02,0.12,0.04,0.25,0.87,0.96,0.3,-84.0,44.36,153.46,0.29,0.37,0.24,0.83,0.48,0.53
1.66,-112.17,82.75,164.47,-0.01,0.09,0.13,0.3,0.51,0.68,-88.94,82.34,101.35,0.02,0.11,0.18,0.56,0.55,0.2,-160.7,43.3,126.16,-0.05,0.09,0.21,0.61,0.84,0.59,-84.24,44.52,153.33,0.27,0.41,0.39,0.62,0.4,0.59
1.67,-112.19,82.25,164.46,0.08,0.31,-0.02,0.17,0.47,0.53,-88.58,82.21,102.23,0.25,0.27,0.03,0.64,0.46,0.38,-160.18,43.42,126.18,0.22,0.11,0.4,0.43,0.86,0.34,-84.22,45.02,153.19,0.13,0.45,0.19,0.78,0.42,0.38
1.68,-112.13,82.02,164.56,0.02,0.31,0.02,0.3,0.44,0.53,-88.65,81.95,102.8,0.28,0.17,0.3,0.57,0.62,0.35,-160.23,43.76,126.22,0.34,0.05,0.1,0.55,0.65,0.6,-84.42,45.48,153.07,0.26,0.44,0.33,0.72,0.51,0.53
1.69,-112.02,81.74,164.59,0.06,0.28,0.13,0.31,0.29,0.54,-88.43,81.72,103.84,0.3,0.25,0.08,0.6,0.63,0.38,-159.91,44.1,126.27,0.22,0.31,0.34,0.54,0.81,0.33,-84.51,45.68,152.84,-0.07,0.22,0.13,0.62,0.52,0.43
1.7,-112.16,81.64,164.61,-0.0,0.3,0.1,-0.01,0.32,0.63,-88.64,81.3,104.94,0.19,0.34,0.3,0.62,0.65,0.18,-159.94,44.44,126.2,0.18,0.13,0.41,0.4,0.8,0.46,-84.4,45.98,152.57,0.07,0.46,0.22,0.58,0.57,0.44
1.71,-112.33,81.1,164.88,0.1,0.21,0.08,0.34,0.48,0.46,-88.86,80.54,107.41,0.17,0.19,0.02,0.54,0.66,0.51,-159.62,44.94,126.19,0.13,0.04,0.36,0.62,0.73,0.49,-84.45,46.87,151.9,0.06,0.34,0.3,0.46,0.91,0.49
1.72,-112.59,80.78,165.08,0.23,0.35,-0.0,0.16,0.4,0.45,-89.44,80.58,108.64,0.22,0.25,-0.05,0.69,0.35,0.27,-159.52,45.31,126.43,0.35,0.08,0.17,0.81,0.54,0.74,-84.35,47.04,151.52,-0.02,0.38,0.37,0.38,0.98,0.52
1.73,-112.64,80.37,165.09,0.19,0.24,0.17,0.21,0.53,0.44,-89.64,80.29,110.29,0.48,0.22,0.02,0.75,0.32,0.8,-159.5,45.69,126.19,0.28,0.1,0.57,0.68,0.96,0.56,-84.32,47.66,151.28,0.04,0.47,0.31,0.46,1.03,0.44
1.74,-113.02,80.06,164.83,0.08,0.19,0.06,0.28,0.46,0.52,-90.16,80.25,111.88,0.42,0.34,0.13,0.57,0.35,0.53,-159.43,45.95,126.3,0.4,0.04,0.46,0.87,0.89,0.7,-84.31,47.94,150.66,0.13,0.31,0.16,0.32,1.12,0.33
1.75,-113.24,79.99,164.63,0.17,0.24,-0.18,0.54,0.62,0.34,-90.66,79.91,113.31,0.4,0.26,-0.02,0.43,0.2,0.47,-159.34,46.59,126.07,0.33,0.05,0.54,1.07,0.97,0.81,-84.66,48.5,150.32,0.04,0.45,0.27,0.29,1.24,0.56
1.76,-113.54,79.7,164.7,0.41,0.13,0.04,0.32,0.58,0.39,-91.09,79.83,114.74,0.46,0.3,0.03,0.39,0.27,0.47,-159.09,46.82,125.86,0.13,0.08,0.36,1.27,0.92,0.71,-84.69,48.93,149.91,0.23,0.43,0.52,0.63,1.41,0.31
1.77,-114.04,79.41,164.3,0.24,0.07,0.27,0.29,0.47,0.24,-91.45,79.44,116.59,0.25,0.31,0.2,0.49,0.34,0.63,-158.94,47.09,125.74,0.36,0.18,0.49,0.92,0.89,0.77,-84.77,49.17,149.63,0.12,0.41,0.51,0.51,1.17,0.5
1.78,-114.41,79.16,163.69,0.22,0.01,0.15,0.47,0.64,0.45,-91.94,79.19,117.72,0.28,0.33,0.02,0.52,0.32,0.63,-159.0,47.55,125.51,0.37,0.13,0.38,1.04,1.03,0.78,-85.16,49.86,149.25,0.3,0.33,0.59,0.36,1.27,0.49
1.79,-115.01,79.12,163.5,0.27,0.2,0.06,0.54,0.73,0.29,-92.52,79.04,118.97,0.34,0.23,-0.01,0.49,0.23,0.55,-158.83,48.03,125.32,0.29,0.27,0.47,1.14,1.13,0.67,-85.59,50.12,148.69,0.21,0.58,0.5,0.22,1.24,0.71
1.8,-115.31,79.06,162.59,0.26,0.13,0.17,0.66,0.72,0.34,-92.83,78.83,120.4,0.4,0.24,0.07,0.44,0.69,0.71,-158.72,48.27,125.12,0.05,0.15,0.33,1.14,1.09,0.71,-85.96,50.75,148.35,0.42,0.52,0.56,0.45,1.26,0.58
1.81,-116.43,78.47,161.37,0.21,0.14,0.13,0.58,0.62,0.3,-93.49,78.29,122.37,0.09,0.42,0.03,0.4,0.26,0.67,-158.3,48.96,124.84,0.14,0.14,0.38,0.99,1.05,0.53,-86.96,51.8,147.37,0.39,0.47,0.45,0.58,1.07,0.53
1.82,-117.03,78.14,160.59,0.1,0.05,0.13,0.56,0.87,0.37,-93.72,77.91,123.26,0.18,0.38,-0.06,0.38,0.34,0.69,-158.14,49.5,124.73,0.27,-0.09,0.38,0.88,0.99,0.59,-87.56,52.18,147.14,0.24,0.61,0.5,0.29,0.98,0.82
1.83,-117.43,77.83,159.75,0.25,0.14,0.16,0.53,0.51,0.28,-93.79,77.8,123.94,0.18,0.06,0.23,0.29,0.27,0.44,-157.74,49.92,124.5,0.17,0.19,0.37,0.89,1.1,0.52,-88.2,52.57,146.6,0.22,0.53,0.6,0.63,1.11,0.62
1.84,-117.89,77.62,159.05,0.22,0.37,0.05,0.62,0.36,0.25,-93.94,77.35,124.61,0.11,0.56,0.3,0.3,0.2,0.62,-157.35,50.3,124.49,0.09,0.09,0.4,0.88,0.85,0.54,-88.45,53.25,146.11,0.29,0.48,0.58,0.71,1.36,0.79
1.85,-118.2,77.6,158.28,0.21,0.26,0.13,0.35,0.41,0.22,-93.84,77.09,125.15,0.19,0.38,-0.16,0.58,0.22,0.61,-156.85,50.7,124.61,0.26,0.15,0.45,0.64,1.09,0.56,-89.08,53.76,145.56,0.39,0.46,0.36,1.04,1.01,0.62
1.86,-118.67,77.02,157.84,0.24,0.27,0.07,0.36,0.31,0.31,-93.53,76.68,125.49,0.27,0.34,0.06,0.54,0.32,0.52,-156.21,51.19,124.63,0.1,0.29,0.45,0.51,0.71,0.25,-89.41,53.9,145.36,0.42,0.26,0.61,0.93,1.19,0.62
1.87,-119.2,76.89,157.41,0.34,0.29,0.08,0.38,0.39,0.28,-93.46,76.17,125.81,0.19,0.42,0.03,0.3,0.36,0.56,-155.74,51.71,124.81,0.15,0.14,0.38,0.55,0.99,0.39,-89.8,54.45,145.11,0.37,0.42,0.52,1.07,1.51,0.56
1.88,-119.44,76.87,157.07,0.1,0.42,0.11,0.37,0.44,0.28,-93.38,76.03,125.87,0.13,0.41,0.09,0.3,0.37,0.64,-154.95,52.03,125.1,0.1,0.2,0.45,0.58,1.16,0.42,-90.2,54.64,144.37,0.11,0.53,0.41,0.98,1.43,0.76
1.89,-119.68,76.47,156.65,0.14,0.29,0.07,0.23,0.43,0.27,-93.09,75.67,125.96,0.12,0.25,0.15,0.32,0.41,0.63,-153.87,52.86,125.6,0.12,0.16,0.44,0.67,1.04,0.46,-90.43,55.08,143.94,0.26,0.51,0.72,1.12,1.46,0.54
1.9,-119.98,76.08,156.63,0.2,0.12,0.16,0.38,0.26,0.24,-92.72,75.02,126.11,0.2,0.21,0.11,0.24,0.33,0.52,-152.99,53.22,125.72,0.15,0.12,0.35,0.52,1.1,0.59,-90.8,55.22,143.63,0.26,0.33,0.43,1.08,1.75,0.91
1.91,-120.51,75.33,156.82,0.22,0.27,-0.13,0.37,0.42,0.4,-92.03,74.34,125.72,-0.12,0.17,0.14,0.17,0.31,0.69,-150.79,54.37,126.92,0.16,0.0,0.52,0.67,1.26,0.86,-90.89,55.99,142.29,0.21,0.36,0.49,1.08,1.58,1.39
1.92,-120.78,75.07,157.08,0.15,0.01,-0.07,0.28,0.51,0.19,-91.64,73.9,125.65,0.14,0.2,0.29,0.12,0.21,0.56,-150.09,55.19,127.59,0.15,0.15,0.51,0.78,1.33,1.01,-90.82,56.14,141.81,0.1,0.16,0.59,0.89,1.67,1.93
1.93,-120.79,74.74,157.5,0.18,0.19,-0.0,0.21,0.6,0.42,-91.28,73.57,125.63,-0.02,0.45,0.26,0.13,0.34,0.3,-148.89,55.92,128.14,0.13,0.15,0.35,0.92,1.5,1.48,-91.08,56.48,141.13,0.08,0.19,0.46,0.81,1.13,2.0
1.94,-120.87,74.4,158.05,-0.05,-0.06,0.05,0.44,0.6,0.37,-90.92,73.23,125.49,0.15,0.26,0.03,0.15,0.31,0.42,-147.47,56.53,128.92,0.09,0.15,0.34,1.1,1.72,1.64,-90.91,56.93,140.69,0.22,0.24,0.37,0.55,1.18,2.66
1.95,-121.09,74.15,158.42,0.29,0.05,0.24,0.38,0.51,0.46,-90.51,72.63,125.22,0.21,0.19,0.03,0.02,0.44,0.33,-146.49,56.98,129.1,0.25,0.08,0.45,1.24,2.1,1.88,-90.96,57.22,139.96,0.3,0.54,0.39,0.43,0.98,3.14
1.96,-121.45,73.72,158.89,0.23,0.32,0.22,0.29,0.55,0.65,-90.01,72.26,124.99,0.07,0.09,-0.05,0.26,0.22,0.48,-145.46,57.85,129.84,0.28,0.21,0.15,1.48,2.07,2.22,-91.19,57.43,139.32,0.15,0.14,0.66,0.38,0.76,3.82
