0.02,-280.5,68.87,174.56,0.05,0.05,0.16,-110.06,81.37,17.25,0.03,0.05,0.01,-159.94,1.06,4.75,0.1,0.01,0.1,-152.5,10.69,20.0,0.02,0.0,0.02
0.03,-280.53,68.935,174.5,0.045,0.03,0.165,-110.06,81.37,17.25,0.06,0.01,0.02,-160.0,1.06,4.75,0.06,0.02,0.06,-152.5,10.63,20.0,0.02,0.0,0.0
0.04,-280.56,69.0,174.44,0.04,0.01,0.17,-110.06,81.405,17.28,0.03,0.015,0.0399999999999999,-160.0,1.06,4.75,0.06,0.01,0.02,-152.44,10.63,20.0,0.01,0.07,0.02
0.05,-280.56,69.0,174.5,0.08,0.01,0.17,-110.06,81.43999999999998,17.31,0.0,0.02,0.06,-160.0,1.06,4.75,0.08,0.11,0.01,-152.44,10.63,20.0,0.01,0.14,0.01
0.06,-280.53,68.97,174.595,0.04,0.03,0.155,-110.06,81.43999999999998,17.31,0.02,0.0,0.03,-159.94,1.06,4.75,0.1,0.16,0.01,-152.44,10.63,20.0,0.0,0.11,0.05
0.07,-280.5,68.94,174.69,0.0,0.05,0.14,-110.06,81.43999999999998,17.34,0.075,0.005,0.025,-159.94,1.06,4.75,0.105,0.145,0.005,-152.44,10.56,20.0,0.0,0.08,0.01
0.08,-280.62,68.94,174.38,0.0,0.07,0.14,-110.06,81.43999999999998,17.37,0.13,0.01,0.02,-159.94,1.06,4.75,0.11,0.13,0.0,-152.44,10.56,19.94,0.01,0.07,0.01
0.09,-280.69,68.87,174.44,0.0,0.06,0.12,-110.06,81.43999999999998,17.44,0.07,0.0,0.02,-159.94,1.06,4.75,0.11,0.02,0.0,-152.41,10.53,19.905,0.01,0.105,0.005
0.1,-280.75,68.87,174.5,0.02,0.03,0.16,-110.06,81.43999999999998,17.44,0.01,0.03,0.04,-159.97,1.06,4.75,0.095,0.02,0.0,-152.38,10.5,19.87,0.01,0.14,0.0
0.11,-280.75,68.87,174.62,0.0,0.02,0.18,-110.06,81.43999999999998,17.44,0.06,0.02,0.12,-160.0,1.06,4.75,0.08,0.02,0.0,-152.38,10.44,19.87,0.02,0.11,0.0
0.12,-280.69,68.87,174.62,0.04,0.0,0.17,-110.06,81.5,17.5,0.13,0.03,0.13,-160.0,1.06,4.75,0.06,0.06,0.01,-152.345,10.41,19.81,0.03,0.12,0.015
0.13,-280.595,68.905,174.655,0.035,0.01,0.16,-110.06,81.5,17.56,0.02,0.0,0.27,-159.94,1.06,4.75,0.08,0.08,0.02,-152.31,10.38,19.75,0.04,0.13,0.03
0.14,-280.5,68.94,174.69,0.03,0.02,0.15,-110.0,81.5,17.5,0.06,0.0,0.22,-159.94,1.06,4.75,0.1,0.0899999999999999,0.05,-152.31,10.31,19.69,0.01,0.07,0.01
0.15,-280.44,68.87,174.75,0.04,0.03,0.18,-110.0,81.5,17.435000000000002,0.04,0.0,0.18,-159.94,1.06,4.75,0.0899999999999999,0.07,0.01,-152.31,10.25,19.62,0.01,0.07,0.05
0.16,-280.375,68.87,174.78,0.03,0.03,0.1649999999999999,-110.0,81.5,17.37,0.02,0.0,0.14,-159.87,1.06,4.75,0.0899999999999999,0.16,0.01,-152.31,10.19,19.5,0.02,0.07,0.01
0.17,-280.31,68.87,174.81,0.02,0.03,0.15,-110.06,81.5,17.31,0.04,0.04,0.3,-159.87,1.06,4.75,0.07,0.17,0.07,-152.31,10.13,19.44,0.0,0.03,0.0
0.18,-280.37,68.87,174.62,0.04,0.04,0.2,-110.06,81.5,17.25,0.02,0.01,0.11,-159.87,1.06,4.75,0.05,0.06,0.1,-152.31,10.06,19.37,0.05,0.02,0.08
0.19,-280.5,68.87,174.56,0.01,0.0,0.16,-110.06,81.5,17.25,0.03,0.02,0.05,-159.94,1.06,4.75,0.15,0.03,0.01,-152.31,10.0,19.31,0.04,0.03,0.04
0.2,-280.5,68.87,174.5,0.01,0.04,0.13,-110.06,81.5,17.25,0.01,0.0,0.0899999999999999,-159.94,1.06,4.75,0.16,0.02,0.04,-152.25,9.94,19.25,0.03,0.0,0.05
0.21,-280.56,68.81,174.44,0.02,0.04,0.0899999999999999,-110.06,81.5,17.31,0.01,0.01,0.06,-159.905,1.06,4.75,0.085,0.1,0.02,-152.25,9.88,19.12,0.03,0.0,0.03
0.22,-280.62,68.81,174.25,0.02,0.02,0.15,-110.0,81.56,17.37,0.02,0.07,0.0899999999999999,-159.87,1.06,4.75,0.01,0.18,0.0,-152.22,9.785,19.06,0.03,0.015,0.065
0.23,-280.5,68.81,174.56,0.0,0.05,0.2,-110.0,81.62999999999998,17.5,0.08,0.12,0.14,-159.87,1.06,4.75,0.02,0.14,0.04,-152.19,9.69,19.0,0.03,0.03,0.1
0.24,-280.5,68.75,174.625,0.0,0.03,0.165,-109.97,81.69,17.595,0.06,0.075,0.15,-159.87,1.06,4.75,0.05,0.06,0.08,-152.19,9.63,18.87,0.02,0.02,0.01
0.25,-280.5,68.69,174.69,0.0,0.01,0.13,-109.94,81.75,17.69,0.04,0.03,0.16,-159.87,1.06,4.75,0.1,0.0,0.08,-152.19,9.56,18.81,0.02,0.04,0.0
0.26,-280.5,68.75,174.69,0.03,0.03,0.14,-109.94,81.87,17.69,0.01,0.03,0.17,-159.81,1.06,4.81,0.13,0.02,0.05,-152.19,9.5,18.75,0.0,0.0,0.03
0.27,-280.345,68.78,174.97,0.025,0.015,0.13,-109.905,81.995,17.655,0.07,0.025,0.245,-159.81,1.12,4.81,0.03,0.11,0.08,-152.12,9.44,18.69,0.0,0.04,0.0
0.28,-280.19,68.81,175.25,0.02,0.0,0.12,-109.87,82.12,17.62,0.13,0.02,0.32,-159.81,1.12,4.87,0.18,0.32,0.27,-152.12,9.44,18.69,0.04,0.05,0.02
0.29,-280.19,68.81,175.31,0.0899999999999999,0.03,0.18,-109.81,82.31,17.56,0.0899999999999999,0.08,0.29,-159.81,1.06,4.94,0.37,0.48,0.29,-152.06,9.38,18.62,0.03,0.03,0.05
0.3,-280.31,68.87,175.0,0.05,0.02,0.22,-109.75,82.5,17.62,0.08,0.07,0.23,-159.905,0.875,5.03,0.375,0.275,0.2299999999999999,-152.06,9.31,18.56,0.02,0.04,0.0899999999999999
0.31,-280.25,68.81,175.12,0.01,0.04,0.21,-109.69,82.75,17.75,0.15,0.0,0.25,-160.0,0.69,5.12,0.38,0.07,0.17,-152.06,9.25,18.56,0.02,0.08,0.11
0.32,-280.19,68.75,175.12,0.01,0.0899999999999999,0.33,-109.63,83.0,17.94,0.19,0.02,0.29,-160.12,0.44,5.19,0.39,0.0,0.23,-152.0,9.25,18.56,0.03,0.12,0.04
0.33,-280.12,68.62,175.12,0.06,0.04,0.32,-109.56,83.31,17.94,0.16,0.06,0.39,-160.19,0.19,5.31,0.45,0.0899999999999999,0.22,-152.0,9.25,18.5,0.0,0.13,0.0
0.34,-280.03,68.62,175.12,0.11,0.02,0.355,-109.44,83.62,17.880000000000003,0.15,0.03,0.39,-160.25,0.13,5.44,0.59,0.01,0.29,-151.94,9.19,18.5,0.02,0.1,0.01
0.35,-279.94,68.62,175.12,0.16,0.0,0.39,-109.37,83.93999999999998,17.82,0.17,0.0,0.31,-160.31,0.56,5.62,0.61,0.02,0.16,-151.94,9.19,18.44,0.0,0.11,0.0
0.36,-280.06,68.56,174.87,0.05,0.03,0.4,-109.25,84.37,17.69,0.16,0.02,0.4,-160.44,0.94,5.75,0.59,0.0899999999999999,0.1,-151.94,9.19,18.44,0.03,0.11,0.0899999999999999
0.37,-280.0,68.5,174.94,0.01,0.01,0.5,-109.155,84.78,17.630000000000003,0.265,0.08,0.39,-160.56,1.37,5.94,0.79,0.23,0.26,-151.87,9.13,18.44,0.02,0.1,0.12
0.38,-280.0,68.37,174.94,0.1,0.0,0.5,-109.06,85.18999999999998,17.57,0.37,0.14,0.38,-160.81,1.94,6.19,0.6,0.08,0.2,-151.87,9.13,18.44,0.0899999999999999,0.06,0.07
0.39,-279.87,68.25,175.19,0.13,0.02,0.52,-109.0,85.75,17.5,0.41,0.25,0.29,-161.12,2.56,6.31,0.5,0.38,0.19,-151.81,9.13,18.44,0.19,0.03,0.02
0.4,-279.87,68.25,175.12,0.16,0.07,0.51,-108.94,86.37,17.44,0.34,0.28,0.42,-161.5,3.31,6.44,0.49,0.67,0.07,-151.685,9.16,18.375,0.28,0.07,0.03
0.41,-279.81,68.06,175.06,0.1,0.08,0.49,-108.94,87.06,17.32,0.5,0.15,0.6,-161.88,4.06,6.56,0.44,0.8299999999999998,0.0,-151.56,9.19,18.31,0.37,0.11,0.04
0.42,-279.81,68.0,175.19,0.13,0.13,0.55,-108.87,87.81,17.19,0.8499999999999999,0.07,0.36,-162.37,4.87,6.62,0.36,0.98,0.14,-151.44,9.19,18.25,0.46,0.02,0.0
0.43,-279.875,67.875,175.095,0.145,0.155,0.54,-108.87,88.5,17.07,0.76,0.06,0.5,-162.69,5.62,6.62,0.21,1.16,0.39,-151.315,9.285,18.25,0.56,0.11,0.04
0.44,-279.94,67.75,175.0,0.16,0.18,0.53,-108.94,88.87,17.069999999999993,0.5,0.08,0.63,-163.0,6.44,6.62,0.08,1.22,0.57,-151.19,9.38,18.25,0.66,0.2,0.08
0.45,-279.94,67.56,175.12,0.14,0.22,0.57,-108.94,88.31,17.25999999999999,0.96,0.07,0.01,-163.19,7.12,6.5,0.03,1.29,0.75,-151.0,9.63,18.25,0.81,0.3,0.16
0.46,-279.97,67.375,175.155,0.21,0.285,0.575,-108.94,87.215,17.419999999999987,1.075,0.055,0.015,-163.37,7.75,6.44,0.17,1.42,0.93,-150.75,9.69,18.19,0.93,0.21,0.41
0.47,-280.0,67.19,175.19,0.28,0.35,0.58,-108.94,86.12,17.579999999999984,1.19,0.04,0.02,-163.37,8.31,6.25,0.28,1.5,1.11,-150.38,9.81,18.06,1.11,0.41,0.39
0.48,-280.44,67.0,174.75,0.43,0.45,0.72,-109.0,84.62,17.75999999999999,1.36,0.1,0.06,-163.31,8.81,6.12,0.46,1.32,1.48,-150.0,9.94,17.94,1.25,0.48,0.54
0.49,-280.62,66.75,174.69,0.52,0.49,0.67,-109.06,83.0,16.25999999999999,0.75,0.14,0.13,-163.25,9.0,6.0,0.59,1.24,1.62,-149.5,10.13,17.81,1.15,0.6,0.61
0.5,-280.94,66.5,174.56,0.5,0.35,0.69,-109.25,81.37,17.389999999999986,0.57,0.11,0.14,-163.03,9.25,5.75,0.78,1.165,1.715,-148.94,10.25,17.62,0.94,0.65,0.55
0.51,-281.25,66.0,174.5,0.43,0.19,0.62,-109.56,79.75,18.00999999999999,0.86,0.02,0.1,-162.81,9.5,5.5,0.97,1.09,1.81,-148.315,10.815,17.685000000000002,0.7549999999999999,0.6000000000000001,0.5800000000000001
0.52,-281.44,65.5,174.5,0.65,0.13,0.6,-109.87,78.12,17.94999999999999,0.94,0.0,0.0899999999999999,-162.5,9.56,5.25,1.03,1.14,1.85,-147.69,11.38,17.75,0.57,0.55,0.61
0.53,-281.78,64.875,174.375,1.045,0.09,0.3449999999999999,-110.06,76.43999999999998,17.44999999999999,0.35,0.14,0.13,-162.19,9.405,4.9350000000000005,0.975,0.95,2.1,-147.0,11.88,17.75,0.46,0.48,0.58
0.54,-282.12,64.25,174.25,1.44,0.05,0.0899999999999999,-110.06,74.56,17.139999999999986,0.31,0.46,0.14,-161.88,9.25,4.62,0.92,0.76,2.35,-146.44,12.25,17.69,0.03,0.11,1.08
0.55,-282.56,63.44,174.06,1.16,0.19,0.05,-110.06,72.87,17.00999999999999,0.76,0.47,0.03,-161.56,8.939999999999998,4.31,0.87,0.86,2.21,-146.0,12.5,17.56,0.19,0.37,0.87
0.56,-283.405,62.19,173.685,1.005,0.205,0.12,-109.87,71.31,16.69999999999999,1.05,0.17,0.36,-161.12,8.439999999999998,4.06,1.24,0.8299999999999998,2.1,-145.69,12.81,17.5,0.36,0.27,1.14
0.57,-284.25,60.94,173.31,0.8499999999999999,0.22,0.19,-109.56,69.5,16.19999999999999,0.9,0.1,0.44,-160.56,7.87,3.81,1.23,0.46,1.86,-145.44,13.06,17.5,0.64,0.0,1.35
0.58,-284.81,59.75,173.25,0.9,0.03,0.63,-109.19,67.62,15.699999999999989,0.19,0.48,0.23,-160.0,7.309999999999999,3.5,1.29,0.0899999999999999,1.69,-145.38,13.31,17.56,0.63,0.14,1.48
0.59,-285.69,58.56,172.81,0.6,0.1,0.63,-108.87,65.75,15.319999999999991,0.03,0.32,0.49,-159.5,6.69,3.12,1.21,0.25,1.78,-145.38,13.5,17.62,1.06,0.08,1.88
0.6,-286.69,57.25,172.5,0.01,0.16,0.46,-108.37,64.06,15.00999999999999,0.18,0.3,0.73,-158.94,5.94,2.75,1.43,0.75,2.25,-145.44,13.62,17.75,0.8399999999999999,0.21,1.97
0.61,-288.06,55.88,171.87,0.38,0.22,0.23,-107.94,62.31,14.699999999999989,0.34,0.02,0.75,-158.69,5.19,2.37,1.27,0.74,2.3,-145.5,13.685,17.810000000000002,1.04,0.14,2.06
0.62,-288.81,54.69,171.81,0.05,0.29,0.1,-107.5,60.38,14.449999999999989,0.11,0.03,0.74,-158.63,4.25,2.12,1.03,0.52,1.85,-145.56,13.75,17.87,1.24,0.07,2.15
0.63,-289.69,53.44,171.56,0.35,0.76,0.76,-107.12,58.56,14.25999999999999,0.26,0.1,0.2,-158.63,3.19,1.87,0.78,0.22,1.46,-145.44,13.75,17.81,1.28,0.24,2.14
0.64,-290.31,52.19,171.5,0.13,0.88,0.8299999999999998,-106.81,56.94,14.199999999999989,0.52,0.16,0.01,-158.63,2.12,1.69,0.8299999999999998,0.0899999999999999,1.23,-145.095,13.565,17.685,1.235,0.415,1.905
0.65,-291.12,50.81,171.31,0.63,0.5,0.71,-106.5,55.38,14.069999999999991,0.77,0.12,0.21,-158.5,1.06,1.44,0.87,0.72,0.61,-144.75,13.38,17.56,1.19,0.59,1.67
0.66,-292.13,49.56,171.13,0.71,0.31,0.7,-106.12,53.94,13.949999999999989,1.13,0.17,0.18,-158.56,0.06,1.19,0.78,0.96,0.38,-144.31,13.19,17.31,1.24,0.96,1.91
0.67,-293.31,48.31,170.75,0.12,0.26,1.12,-105.63,52.56,13.819999999999991,1.09,0.3,0.01,-158.5,0.81,0.81,0.4,1.05,0.19,-143.81,13.0,17.12,1.25,1.08,1.65
0.68,-294.62,47.0,170.31,0.12,0.32,1.11,-104.91,51.06,13.66499999999999,1.005,0.3399999999999999,0.195,-158.75,1.62,0.56,0.23,1.19,0.44,-143.44,12.69,16.87,1.37,0.73,0.9900000000000002
0.69,-295.88,45.69,169.94,0.01,0.4,1.1,-104.19,49.56,13.50999999999999,0.92,0.38,0.38,-159.0,2.37,0.19,0.51,1.37,0.07,-143.13,12.44,16.62,1.32,0.68,0.39
0.7,-297.5,44.25,169.5,0.27,0.57,1.01,-103.19,48.06,13.199999999999989,1.23,0.13,0.2,-159.31,3.06,0.06,0.19,1.26,0.4,-142.81,12.25,16.31,1.2,0.69,0.15
0.71,-297.5,42.81,169.06,0.47,0.59,1.06,-102.06,46.75,12.889999999999986,1.17,0.01,0.36,-159.87,3.62,0.44,0.03,0.75,1.42,-142.56,12.06,16.0,1.2,0.71,0.16
0.72,-297.32,41.5,168.75,1.04,0.32,0.98,-101.06,45.63,12.579999999999984,1.15,0.05,0.36,-160.56,4.09,0.595,0.095,0.91,1.575,-142.53,11.81,15.78,1.105,0.7,0.18
0.73,-296.88,40.25,168.37,1.35,0.47,0.68,-100.62,45.06,12.449999999999989,0.98,0.22,0.26,-161.25,4.56,0.75,0.16,1.07,1.73,-142.5,11.56,15.56,1.01,0.69,0.2
0.74,-296.57,39.25,168.06,1.44,0.45,0.42,-100.62,44.0,12.25999999999999,1.06,0.45,0.26,-162.0,4.94,0.94,0.1,0.97,1.71,-142.62,10.94,15.19,0.8199999999999998,0.59,0.02
0.75,-296.32,38.25,168.0,1.5,0.48,0.19,-100.62,42.81,12.069999999999991,1.11,0.23,0.23,-162.655,5.125,0.815,0.075,0.88,1.455,-142.94,10.5,15.0,0.91,0.12,0.16
0.76,-296.19,37.25,168.13,1.49,0.51,0.32,-100.525,41.685,11.91499999999999,1.045,0.12,0.265,-163.31,5.31,0.69,0.05,0.79,1.2,-143.13,10.13,14.81,0.79,0.15,0.21
0.77,-295.94,36.31,168.19,1.16,0.2,0.23,-100.43,40.56,11.75999999999999,0.98,0.01,0.3,-163.75,5.5,0.5,0.18,0.93,1.16,-143.25,9.75,14.69,0.39,0.35,0.19
0.78,-295.63,35.44,168.13,0.92,0.26,0.16,-100.37,39.69,11.699999999999989,0.92,0.0,0.54,-164.06,5.62,0.19,0.46,0.91,1.14,-143.31,9.44,14.5,0.21,0.31,0.18
0.79,-295.5,34.63,168.06,0.91,0.2,0.2,-100.335,38.94,11.669999999999987,0.815,0.12,0.51,-164.5,5.81,0.13,0.44,0.87,1.44,-143.37,9.25,14.44,0.35,0.58,0.33
0.8,-295.32,33.94,168.13,1.09,0.02,0.02,-100.3,38.19,11.639999999999986,0.71,0.24,0.48,-164.81,5.94,0.5,0.36,1.35,1.6,-143.44,9.0,14.25,0.4,0.7,0.8
0.81,-295.07,33.19,168.0,1.32,0.02,0.04,-100.3,37.5,11.579999999999984,0.78,0.11,0.49,-165.0,6.0,0.81,0.43,1.42,1.59,-143.56,8.689999999999998,14.06,0.52,0.8299999999999998,1.3
0.82,-294.94,32.5,168.06,1.48,0.05,0.02,-100.24,36.75,11.50999999999999,0.81,0.01,0.44,-165.06,6.12,1.19,0.24,1.48,1.35,-143.935,8.375,13.84,0.54,0.82,1.275
0.83,-294.69,32.06,168.0,1.37,0.03,0.07,-100.18,36.0,11.449999999999989,0.32,0.13,0.37,-165.03,6.1850000000000005,1.565,0.41,1.005,1.29,-144.31,8.06,13.62,0.56,0.81,1.25
0.84,-294.63,32.06,168.06,0.9900000000000002,0.11,0.14,-100.18,35.25,11.449999999999989,0.36,0.16,0.21,-165.0,6.25,1.94,0.58,0.53,1.23,-144.75,7.69,13.44,0.37,0.65,1.08
0.85,-294.445,31.47,168.0,0.8800000000000001,0.16,0.09,-100.12,34.38,11.389999999999986,0.19,0.33,0.24,-164.94,6.37,2.37,0.46,0.3,1.18,-145.0,7.19,12.875,0.415,0.605,1.185
0.86,-294.26,30.88,167.94,0.77,0.21,0.04,-100.05,33.44,11.329999999999984,0.35,0.74,0.15,-164.5,6.56,2.87,0.22,0.12,1.16,-145.25,6.69,12.31,0.46,0.56,1.29
0.87,-294.01,30.44,167.81,0.68,0.17,0.14,-100.05,32.5,11.329999999999984,0.52,0.19,0.47,-163.87,6.81,3.44,0.26,0.19,1.26,-145.38,6.25,11.75,0.42,0.4,1.46
0.88,-293.75,30.0,167.75,0.6,0.17,0.17,-99.93,31.56,11.449999999999989,0.33,0.03,0.25,-163.0,7.12,3.94,0.26,0.13,1.27,-145.5,5.81,11.31,0.57,0.12,1.37
0.89,-293.44,29.5,167.81,0.75,0.15,0.31,-99.8,30.69,11.75999999999999,0.34,0.0,0.81,-162.12,7.44,4.37,0.15,0.88,1.27,-145.56,5.31,10.81,0.65,0.52,1.32
0.9,-293.25,29.12,167.94,0.65,0.0,0.34,-99.8,29.81,12.069999999999991,0.47,0.1,1.02,-161.44,7.69,4.81,0.3,1.17,1.64,-145.38,4.75,10.44,0.27,0.48,1.66
0.91,-293.0,28.69,168.06,0.56,0.0,0.16,-99.8,29.12,12.449999999999989,0.77,0.75,1.12,-160.88,7.75,5.19,0.43,1.01,2.2,-144.87,4.19,10.0,0.21,0.73,2.41
0.92,-292.88,28.31,168.19,0.31,0.06,0.05,-99.87,28.75,12.75999999999999,0.81,0.8299999999999998,1.13,-160.44,7.62,5.62,0.42,0.49,2.17,-144.69,3.69,9.5,0.59,0.7,2.55
0.93,-292.75,28.06,168.19,0.19,0.17,0.01,-99.93,28.44,13.069999999999991,0.8199999999999998,0.8,1.05,-159.87,7.44,6.12,0.23,0.42,1.43,-143.66666666666663,3.333333333333333,9.21,0.0,0.0,0.0
0.94,-292.57,27.69,168.25,0.27,0.23,0.1,-99.99,28.19,13.389999999999986,0.97,0.81,0.9,-159.25,7.37,6.5,0.37,0.33,0.8199999999999998,-142.64333333333337,2.9766666666666666,8.92,0.98,0.14,4.31
0.95,-292.38,27.47,168.22,0.22,0.135,0.075,-100.05,28.06,13.50999999999999,0.92,0.69,0.76,-159.155,7.245,6.845000000000001,0.475,1.37,0.8199999999999998,-142.1316666666667,2.7983333333333333,8.775,0.955,0.18,3.805
0.96,-292.19,27.25,168.19,0.17,0.04,0.05,-100.24,28.06,13.699999999999989,0.68,0.32,0.43,-159.06,7.12,7.19,0.58,2.41,0.8199999999999998,-141.62,2.62,8.63,0.93,0.22,3.3
0.97,-292.13,27.06,168.31,0.29,0.0,0.01,-100.37,28.06,13.819999999999991,0.61,0.2,0.55,-159.19,6.62,7.87,1.94,0.28,0.8499999999999999,-141.22,2.596,8.854000000000001,0.0,0.0,0.0
0.98,-292.13,27.0,168.62,0.53,0.08,0.3,-100.49,28.06,13.889999999999986,0.68,0.16,0.74,-159.12,6.12,8.439999999999998,1.43,1.37,0.45,-140.82,2.572,9.078,0.0,0.0,0.0
0.99,-292.07,27.0,168.75,0.65,0.31,0.47,-100.62,28.25,13.889999999999986,0.63,0.17,0.9,-158.94,5.69,8.63,0.45,0.12,0.12,-140.42,2.548,9.302,0.0,0.0,0.0
1.0,-292.13,27.0,168.75,0.8199999999999998,0.49,0.63,-100.74,28.44,13.819999999999991,0.63,0.16,0.8399999999999999,-159.31,5.25,8.689999999999998,1.0,0.24,0.24,-140.02,2.524,9.526,0.13,1.52,4.18
1.01,-292.19,27.06,168.5,0.81,0.26,0.4,-100.8,28.5,13.75999999999999,0.52,0.01,0.56,-159.31,4.94,8.56,1.47,1.8,0.19,-139.62,2.5,9.75,1.04,0.27,5.0
1.02,-292.26,27.37,168.44,0.59,0.16,0.32,-100.93,28.62,13.75999999999999,0.65,0.1,0.52,-159.37,4.69,8.25,0.34,0.48,0.02,-138.25,2.81,10.5,0.42,1.67,4.05
1.03,-292.44,27.56,168.25,0.23,0.11,0.12,-100.93,28.81,13.819999999999991,0.94,0.1,0.64,-159.44,4.62,8.0,1.34,0.02,0.23,-137.345,3.465,11.47,0.475,1.34,3.79
1.04,-292.69,27.62,168.06,0.21,0.1,0.13,-100.87,29.19,13.889999999999986,0.93,0.1,0.8399999999999999,-159.31,4.62,7.75,0.98,0.12,0.23,-136.44,4.12,12.44,0.53,1.01,3.53
1.05,-292.82,27.81,167.81,0.41,0.13,0.4,-100.87,29.56,13.889999999999986,0.98,0.25,0.79,-159.31,4.81,7.5,1.21,0.61,0.31,-136.12,5.06,13.56,0.47,0.87,3.42
1.06,-292.94,28.12,167.5,0.46,0.12,0.55,-100.93,29.75,13.819999999999991,0.97,0.4,1.0,-159.12,5.06,7.25,0.91,1.35,0.8,-136.0,6.06,14.87,0.52,1.2,2.66
1.07,-293.07,28.31,167.31,0.48,0.04,0.44,-100.865,30.315,13.699999999999989,1.25,0.385,0.88,-159.06,5.37,7.06,0.96,1.48,0.9900000000000002,-136.44,7.029999999999999,16.37,0.295,0.865,2.625
1.08,-293.13,28.53,167.25,0.515,0.15,0.36,-100.8,30.88,13.579999999999984,1.53,0.37,0.76,-159.37,5.62,6.87,0.73,1.94,1.54,-136.88,8.0,17.87,0.07,0.53,2.59
1.09,-293.19,28.75,167.19,0.55,0.26,0.28,-100.68,31.69,13.319999999999991,1.41,0.16,0.77,-159.75,5.81,6.75,0.07,1.62,1.95,-137.31,9.06,19.5,0.17,1.01,2.51
1.1,-293.19,29.19,167.19,0.6,0.24,0.26,-100.525,32.785000000000004,13.10499999999999,1.295,0.1699999999999999,0.79,-160.44,5.75,6.56,0.28,0.35,1.85,-137.37,10.31,21.19,0.25,0.87,2.11
1.11,-293.32,29.44,167.31,0.5,0.0899999999999999,0.17,-100.37,33.88,12.889999999999986,1.18,0.18,0.81,-160.94,5.69,6.44,0.71,0.76,1.3,-137.06,11.81,22.81,0.36,0.26,1.46
1.12,-293.38,29.81,167.44,0.46,0.01,0.17,-100.18,34.94,12.75999999999999,1.12,0.19,0.53,-161.06,5.81,6.31,0.7,0.03,0.65,-136.75,12.56,23.62,0.71,0.01,1.07
1.13,-293.38,30.12,167.37,0.76,0.07,0.39,-100.05,35.88,12.699999999999989,1.36,0.27,0.59,-161.12,6.12,6.31,1.15,0.63,0.93,-136.12,14.13,25.31,0.49,0.64,1.1
1.14,-293.38,30.44,167.31,0.8,0.29,0.29,-99.87,36.88,12.639999999999986,1.24,0.05,0.5,-160.94,6.56,6.37,0.62,1.01,2.1,-135.655,15.5,27.155,0.31,1.065,1.24
1.15,-293.38,30.75,167.25,0.8299999999999998,0.28,0.22,-99.74,38.0,12.579999999999984,1.03,0.23,0.11,-161.25,6.81,6.44,0.29,1.98,3.06,-135.19,16.87,29.0,0.13,1.49,1.38
1.16,-293.38,31.25,167.37,0.9,0.03,0.35,-99.56,39.06,12.579999999999984,0.93,0.06,0.18,-161.53,6.875,6.565,0.2199999999999999,1.765,2.81,-134.5,18.31,31.0,0.37,1.04,0.9900000000000002
1.17,-293.44,31.94,167.44,0.75,0.1,0.41,-99.37,40.25,12.579999999999984,0.86,0.33,0.0,-161.81,6.94,6.69,0.15,1.55,2.56,-133.25,20.56,31.0,0.31,0.665,0.6900000000000002
1.18,-293.47,32.375,167.405,0.81,0.105,0.5599999999999999,-99.15,41.5,12.579999999999984,0.8,0.255,0.125,-162.25,6.81,6.94,0.01,1.2,2.24,-132.0,22.81,31.0,0.25,0.29,0.39
1.19,-293.5,32.81,167.37,0.87,0.11,0.71,-98.93,42.75,12.579999999999984,0.74,0.18,0.25,-162.595,6.685,7.220000000000001,0.1149999999999999,0.995,1.825,-131.12,24.69,33.25,0.02,0.48,0.26
1.2,-293.57,33.25,167.44,1.03,0.17,0.27,-98.74,44.06,12.579999999999984,0.73,0.13,0.14,-162.94,6.56,7.5,0.22,0.79,1.41,-130.25,26.62,35.69,0.2,0.65,0.08
1.21,-293.57,33.81,167.69,1.0,0.26,0.03,-98.74,45.5,12.50999999999999,0.61,0.03,0.16,-162.94,6.56,7.87,0.39,0.81,0.76,-129.25,28.75,38.25,0.58,0.91,0.12
1.22,-293.5,34.38,167.94,1.02,0.27,0.0899999999999999,-99.06,46.94,12.50999999999999,0.37,0.07,0.25,-162.88,6.5,8.31,0.53,0.47,0.77,-128.06,31.06,40.88,0.97,0.78,0.08
1.23,-293.44,35.0,167.94,0.9900000000000002,0.23,0.07,-99.3,48.38,12.50999999999999,0.26,0.2,0.32,-162.81,6.44,8.689999999999998,0.49,0.86,0.69,-126.5,33.56,43.62,0.93,0.04,0.41
1.24,-293.38,35.69,168.13,0.9,0.2,0.03,-99.55,49.81,12.50999999999999,0.42,0.37,0.23,-162.81,6.37,9.19,0.57,1.29,0.55,-125.69,34.81,45.06,0.79,0.58,0.8399999999999999
1.25,-293.38,36.5,168.31,0.88,0.17,0.0,-99.74,51.31,12.50999999999999,0.31,0.36,0.32,-162.81,6.31,9.69,0.19,1.9,0.53,-124.19,37.155,48.345,0.505,0.4399999999999999,0.5399999999999999
1.26,-293.38,37.375,168.625,0.815,0.165,0.13,-99.93,52.94,12.449999999999989,0.25,0.32,0.31,-163.06,6.25,10.31,0.0899999999999999,1.75,0.42,-122.69,39.5,51.63,0.22,0.3,0.24
1.27,-293.38,38.25,168.94,0.75,0.16,0.26,-100.05,54.44,12.389999999999986,0.12,0.2,0.31,-163.5,6.06,11.0,0.04,0.93,0.04,-121.25,41.69,55.06,0.0,0.06,0.01
1.28,-293.5,39.19,169.25,0.61,0.1,0.3,-99.99,55.875,12.22999999999999,0.21,0.13,0.4499999999999999,-164.06,5.75,11.69,0.07,0.75,0.03,-119.75,43.75,58.59,0.305,0.295,0.22
1.29,-293.57,40.06,169.5,0.57,0.12,0.3,-99.93,57.31,12.069999999999991,0.3,0.06,0.59,-164.56,5.37,12.37,0.05,0.62,0.14,-118.25,45.81,62.12,0.61,0.53,0.43
1.3,-293.63,41.13,169.69,0.44,0.17,0.32,-99.87,58.0,12.069999999999991,0.38,0.05,0.6,-164.94,5.0,13.13,0.0899999999999999,0.41,0.02,-116.5,47.81,65.81,0.96,0.95,0.38
1.31,-293.82,42.19,170.0,0.26,0.19,0.34,-99.87,59.38,11.949999999999989,0.43,0.22,0.25,-165.12,4.56,13.88,0.37,0.06,0.63,-114.62,49.88,69.75,1.31,0.81,0.25
1.32,-293.94,43.19,170.38,0.14,0.31,0.38,-99.8,60.69,11.889999999999986,0.58,0.08,0.14,-165.44,4.12,14.5,0.19,0.34,0.72,-112.44,52.0,74.0,1.48,0.04,0.21
1.33,-294.07,43.75,170.62,0.15,0.34,0.32,-99.8,62.06,11.889999999999986,0.51,0.0,0.06,-165.75,3.56,15.19,0.39,0.07,0.8399999999999999,-109.94,54.38,78.62,1.64,0.41,0.17
1.34,-294.07,44.75,170.81,0.21,0.49,0.26,-99.93,63.44,11.949999999999989,0.39,0.02,0.19,-166.095,3.0,15.72,0.46,0.055,0.7749999999999999,-107.37,56.75,83.75,1.83,0.0,0.04
1.35,-293.13,45.75,171.0,0.03,0.36,0.3,-100.12,64.94,12.139999999999986,0.68,0.13,0.0899999999999999,-166.44,2.44,16.25,0.53,0.04,0.71,-104.69,58.94,89.25,1.71,0.23,0.0899999999999999
1.36,-291.88,46.72,171.405,0.175,0.31,0.3299999999999999,-100.31,66.31,12.319999999999991,0.74,0.17,0.19,-166.88,1.94,16.81,0.55,0.24,0.8399999999999999,-102.0,60.94,95.25,1.86,0.04,0.17
1.37,-290.63,47.69,171.81,0.32,0.26,0.36,-100.55,67.56,12.579999999999984,0.55,0.33,0.11,-167.31,1.37,17.31,0.47,0.65,1.24,-99.06,62.69,101.94,1.64,0.9900000000000002,0.07
1.38,-289.57,48.63,172.13,0.52,0.2,0.4,-100.835,68.75,12.859999999999983,0.465,0.315,0.11,-167.75,0.69,17.69,0.01,0.52,1.39,-99.06,63.78,101.94,1.5499999999999998,0.7600000000000001,0.095
1.39,-288.66,49.41,172.44,0.5449999999999999,0.15,0.36,-101.12,69.94,13.139999999999986,0.38,0.3,0.11,-168.25,0.72,18.06,0.08,0.4,1.62,-99.06,64.87,101.94,1.46,0.53,0.12
1.4,-287.75,50.19,172.75,0.57,0.1,0.32,-101.49,71.19,13.50999999999999,0.33,0.34,0.02,-168.75,0.75,18.37,0.12,0.56,1.58,-96.81,65.19,101.94,1.58,0.0,0.06
1.41,-287.19,50.81,172.75,0.54,0.02,0.2,-101.93,72.345,14.10499999999999,0.25,0.33,0.0549999999999999,-169.25,1.5,18.56,0.19,1.21,1.41,-94.99,65.19,108.5,1.87,0.58,0.05
1.42,-286.57,51.5,172.94,0.21,0.1,0.17,-102.37,73.5,14.699999999999989,0.17,0.32,0.0899999999999999,-169.5,1.87,18.62,0.0,1.09,1.21,-92.87,64.94,114.81,2.04,0.56,0.18
1.43,-286.0,52.19,173.13,0.14,0.19,0.03,-102.87,74.75,15.50999999999999,0.28,0.3,0.2,-170.0,2.69,18.75,0.0899999999999999,1.27,1.18,-90.74,64.5,120.69,2.08,0.45,0.12
1.44,-285.25,52.88,173.38,0.23,0.18,0.07,-103.43,75.81,16.50999999999999,0.19,0.33,0.01,-170.405,3.4400000000000004,18.72,0.3949999999999999,1.145,1.0699999999999998,-89.99000000000001,64.25,123.5,1.94,0.2,0.1
1.45,-284.76,53.56,173.62,0.33,0.2,0.02,-104.05,76.87,17.75999999999999,0.16,0.16,0.1,-170.81,4.19,18.69,0.7,1.02,0.96,-87.93,63.63,128.62,1.67,0.06,0.12
1.46,-284.44,54.38,173.75,0.4,0.18,0.03,-104.74,77.87,17.139999999999986,0.25,0.0899999999999999,0.06,-171.25,4.75,18.44,0.6,0.29,0.86,-86.37,62.785,132.59,1.465,0.22,0.245
1.47,-284.35,55.065,173.595,0.48,0.25,0.075,-105.49,78.87,15.449999999999989,0.3,0.14,0.0,-171.935,5.345000000000001,18.19,0.54,0.215,0.75,-84.81,61.94,136.56,1.26,0.38,0.37
1.48,-284.26,55.75,173.44,0.56,0.32,0.12,-106.12,79.75,13.699999999999989,0.32,0.19,0.14,-172.62,5.94,17.94,0.48,0.14,0.64,-83.37,60.94,139.69,1.19,0.61,0.69
1.49,-284.38,56.37,173.19,0.21,0.25,0.03,-106.68,80.625,11.949999999999989,0.31,0.23,0.13,-173.81,6.75,17.44,0.39,2.05,0.68,-82.995,59.845,141.655,1.04,0.655,0.625
1.5,-284.285,57.03,173.285,0.11,0.275,0.095,-107.24,81.5,10.199999999999989,0.3,0.27,0.12,-175.06,7.69,16.56,0.12,2.37,0.59,-82.62,58.75,143.62,0.89,0.7,0.56
1.51,-284.19,57.69,173.38,0.01,0.3,0.16,-107.68,82.25,8.389999999999986,0.15,0.44,0.2,-176.06,8.689999999999998,15.63,0.86,1.62,0.38,-82.62,57.69,144.81,1.65,0.7,0.66
1.52,-284.19,58.44,173.44,0.06,0.41,0.12,-108.05,83.0,6.069999999999993,0.13,0.43,0.15,-176.94,9.69,14.69,0.8199999999999998,1.49,0.42,-83.37,56.75,145.44,1.49,0.05,0.05
1.53,-284.13,59.06,173.56,0.14,0.37,0.03,-108.37,83.68999999999998,6.069999999999993,0.0899999999999999,0.17,0.01,-177.56,10.63,13.69,0.62,1.39,0.07,-84.56,55.94,145.31,1.41,0.48,0.31
1.54,-284.26,59.75,173.56,0.28,0.38,0.07,-108.49,84.06,6.0,0.11,0.17,0.23,-178.06,11.69,12.63,0.72,1.35,0.42,-86.56,55.31,144.81,1.7,0.23,0.4
1.55,-284.38,60.44,173.62,0.39,0.19,0.16,-108.8,84.62,5.939999999999998,0.18,0.31,0.49,-178.435,12.91,11.44,0.69,1.425,0.36,-88.49000000000001,54.81,144.12,1.98,0.29,0.79
1.56,-284.63,61.06,173.56,0.43,0.08,0.2,-108.93,85.18999999999998,5.879999999999996,0.13,0.36,0.37,-178.81,14.13,10.25,0.66,1.5,0.3,-90.87,54.44,143.06,2.15,0.0899999999999999,0.8299999999999998
1.57,-284.94,61.69,173.5,0.31,0.13,0.28,-108.99,85.68999999999998,5.879999999999996,0.07,0.26,0.24,-179.0,15.5,9.0,0.33,0.9,0.21,-93.93,54.13,141.44,1.72,0.35,0.95
1.58,-285.07,62.25,173.69,0.37,0.22,0.27,-109.05,86.18999999999998,5.879999999999996,0.0,0.17,0.24,-179.19,16.94,7.559999999999999,0.33,1.48,0.03,-97.18,53.94,139.38,2.21,0.41,0.98
1.59,-285.32,62.94,173.56,0.16,0.45,0.22,-108.99,86.595,5.939999999999998,0.065,0.175,0.19,-179.44,18.44,5.87,0.12,1.53,0.06,-97.18,53.875,137.035,2.16,0.535,1.535
1.6,-285.38,63.405,173.59,0.1699999999999999,0.43,0.26,-108.93,87.0,6.0,0.13,0.18,0.14,-179.63,20.0,4.0,0.41,0.79,0.8199999999999998,-97.18,53.81,134.69,2.11,0.66,2.09
1.61,-285.44,63.87,173.62,0.18,0.41,0.3,-108.8,87.37,6.0,0.14,0.19,0.18,-180.06,21.62,1.81,0.33,0.71,1.01,-100.37,53.81,132.44,2.15,0.07,2.19
1.62,-285.44,64.5,173.69,0.17,0.33,0.23,-108.71,87.655,6.094999999999999,0.09,0.1,0.14,-180.63,23.38,0.56,0.77,0.9,1.25,-103.24,53.94,130.44,1.83,1.05,1.79
1.63,-285.38,65.06,173.87,0.3,0.25,0.33,-108.62,87.93999999999998,6.189999999999998,0.04,0.01,0.1,-181.31,25.19,3.44,0.62,1.02,0.94,-105.99,54.06,128.37,1.92,1.19,1.37
1.64,-285.38,65.5,173.69,0.21,0.25,0.36,-108.49,88.18999999999998,6.310000000000001,0.1,0.19,0.02,-182.12,27.0,6.5,0.9900000000000002,0.43,0.94,-108.81,54.19,126.0,2.11,0.56,1.35
1.65,-285.0,66.06,174.06,0.08,0.23,0.49,-108.37,88.37,6.439999999999998,0.15,0.02,0.1,-182.59,28.28,8.875,0.5450000000000002,0.665,0.7549999999999999,-111.68,54.31,123.31,1.85,0.37,1.85
1.66,-284.76,66.56,174.31,0.07,0.22,0.37,-108.24,88.5,6.560000000000001,0.05,0.22,0.51,-183.06,29.56,11.25,0.1,0.9,0.57,-112.6175,54.232083333333335,121.92458333333336,0.0,0.0,0.0
1.67,-284.63,67.0,174.38,0.29,0.27,0.23,-108.05,88.68999999999998,6.689999999999998,0.0899999999999999,0.02,0.05,-183.31,31.19,14.31,0.13,0.69,0.63,-113.08625,54.193125,121.231875,0.0,0.0,0.0
1.68,-284.41,67.47,174.47,0.3399999999999999,0.1799999999999999,0.23,-107.87,88.81,6.810000000000001,0.02,0.38,0.43,-183.34,33.25,14.31,0.47,0.635,0.71,-113.555,54.15416666666666,120.53916666666665,0.0,0.0,0.0
1.69,-284.19,67.94,174.56,0.39,0.0899999999999999,0.23,-107.805,88.875,6.969999999999999,0.115,0.3,0.385,-183.37,35.31,14.31,0.81,0.58,0.79,-114.4925,54.07625,119.15375,0.0,0.0,0.0
1.7,-284.0,68.37,174.56,0.34,0.05,0.16,-107.74,88.93999999999998,7.129999999999996,0.21,0.22,0.34,-183.5,36.25,17.75,0.5,0.59,0.89,-115.43,53.99833333333333,117.76833333333336,0.0,0.0,0.0
1.71,-283.785,68.685,174.715,0.3,0.09,0.205,-107.62,88.93999999999998,7.25,0.4,0.13,0.42,-183.81,37.13,21.37,0.1,0.1,0.97,-115.89875,53.959375,117.075625,0.0,0.0,0.0
1.72,-283.57,69.0,174.87,0.26,0.13,0.25,-107.62,88.845,7.375,0.38,0.275,0.315,-184.19,37.81,25.120000000000005,0.04,0.35,0.95,-116.3675,53.92041666666666,116.38291666666665,0.0,0.0,0.0
1.73,-283.25,69.19,175.12,0.19,0.02,0.26,-107.62,88.75,7.5,0.36,0.42,0.21,-184.44,38.5,28.870000000000005,0.46,0.39,1.16,-117.305,53.8425,114.9975,0.0,0.0,0.0
1.74,-283.07,69.37,175.19,0.21,0.12,0.1,-107.74,88.56,7.6299999999999955,0.22,0.13,0.12,-184.44,39.19,32.31,0.21,0.39,1.16,-118.2425,53.76458333333333,113.61208333333336,0.0,0.0,0.0
1.75,-282.82,69.5,175.5,0.1,0.1,0.07,-107.87,88.37,7.560000000000001,0.33,0.1,0.47,-184.13,40.06,35.5,0.69,0.8,0.64,-119.18,53.68666666666667,112.22666666666665,0.0,0.0,0.0
1.76,-282.69,69.69,175.44,0.08,0.07,0.24,-107.99,88.12,7.439999999999997,0.37,0.05,0.6,-183.62,41.13,38.31,1.08,0.47,0.13,-120.1175,53.60875,110.84125,0.0,0.0,0.0
1.77,-282.63,69.81,175.5,0.0,0.15,0.47,-108.18,87.87999999999998,7.3799999999999955,0.3,0.52,0.42,-182.62,42.25,41.0,0.77,0.02,0.8199999999999998,-121.055,53.53083333333333,109.45583333333336,0.0,0.0,0.0
1.78,-282.63,70.0,175.38,0.0,0.2,0.39,-108.3,87.62,7.3799999999999955,0.08,0.53,0.35,-181.5,43.38,43.5,1.12,0.35,0.63,-121.9925,53.45291666666667,108.07041666666665,0.0,0.0,0.0
1.79,-282.57,70.06,175.31,0.0899999999999999,0.15,0.25,-108.43,87.25,7.319999999999993,0.14,0.0899999999999999,0.25,-180.06,44.63,45.87,1.9,0.14,0.49,-122.46125,53.41395833333333,107.37770833333332,0.0,0.0,0.0
1.8,-282.51,70.12,175.56,0.1,0.17,0.16,-108.43,86.845,7.284999999999997,0.13,0.0999999999999999,0.26,-178.5,45.94,48.0,2.23,0.33,0.4,-122.93,53.375,106.685,0.0,0.0,0.0
1.81,-282.6,70.245,175.59,0.065,0.315,0.1,-108.43,86.43999999999998,7.25,0.12,0.11,0.27,-176.94,47.19,50.0,1.4,0.04,0.07,-123.8675,53.297083333333326,105.29958333333336,0.0,0.0,0.0
1.82,-282.69,70.37,175.62,0.03,0.46,0.04,-108.43,86.06,7.189999999999998,0.13,0.16,0.29,-175.12,48.31,52.0,1.81,0.27,0.44,-124.805,53.219166666666666,103.91416666666665,0.0,0.0,0.0
1.83,-282.88,70.56,175.25,0.12,0.33,0.15,-108.37,85.62,7.189999999999998,0.08,0.07,0.31,-173.31,49.5,54.06,1.91,0.5,0.14,-125.7425,53.14125,102.52875,0.0,0.0,0.0
1.84,-282.88,70.69,175.31,0.04,0.13,0.24,-108.3,85.12,7.129999999999996,0.04,0.12,0.2,-171.37,50.44,56.12,1.22,0.69,0.6,-126.68,53.063333333333325,101.14333333333332,0.0,0.0,0.0
1.85,-283.07,70.75,175.38,0.01,0.0,0.33,-108.24,84.62,7.0,0.31,0.01,0.16,-169.87,51.065,57.995,1.6149999999999998,0.575,0.485,-127.6175,52.985416666666666,99.75791666666666,0.0,0.0,0.0
1.86,-283.38,70.94,175.25,0.01,0.02,0.22,-108.18,84.12999999999998,6.939999999999998,0.1,0.13,0.37,-168.37,51.69,59.87,2.01,0.46,0.37,-128.555,52.9075,98.3725,0.0,0.0,0.0
1.87,-283.5,71.12,175.19,0.05,0.08,0.32,-107.99,83.56,6.879999999999996,0.06,0.0899999999999999,0.01,-166.5,52.38,61.37,1.53,0.12,0.13,-129.4925,52.829583333333325,96.98708333333332,0.0,0.0,0.0
1.88,-283.57,71.19,175.31,0.07,0.17,0.61,-107.74,83.06,6.879999999999996,0.03,0.32,0.0,-164.845,52.785,62.62,1.165,1.185,0.29,-130.43,52.751666666666665,95.60166666666666,0.0,0.0,0.0
1.89,-283.75,71.37,175.0,0.04,0.21,0.61,-107.62,82.56,7.189999999999998,0.02,0.38,0.32,-163.19,53.19,63.87,0.8,2.25,0.45,-131.3675,52.67375,94.21625,0.0,0.0,0.0
1.9,-284.0,71.31,174.69,0.07,0.29,0.08,-107.49,81.93999999999998,7.5,0.1,0.32,0.35,-161.62,53.56,64.93,1.02,1.96,0.02,-132.305,52.59583333333333,92.83083333333332,0.0,0.0,0.0
1.91,-283.94,71.31,174.69,0.2,0.25,0.05,-107.43,81.31,7.75,0.12,0.32,0.08,-160.5,53.56,66.0,0.52,1.58,0.11,-133.2425,52.51791666666666,91.44541666666666,0.0,0.0,0.0
1.92,-284.0,71.19,174.62,0.25,0.21,0.06,-107.37,80.81,7.939999999999997,0.04,0.32,0.31,-159.94,53.56,66.43,0.86,0.54,0.13,-133.71125,52.47895833333333,90.75270833333332,0.43,0.55,0.575
1.93,-284.07,71.12,174.44,0.03,0.05,0.15,-107.43,80.37999999999998,8.25,0.05,0.33,0.08,-158.81,53.63,67.0,0.3,0.87,0.0,-134.18,52.44,90.06,0.86,1.1,1.15
1.94,-284.13,70.94,174.31,0.12,0.05,0.11,-107.62,80.06,8.439999999999996,0.15,0.23,0.18,-158.06,53.44,67.56,0.03,2.77,0.48,-134.62,52.0,89.93999999999998,1.12,1.76,0.55
1.95,-284.13,70.81,174.31,0.06,0.12,0.12,-107.68,79.68999999999998,8.379999999999995,0.63,0.26,0.8,-157.62,53.0,68.06,0.53,1.68,0.69,-135.31,51.125,89.78,0.94,1.55,0.45
1.96,-284.0,70.81,174.31,0.03,0.12,0.11,-107.74,79.31,8.060000000000002,0.48,0.54,0.56,-157.37,52.78,68.155,0.28,1.5299999999999998,0.88,-136.0,50.25,89.62,0.76,1.34,0.35
1.97,-284.0,70.62,174.25,0.08,0.23,0.01,-107.68,79.0,7.560000000000001,0.12,0.42,0.11,-157.12,52.56,68.25,0.03,1.38,1.07,-136.49,49.69,89.43999999999998,0.1,1.15,0.28
1.98,-284.07,70.31,174.25,0.13,0.26,0.18,-107.555,78.845,7.375,0.355,0.2299999999999999,0.515,-156.63,52.62,67.93,0.65,1.48,0.87,-137.18,49.31,89.31,0.02,0.9,0.22
1.99,-284.005,70.185,174.185,0.1,0.195,0.195,-107.43,78.68999999999998,7.189999999999998,0.59,0.04,0.92,-155.94,52.75,67.31,0.95,1.29,0.89,-137.56,49.0,89.12,0.18,1.55,0.4
2.0,-283.94,70.06,174.12,0.07,0.13,0.21,-107.3,78.37,7.0,0.55,0.69,0.27,-155.44,52.75,66.68,0.48,1.5,0.8199999999999998,-137.74,48.87,88.93999999999998,0.07,0.96,0.43
2.01,-284.0,69.81,174.06,0.03,0.13,0.29,-107.145,78.245,6.784999999999997,0.28,0.505,0.475,-155.06,52.75,66.0,0.38,1.48,1.3,-137.68,49.0,89.06,0.27,0.07,0.3
2.02,-283.97,69.56,174.09,0.1949999999999999,0.1099999999999999,0.235,-106.99,78.12,6.569999999999993,0.01,0.32,0.68,-154.81,52.56,65.31,0.05,1.04,1.22,-137.49,49.13,89.12,0.23,0.49,0.33
2.03,-283.94,69.31,174.12,0.36,0.0899999999999999,0.18,-106.68,78.06,6.629999999999996,0.54,0.34,0.05,-154.75,52.25,64.81,2.54,1.34,2.37,-137.62,49.13,89.06,0.04,0.61,0.35
2.04,-283.94,69.12,174.12,0.36,0.22,0.15,-106.68,77.93999999999998,6.819999999999993,0.63,0.08,0.06,-155.31,51.56,64.93,1.47,0.42,2.43,-137.37,49.38,89.12,0.02,0.13,0.31
2.05,-284.07,69.0,174.12,0.24,0.12,0.22,-106.8,77.93999999999998,6.939999999999998,0.57,0.22,0.01,-156.06,50.88,65.5,0.8299999999999998,0.59,1.36,-136.93,49.69,89.18999999999998,0.05,0.3,0.26
2.06,-284.44,68.75,173.81,0.14,0.19,0.36,-106.87,78.06,6.75,0.19,0.15,0.39,-156.75,50.38,65.81,0.24,0.88,0.33,-136.81,50.0,89.18999999999998,0.07,0.18,0.31
2.07,-284.69,68.62,173.62,0.15,0.73,0.49,-106.87,78.12,6.439999999999998,0.36,0.48,0.37,-156.44,50.63,65.37,0.9,0.31,1.61,-136.74,50.25,89.06,0.18,0.01,0.6
2.08,-284.88,68.44,173.5,0.0899999999999999,0.78,0.48,-106.87,78.06,6.25,0.42,0.31,0.42,-156.0,51.06,64.81,0.53,0.01,1.7,-136.87,50.44,88.93999999999998,0.11,0.04,0.66
2.09,-284.975,68.25,173.405,0.1549999999999999,0.77,0.4549999999999999,-106.8,78.12,6.439999999999998,0.28,0.39,0.37,-155.5,51.75,64.25,0.02,0.45,1.52,-136.9,50.47,88.845,0.06,0.205,0.67
2.1,-285.07,68.06,173.31,0.22,0.76,0.43,-106.87,78.06,6.879999999999996,0.36,0.23,0.2,-155.12,52.19,64.0,0.74,0.38,0.49,-136.93,50.5,88.75,0.01,0.37,0.68
2.11,-284.94,68.0,173.38,0.35,0.5,0.41,-106.93,78.0,7.189999999999998,0.15,0.18,0.07,-155.06,52.19,64.0,0.34,1.06,0.8199999999999998,-137.06,50.56,88.75,0.2,0.33,0.75
2.12,-284.66,67.875,173.625,0.425,0.2949999999999999,0.2799999999999999,-106.99,78.0,7.3799999999999955,0.03,0.0899999999999999,0.17,-155.44,51.88,64.31,0.35,0.15,1.04,-136.87,50.69,88.81,0.14,0.13,0.68
2.13,-284.38,67.75,173.87,0.5,0.0899999999999999,0.15,-106.99,78.0,7.560000000000001,0.25,0.21,0.08,-156.0,51.37,64.81,0.15,0.63,0.74,-136.87,50.75,88.68999999999998,0.2,0.35,0.5
2.14,-284.07,67.75,174.0,0.39,0.28,0.26,-107.05,77.93999999999998,7.819999999999993,0.28,0.31,0.19,-156.69,50.81,65.43,0.19,0.92,0.16,-136.81,50.81,88.56,0.22,0.47,0.43
2.15,-283.75,67.81,174.0,0.0899999999999999,0.32,0.08,-107.05,77.81,8.0,0.24,0.08,0.08,-157.12,50.44,65.87,0.42,1.01,0.44,-136.74,51.0,88.43999999999998,0.12,0.35,0.42
2.16,-283.82,68.0,173.87,0.0899999999999999,0.27,0.2,-107.05,77.56,8.060000000000002,0.13,0.5,0.18,-157.19,50.38,66.12,0.32,0.52,0.79,-136.68,51.13,88.31,0.04,0.36,0.5
2.17,-283.88,68.06,173.56,0.26,0.04,0.15,-106.93,77.56,7.939999999999997,0.03,0.13,0.33,-157.25,50.285,66.465,0.81,0.985,0.93,-136.68,51.19,88.06,0.05,0.48,0.59
2.18,-283.94,68.19,173.5,0.34,0.2,0.15,-106.87,77.62,7.939999999999997,0.2,0.45,0.71,-157.31,50.19,66.81,1.3,1.45,1.07,-136.74,51.13,87.75,0.24,0.39,0.5
2.19,-284.0,68.19,173.56,0.18,0.1,0.12,-106.93,77.745,7.749999999999999,0.21,0.41,0.39,-157.44,50.12,66.93,0.4,1.09,0.68,-137.06,51.13,87.43999999999998,0.24,0.35,0.53
2.2,-284.035,68.19,173.625,0.19,0.105,0.155,-106.99,77.87,7.560000000000001,0.22,0.37,0.07,-157.5,50.25,67.12,2.23,0.76,0.12,-136.93,51.13,87.5,0.03,0.06,0.59
2.21,-284.07,68.19,173.69,0.2,0.11,0.19,-107.12,78.0,7.5,0.0899999999999999,0.05,0.28,-157.31,50.38,67.06,0.01,0.21,0.06,-136.81,51.25,87.56,0.08,0.2,0.54
2.22,-284.19,68.19,173.62,0.0899999999999999,0.28,0.14,-107.305,78.31,7.659999999999997,0.0699999999999999,0.075,0.165,-157.0,50.63,66.87,0.47,1.92,1.85,-136.68,51.31,87.62,0.21,0.12,0.46
2.23,-284.225,68.125,173.59,0.0899999999999999,0.225,0.195,-107.49,78.62,7.819999999999993,0.05,0.1,0.05,-156.75,50.5,67.18,1.17,0.15,1.01,-136.68,51.31,87.62,0.26,0.02,0.51
2.24,-284.26,68.06,173.56,0.0899999999999999,0.17,0.25,-107.74,79.0,7.8799999999999955,0.04,0.1,0.08,-156.63,50.06,67.43,0.45,0.69,1.15,-136.81,51.25,87.62,0.12,0.13,0.44
2.25,-284.32,68.0,173.38,0.06,0.11,0.2,-107.93,79.37,7.75,0.01,0.04,0.18,-156.31,50.06,67.31,0.8299999999999998,0.17,0.81,-136.87,51.19,87.56,0.02,0.33,0.39
2.26,-284.13,67.94,173.62,0.0,0.23,0.14,-108.12,79.68999999999998,7.310000000000001,0.1,0.05,0.18,-155.87,50.19,67.18,0.3,0.29,0.75,-137.12,51.13,87.5,0.06,0.42,0.42
2.27,-284.26,67.87,173.31,0.11,0.21,0.11,-108.3,79.93999999999998,7.060000000000001,0.1,0.01,0.17,-155.185,50.595,66.9,0.3249999999999999,0.5900000000000001,0.91,-137.12,51.06,87.5,0.03,0.38,0.44
2.28,-284.38,67.75,173.25,0.24,0.01,0.05,-108.49,80.25,6.939999999999998,0.01,0.02,0.45,-154.5,51.0,66.62,0.35,0.89,1.07,-137.12,51.13,87.43999999999998,0.18,0.26,0.22
2.29,-284.51,67.81,173.13,0.3,0.07,0.01,-108.68,80.68999999999998,7.0,0.19,0.14,0.26,-154.12,51.25,66.43,0.14,0.76,0.9900000000000002,-137.18,51.19,87.43999999999998,0.13,0.32,0.25
2.3,-284.755,67.935,172.845,0.1949999999999999,0.075,0.005,-108.9,81.0,7.064999999999998,0.245,0.19,0.1749999999999999,-154.03,51.28,66.37,0.165,0.475,0.6250000000000001,-137.06,51.37,87.43999999999998,0.22,0.25,0.37
2.31,-285.0,68.06,172.56,0.0899999999999999,0.08,0.0,-109.12,81.31,7.129999999999996,0.3,0.24,0.0899999999999999,-153.94,51.31,66.31,0.19,0.19,0.26,-137.0,51.56,87.5,0.05,0.14,0.22
2.32,-284.94,68.25,172.56,0.14,0.08,0.1,-109.3,81.75,7.060000000000001,0.1,0.33,0.1,-154.25,51.25,66.5,0.26,0.51,0.05,-136.87,51.75,87.43999999999998,0.07,0.24,0.32
2.33,-285.315,68.375,172.345,0.13,0.05,0.25,-109.46,82.03,7.155000000000001,0.06,0.2099999999999999,0.075,-154.12,51.31,66.43,0.39,0.72,0.4,-136.87,51.81,87.37999999999998,0.0899999999999999,0.22,0.43
2.34,-285.69,68.5,172.13,0.12,0.02,0.4,-109.62,82.31,7.25,0.02,0.0899999999999999,0.05,-153.81,51.5,66.18,0.37,0.18,0.64,-137.0,51.75,87.25,0.11,0.34,0.38
2.35,-285.82,68.56,172.44,0.15,0.11,0.37,-109.68,82.43999999999998,7.189999999999998,0.02,0.08,0.08,-153.5,51.63,65.87,0.27,0.81,0.69,-137.185,51.72,87.06,0.065,0.235,0.355
2.36,-285.88,68.56,172.5,0.05,0.24,0.12,-109.8,82.62,7.060000000000001,0.19,0.1,0.08,-153.19,51.75,65.68,0.06,1.2,0.72,-137.37,51.69,86.87,0.02,0.13,0.33
2.37,-285.94,68.56,172.87,0.03,0.34,0.14,-109.8,82.75,6.75,0.21,0.04,0.13,-153.5,51.69,65.62,0.14,1.05,0.65,-137.37,51.63,86.75,0.1,0.01,0.32
2.38,-285.94,68.5,173.13,0.04,0.4,0.29,-109.87,82.87999999999998,6.439999999999998,0.22,0.04,0.0,-153.75,51.5,65.68,0.33,0.57,0.31,-137.4,51.66,86.72,0.075,0.0349999999999999,0.315
2.39,-286.07,68.5,173.38,0.07,0.4,0.31,-109.87,82.93999999999998,6.25,0.14,0.07,0.02,-154.12,51.25,65.81,0.04,0.06,0.12,-137.43,51.69,86.68999999999998,0.05,0.06,0.31
2.4,-286.225,68.405,173.38,0.095,0.36,0.25,-109.9,83.03,6.25,0.14,0.07,0.095,-154.56,50.94,65.93,0.13,0.3,0.14,-137.49,51.69,86.56,0.1,0.15,0.24
2.41,-286.38,68.31,173.38,0.12,0.32,0.19,-109.93,83.12,6.25,0.14,0.07,0.17,-154.94,50.69,65.93,0.16,0.36,0.27,-137.56,51.63,86.5,0.17,0.0899999999999999,0.17
2.42,-286.32,68.25,173.56,0.03,0.25,0.17,-109.87,83.25,6.189999999999998,0.03,0.26,0.08,-155.19,50.56,65.93,0.04,0.8,0.29,-137.56,51.63,86.43999999999998,0.0899999999999999,0.34,0.17
