0.02,-108.06,86.63,177.62,9.78,0.47,0.44,0.02,0.03,0.02,45.19,4.69,19.56,0.0,0.07,0.04,0.41573767295203107,0.5971002241238822,0.39061895670778163,0.5639595200900185
0.03,-108.06,86.63,177.62,9.77,0.46,0.49,0.0,0.01,0.01,45.19,4.25,18.87,0.01,0.03,0.12,0.41573767295203107,0.5971002241238822,0.39061895670778163,0.5639595200900185
0.04,-108.06,86.63,177.62,9.8,0.4,0.52,0.0,0.01,0.01,45.19,4.25,18.87,0.02,0.0,0.12,0.41573767295203107,0.5971002241238822,0.39061895670778163,0.5639595200900185
0.05,-108.06,86.63,177.62,9.81,0.38,0.5,0.01,0.0,0.0,45.19,4.69,19.69,0.01,0.01,0.08,0.41573767295203107,0.5971002241238822,0.39061895670778163,0.5639595200900185
0.06,-108.06,86.63,177.62,9.87,0.44,0.48,0.0,0.01,0.01,45.19,4.69,19.69,0.07,0.05,0.15,0.41573767295203107,0.5971002241238822,0.39061895670778163,0.5639595200900185
0.07,-108.06,86.63,177.62,9.81,0.46,0.53,0.0,0.02,0.0,45.5,5.37,18.5,0.02,0.02,0.1,0.41573767295203107,0.5971002241238822,0.39061895670778163,0.5639595200900185
0.08,-108.06,86.63,177.62,9.78,0.44,0.42,0.0,0.03,0.0,45.5,5.37,18.5,0.0,0.02,0.08,0.41573767295203107,0.5971002241238822,0.39061895670778163,0.5639595200900185
0.09,-108.06,86.69,177.62,9.8,0.41,0.48,0.01,0.03,0.0,45.5,5.37,18.5,0.0,0.0,0.08,0.41552028178767897,0.5968141480561757,0.39084865752924813,0.5642633206320021
0.1,-108.06,86.69,177.62,9.8,0.41,0.46,0.0,0.03,0.0,45.5,4.69,19.56,0.0,0.0,0.08,0.41552028178767897,0.5968141480561757,0.39084865752924813,0.5642633206320021
0.11,-108.06,86.69,177.62,9.81,0.42,0.49,0.0,0.03,0.0,45.5,4.69,19.56,0.02,0.02,0.11,0.41552028178767897,0.5968141480561757,0.39084865752924813,0.5642633206320021
0.12,-108.06,86.75,177.62,9.81,0.42,0.47,0.0,0.04,0.0,45.5,4.69,19.56,0.02,0.02,0.09,0.41530277670608506,0.5965279083684857,0.39107825119733836,0.564566966477996
0.13,-108.06,86.75,177.62,9.82,0.43,0.45,0.0,0.05,0.0,45.19,5.37,20.5,0.03,0.03,0.08,0.41530277670608506,0.5965279083684857,0.39107825119733836,0.564566966477996
0.14,-108.06,86.81,177.62,9.79,0.42,0.46,0.0,0.07,0.0,45.19,5.37,20.5,0.0,0.02,0.1,0.4150851577668794,0.5962415051392863,0.3913077376491081,0.5648704575447542
0.15,-108.06,86.87,177.62,9.84,0.43,0.4,0.0,0.09,0.0,45.5,5.0,18.87,0.05,0.03,0.05,0.4148674250297237,0.5959549384470968,0.39153711682164216,0.5651737937490727
0.16,-108.06,86.94,177.62,9.85,0.46,0.38,0.02,0.1,0.0,45.5,5.0,18.87,0.05,0.06,0.05,0.41461325975471514,0.5956204041453003,0.391804590183337,0.5655274901475839
0.17,-108.0,87.0,177.62,9.88,0.46,0.31,0.03,0.1,0.0,45.5,5.0,18.87,0.09,0.06,0.0,0.4147069397245643,0.5951164250941975,0.39232995110119906,0.5656251445934135
0.18,-108.0,87.06,177.62,9.78,0.44,0.33,0.02,0.12,0.0,45.5,5.0,19.56,0.0,0.04,0.04,0.41448869673436023,0.5948294555201422,0.39255914867942665,0.5659278698855063
0.19,-108.0,87.12,177.62,9.91,0.46,0.32,0.0,0.09,0.01,45.5,5.0,19.56,0.12,0.06,0.05,0.4142703401097293,0.5945423228702182,0.39278823863533724,0.5662304400252639
0.2,-107.94,87.19,177.62,9.85,0.46,0.33,0.01,0.1,0.01,45.19,4.25,19.56,0.01,0.04,0.14,0.4143265165314231,0.593990269349943,0.3933519825433427,0.5663773613464264
0.21,-107.94,87.25,177.62,9.85,0.45,0.35,0.03,0.13,0.01,45.19,4.25,19.56,0.09,0.0,0.01,0.41410776340708044,0.5937028981385503,0.3935809973199579,0.5666794751678406
0.22,-107.94,87.31,177.62,9.84,0.31,0.23,0.0,0.08,0.0,45.19,4.25,19.56,0.06,0.05,0.08,0.41388889675274587,0.5934153641601407,0.3938099041941104,0.5669814336308627
0.23,-107.94,87.31,177.62,9.89,0.41,0.42,0.03,0.09,0.01,45.88,4.25,19.25,0.09,0.01,0.22,0.41388889675274587,0.5934153641601407,0.3938099041941104,0.5669814336308627
0.24,-107.94,87.37,177.62,9.8,0.46,0.5,0.02,0.16,0.0,45.88,4.25,19.25,0.01,0.06,0.33,0.41366991662842273,0.5931276674935434,0.3940387031030442,0.5672832366527092
0.25,-107.87,87.44,177.62,9.8,0.41,0.05,0.04,0.09,0.0,45.88,4.25,19.25,0.01,0.01,0.21,0.4137763352405499,0.5925391648589508,0.3946521736105925,0.5673941701917566
0.26,-107.81,87.5,177.62,9.81,0.38,0.17,0.04,0.05,0.0,45.19,4.69,19.56,0.01,0.02,0.02,0.41386697887809865,0.592034630864384,0.3951781130160065,0.5674886594855412
0.28,-107.81,87.5,177.62,9.8,0.42,0.18,0.0,0.04,0.01,46.19,4.25,18.06,0.0,0.02,0.05,0.41386697887809865,0.592034630864384,0.3951781130160065,0.5674886594855412
0.29,-107.81,87.5,177.62,9.81,0.43,0.16,0.01,0.06,0.0,46.19,4.25,18.06,0.02,0.03,0.04,0.41386697887809865,0.592034630864384,0.3951781130160065,0.5674886594855412
0.3,-107.81,87.5,177.62,9.84,0.42,0.14,0.04,0.08,0.0,46.19,4.25,18.06,0.04,0.02,0.03,0.41386697887809865,0.592034630864384,0.3951781130160065,0.5674886594855412
0.31,-107.75,87.56,177.62,9.83,0.42,0.16,0.04,0.11,0.0,46.19,5.0,17.56,0.03,0.01,0.1,0.4139570941192793,0.5915300022246812,0.39570415108198087,0.5675825979651595
0.32,-107.69,87.56,177.62,9.8,0.42,0.18,0.02,0.11,0.01,46.19,5.0,17.56,0.01,0.01,0.04,0.4142667617456791,0.5913131737213013,0.39600128237947857,0.5673753299626266
0.33,-107.69,87.62,177.62,9.81,0.45,0.04,0.03,0.1,0.0,46.19,5.0,17.56,0.04,0.03,0.06,0.41404668086526963,0.591025279493229,0.3962302872316506,0.5676759855275963
0.34,-107.63,87.62,177.62,9.84,0.46,0.11,0.02,0.1,0.0,45.5,4.25,17.25,0.02,0.02,0.05,0.41435608420719683,0.5908084041515271,0.39652746735463773,0.5674684420280309
0.35,-107.63,87.62,177.62,9.8,0.42,0.04,0.02,0.1,0.0,45.5,4.25,17.25,0.01,0.0,0.0,0.41435608420719683,0.5908084041515271,0.39652746735463773,0.5674684420280309
0.37,-107.56,87.62,177.62,9.8,0.38,0.03,0.02,0.08,0.0,47.0,4.25,18.06,0.0,0.0,0.01,0.4147169111914853,0.5905551782072439,0.3968740400947214,0.567226111320078
0.38,-107.56,87.62,177.62,9.8,0.4,0.05,0.0,0.07,0.0,47.0,4.25,18.06,0.01,0.0,0.02,0.4147169111914853,0.5905551782072439,0.3968740400947214,0.567226111320078
0.39,-107.56,87.62,177.62,9.8,0.45,0.03,0.01,0.06,0.0,45.88,4.69,18.87,0.0,0.04,0.0,0.4147169111914853,0.5905551782072439,0.3968740400947214,0.567226111320078
0.4,-107.56,87.62,177.62,9.79,0.46,0.03,0.01,0.06,0.0,45.88,4.69,18.87,0.0,0.06,0.01,0.4147169111914853,0.5905551782072439,0.3968740400947214,0.567226111320078
0.41,-107.56,87.56,177.62,9.81,0.44,0.07,0.01,0.04,0.01,45.88,4.69,16.75,0.02,0.03,0.01,0.41493731853584337,0.5908428225762695,0.3966446943070691,0.5669257157462896
0.42,-107.56,87.56,177.62,9.82,0.45,0.06,0.01,0.04,0.01,45.88,4.69,16.75,0.03,0.05,0.0,0.41493731853584337,0.5908428225762695,0.3966446943070691,0.5669257157462896
0.43,-107.56,87.56,177.62,9.8,0.43,0.08,0.01,0.05,0.0,45.88,4.69,16.75,0.0,0.02,0.01,0.41493731853584337,0.5908428225762695,0.3966446943070691,0.5669257157462896
0.44,-107.56,87.56,177.62,9.8,0.44,0.03,0.01,0.04,0.01,46.19,5.0,17.25,0.01,0.04,0.05,0.41493731853584337,0.5908428225762695,0.3966446943070691,0.5669257157462896
0.45,-107.56,87.56,177.62,9.71,0.45,0.04,0.01,0.06,0.01,46.19,5.0,17.25,0.07,0.05,0.04,0.41493731853584337,0.5908428225762695,0.3966446943070691,0.5669257157462896
0.46,-107.63,87.56,177.62,9.68,0.43,0.06,0.02,0.06,0.0,45.5,5.0,17.25,0.02,0.05,0.0,0.4145763157984967,0.5910961831060613,0.39629830511097863,0.5671679064109293
0.47,-107.63,87.56,177.62,9.81,0.4,0.04,0.03,0.01,0.01,45.5,5.0,17.25,0.05,0.02,0.24,0.4145763157984967,0.5910961831060613,0.39629830511097863,0.5671679064109293
0.49,-107.63,87.5,177.62,9.77,0.34,0.28,0.04,0.01,0.0,46.19,3.87,17.25,0.1,0.06,0.01,0.41479643373134817,0.5913838000082241,0.39606903421989176,0.5668672153015293
0.5,-107.69,87.5,177.62,9.91,0.44,0.15,0.05,0.05,0.0,46.19,3.87,17.25,0.11,0.04,0.26,0.41448672905250644,0.5916009058375131,0.3957721689613091,0.5670745188484924
0.51,-107.75,87.5,177.62,9.68,0.44,0.05,0.02,0.08,0.0,45.5,4.25,16.0,0.19,0.01,0.03,0.41417691073977697,0.5918178494760586,0.3954751951995416,0.5672816669287601
0.52,-107.69,87.5,177.62,9.65,0.43,0.28,0.03,0.02,0.0,45.5,4.25,16.0,0.01,0.04,0.23,0.41448672905250644,0.5916009058375131,0.3957721689613091,0.5670745188484924
0.53,-107.69,87.5,177.62,9.87,0.4,0.11,0.01,0.0,0.0,45.5,4.25,16.0,0.02,0.03,0.08,0.41448672905250644,0.5916009058375131,0.3957721689613091,0.5670745188484924
0.54,-107.69,87.5,177.62,9.73,0.36,0.02,0.03,0.0,0.0,46.19,4.69,16.5,0.09,0.03,0.23,0.41448672905250644,0.5916009058375131,0.3957721689613091,0.5670745188484924
0.55,-107.69,87.5,177.62,9.58,0.45,0.13,0.02,0.04,0.01,46.19,4.69,16.5,0.2,0.05,0.24,0.41448672905250644,0.5916009058375131,0.3957721689613091,0.5670745188484924
0.57,-107.75,87.5,177.68,9.64,0.4,0.0,0.0,0.09,0.02,45.88,3.87,16.0,0.13,0.02,0.02,0.4144738819379537,0.5916106980324242,0.3957850160758616,0.5670647266535815
0.58,-107.75,87.5,177.68,9.71,0.33,0.06,0.01,0.06,0.02,45.88,3.87,16.0,0.05,0.09,0.1,0.4144738819379537,0.5916106980324242,0.3957850160758616,0.5670647266535815
0.59,-107.75,87.5,177.68,9.82,0.31,0.17,0.03,0.07,0.03,45.56,5.0,17.56,0.03,0.1,0.11,0.4144738819379537,0.5916106980324242,0.3957850160758616,0.5670647266535815
0.6,-107.75,87.5,177.75,9.87,0.41,0.11,0.01,0.11,0.03,45.56,5.0,17.56,0.06,0.02,0.0,0.4148202047139552,0.5913688163577026,0.39614633661851795,0.5668114331808156
0.61,-107.81,87.5,177.75,9.82,0.43,0.03,0.0,0.13,0.02,45.56,5.0,17.56,0.02,0.0,0.01,0.41451050787727567,0.5915859346355022,0.3958495005567877,0.5670187772108645
0.62,-107.81,87.44,177.75,9.82,0.42,0.05,0.02,0.12,0.02,45.56,4.69,18.87,0.03,0.0,0.05,0.4147297184381053,0.59187399413455,0.39562092057850046,0.56671732187404
0.63,-107.87,87.44,177.75,9.62,0.49,0.14,0.0,0.06,0.02,45.56,4.69,18.87,0.17,0.06,0.13,0.414419757103376,0.5920910649646001,0.3953241338653557,0.566924390809807
0.64,-107.87,87.44,177.75,9.58,0.49,0.05,0.01,0.07,0.02,45.5,3.87,17.56,0.2,0.05,0.02,0.414419757103376,0.5920910649646001,0.3953241338653557,0.566924390809807
0.65,-107.94,87.44,177.75,9.73,0.43,0.15,0.04,0.11,0.01,45.5,3.87,17.56,0.06,0.0,0.1,0.41405799195475856,0.5923441091012288,0.3949777457250106,0.5671657747902754
0.66,-108.0,87.37,177.75,9.8,0.5,0.15,0.07,0.17,0.01,45.5,3.87,17.56,0.01,0.07,0.07,0.41400282927054716,0.5928971158182027,0.3944144943994116,0.567020170733013
0.67,-108.06,87.37,177.75,9.76,0.54,0.17,0.09,0.18,0.01,45.88,5.0,18.87,0.06,0.04,0.09,0.4136923323302219,0.5931138059097447,0.39411754928035664,0.5672266079440248
0.68,-108.19,87.31,177.75,9.73,0.42,0.19,0.08,0.2,0.0,45.88,5.0,18.87,0.07,0.06,0.09,0.4132372088492536,0.5938711755547635,0.39324598476425154,0.5673708060294216
0.69,-108.31,87.25,177.75,9.77,0.38,0.32,0.08,0.2,0.0,45.88,5.0,18.87,0.01,0.08,0.15,0.41283267550997466,0.5945920884041294,0.39242401637522456,0.5674793580478759
0.7,-108.37,87.12,177.75,9.8,0.36,0.38,0.08,0.19,0.0,45.56,5.0,18.06,0.0,0.03,0.21,0.412992028567454,0.5954329308624197,0.39163366508847114,0.5670275844733654
0.71,-108.5,87.06,177.75,9.65,0.48,0.39,0.1,0.21,0.01,45.56,5.0,18.06,0.18,0.12,0.1,0.41253302288971594,0.5961894130754924,0.3907627002170057,0.5671677008445452
0.72,-108.63,86.94,177.75,9.54,0.56,0.35,0.13,0.27,0.02,45.56,4.69,18.87,0.24,0.12,0.06,0.41228892317671495,0.59723371558466,0.3896645051714994,0.5670020336861031
0.73,-108.81,86.69,177.75,9.49,0.49,0.25,0.17,0.32,0.01,45.56,4.69,18.87,0.29,0.06,0.09,0.41224803022085144,0.5990813294721369,0.3878271034028602,0.5663419992575793
0.75,-109.0,86.37,177.75,9.56,0.29,0.61,0.11,0.3,0.04,45.25,5.37,19.25,0.22,0.13,0.14,0.4123978600001289,0.6012987088454653,0.385676319561694,0.5653509037203678
0.76,-109.12,86.12,177.81,9.46,0.19,0.55,0.1,0.4,0.02,45.25,5.37,19.25,0.31,0.22,0.02,0.4129534909110562,0.6027256564077969,0.38445269400799764,0.5642582064287197
0.78,-109.37,85.38,177.87,9.47,0.16,0.71,0.09,0.46,0.04,45.25,5.0,20.06,0.29,0.24,0.0,0.414544676503325,0.6069582485810257,0.3807348960127997,0.5610662479781957
0.79,-109.44,84.94,177.93,9.45,0.35,0.49,0.01,0.59,0.06,45.25,5.0,20.06,0.3,0.04,0.31,0.41600966439704473,0.6091031402371935,0.3790389487244592,0.5588012160252561
0.8,-109.37,84.37,178.0,9.38,0.42,0.5,0.02,0.68,0.06,44.88,5.75,23.25,0.24,0.03,0.35,0.41871109770078047,0.611312627562059,0.3775788783581408,0.555348610030841
0.81,-109.37,83.62,178.06,9.41,0.34,0.68,0.06,0.83,0.05,44.88,5.75,23.25,0.3,0.17,0.06,0.42160015490659475,0.6146401229376589,0.3750270487205565,0.5512037204027782
0.82,-109.5,82.69,178.06,9.43,0.33,0.99,0.12,0.92,0.08,44.88,5.75,23.25,0.29,0.03,0.18,0.42409451811876964,0.6194564048072171,0.3708236443464712,0.546724269662988
0.83,-109.56,81.75,181.0,9.18,0.54,1.03,0.12,0.93,0.14,44.69,4.87,22.75,0.52,0.02,0.05,0.4407274032890849,0.6144060055655172,0.38278646917687403,0.530791046769054
0.84,-109.75,80.75,183.19,9.1,0.38,1.44,0.23,1.02,0.1,44.69,4.87,22.75,0.57,0.09,0.31,0.45290053560889426,0.6124768172547617,0.3899114622983234,0.5174188871108562
0.85,-109.94,79.56,184.69,9.17,0.46,1.26,0.15,1.07,0.04,43.56,5.25,25.56,0.16,0.04,0.64,0.46219522179436584,0.6137386175342607,0.39271331246955227,0.5054470699358967
0.86,-110.19,78.37,185.88,9.5,0.06,1.2,0.19,1.09,0.06,43.56,5.25,25.56,0.08,0.42,0.51,0.46952425916504786,0.6162889321914622,0.3936697996869265,0.4947312512145108
0.87,-110.37,77.25,186.94,9.33,0.34,2.03,0.2,1.0,0.11,43.56,5.25,25.56,0.23,0.66,0.09,0.47623773362480976,0.6186580952053263,0.3945535193672612,0.48454855552744147
0.88,-110.5,76.25,188.06,9.43,0.11,2.6,0.1,0.96,0.14,41.19,5.56,27.19,0.14,0.01,0.03,0.48293835922379696,0.6200318790743482,0.3964595135552522,0.47450064724222707
0.89,-110.37,75.12,189.19,9.3,0.28,2.19,0.03,1.04,0.16,41.19,5.56,27.19,0.16,0.45,0.28,0.4912231853820765,0.6208457240767271,0.3990531618302243,0.4626088445674502
0.9,-110.31,73.94,190.13,9.31,0.82,2.5,0.03,1.11,0.1,40.19,4.5,27.75,0.11,0.57,0.19,0.49827947638076636,0.6228027068143125,0.40016026109156844,0.4513381406945382
0.91,-110.25,72.75,190.75,9.25,0.61,2.8,0.02,1.04,0.04,40.19,4.5,27.75,0.37,0.21,0.18,0.5039296552634859,0.6258782602746906,0.3994939948627027,0.4412888554339317
0.92,-110.19,71.69,191.13,8.93,0.48,3.16,0.01,0.94,0.04,40.19,4.5,27.75,0.37,0.25,0.1,0.5082276010991408,0.6291497417970007,0.3979748676508131,0.43300267042605844
0.93,-110.25,70.56,191.5,9.18,0.54,3.03,0.03,1.04,0.03,38.5,5.25,31.5,0.07,0.33,0.44,0.5118976547725419,0.6332691670748977,0.39568601526506975,0.4246922772953231
0.94,-110.37,69.31,191.75,9.33,0.58,2.88,0.12,1.16,0.05,38.5,5.25,31.5,0.02,0.22,0.59,0.5149597279629571,0.6385691241737613,0.3920714715177974,0.41632428880638395
0.95,-110.69,68.19,191.88,8.74,0.37,3.0,0.2,1.15,0.1,36.75,3.69,33.5,0.36,0.14,0.62,0.5160820767213932,0.6445504741066287,0.38754043613006517,0.409910217950191
0.96,-110.94,66.94,192.07,8.14,0.35,3.37,0.19,1.1,0.1,36.75,3.69,33.5,1.01,0.24,0.39,0.51798879422611,0.6505424001988065,0.38312990083803816,0.4021115189640697
0.97,-111.31,65.75,192.19,7.93,0.49,4.04,0.23,1.09,0.07,36.75,3.69,33.5,1.0,0.26,0.02,0.5187332445697331,0.6569969250567746,0.3781342318335959,0.3953294375071462
0.99,-112.25,63.56,192.0,8.69,0.14,4.16,0.19,0.93,0.01,35.19,5.19,36.25,0.09,0.4,0.18,0.516928809360155,0.671230064776511,0.3657168531928084,0.38533879831177537
1.0,-112.62,62.5,191.88,8.82,0.17,4.15,0.17,0.99,0.03,33.0,5.37,38.38,0.12,0.45,0.35,0.5163424767471925,0.6777312405827706,0.359831457919471,0.3802527240352945
1.02,-113.25,60.19,191.81,7.74,0.46,4.05,0.1,1.08,0.02,33.0,5.37,38.38,0.76,0.15,0.8,0.5165125211766667,0.6903012855305412,0.3487158375347876,0.36755437055627205
1.03,-113.44,59.63,191.81,7.52,0.56,4.36,0.27,0.96,0.01,31.87,5.25,40.19,1.0,0.13,0.42,0.5163349577897623,0.6934249001742381,0.3460047384565572,0.36447337371638244
1.04,-114.12,58.56,191.56,8.28,0.66,5.81,0.34,0.82,0.01,31.87,5.25,40.19,0.04,0.31,0.65,0.5132147657204184,0.7015148045580678,0.33831015377904716,0.3606020286720385
1.05,-114.81,57.69,191.31,8.65,0.64,5.65,0.27,0.8,0.03,30.69,5.56,40.88,0.82,0.0,0.12,0.5096151584166874,0.7087682618769335,0.33134337587882107,0.3579825533864903
1.06,-115.37,56.75,191.19,9.38,0.38,4.9,0.12,0.95,0.05,30.69,5.56,40.88,1.11,0.03,0.35,0.5072649650592324,0.7152741291612263,0.325337288836522,0.35386554490174155
1.07,-115.75,55.69,191.06,8.49,0.64,5.21,0.16,0.93,0.03,30.69,5.56,40.88,0.44,0.22,0.36,0.5061282283516731,0.7214116411891047,0.3193856152629747,0.34841396238602507
1.09,-117.13,53.81,190.63,8.22,0.89,5.81,0.41,0.77,0.02,28.87,5.56,43.75,0.4,0.59,0.21,0.49884456998438687,0.7357445141984151,0.30546558512321487,0.34135740965938066
1.1,-118.19,53.0,190.25,8.29,0.91,5.95,0.38,0.77,0.04,28.87,5.56,43.75,0.49,0.11,0.2,0.4920143871725288,0.7443299540079797,0.2968513224157817,0.34025586660882345
1.12,-119.31,51.13,189.88,7.93,0.24,6.01,0.01,0.83,0.08,26.0,6.19,44.06,0.34,0.35,0.16,0.4861206885571334,0.7568426974994615,0.2842432200959973,0.331785471695093
1.13,-119.62,50.25,189.88,7.87,0.36,6.01,0.09,0.75,0.06,25.37,7.19,45.5,0.05,0.04,0.03,0.4852018249214934,0.7612864243594345,0.28011222027372235,0.3264342402876957
1.14,-120.13,49.44,189.75,7.42,0.88,6.28,0.18,0.62,0.04,25.37,7.19,45.5,0.02,0.42,0.06,0.4824457351594165,0.7665977194239117,0.2748224202396021,0.3225626862087353
1.15,-120.75,48.75,189.56,7.4,1.09,6.46,0.22,0.55,0.05,23.75,7.19,47.06,0.12,0.23,0.07,0.4785885849948682,0.7720410935617184,0.2692805751428754,0.3199898248622259
1.16,-121.44,48.19,189.31,7.21,0.72,6.56,0.13,0.6,0.09,23.75,7.19,47.06,0.0,0.19,0.19,0.47389081933499233,0.777411068115493,0.2636274417329635,0.31868494549769855
1.17,-121.94,47.5,189.19,7.27,0.58,6.9,0.03,0.66,0.11,23.75,7.19,47.06,0.15,0.19,0.73,0.47095454649601903,0.7820876122294903,0.25892665865397885,0.31543266693573346
1.18,-122.13,46.75,189.19,7.28,0.66,7.5,0.02,0.63,0.11,23.25,7.75,48.38,0.23,0.06,0.82,0.47049829578552527,0.7853823255894544,0.2556935054263373,0.31052662944972714
1.2,-123.38,45.5,188.88,7.73,0.97,7.4,0.22,0.59,0.02,23.25,7.75,48.38,0.73,0.18,0.57,0.46239042177862133,0.7952666936831051,0.24569751940953918,0.305579306762958
1.21,-124.19,44.81,188.63,7.59,0.66,6.97,0.21,0.62,0.03,21.25,7.37,48.56,0.51,0.11,0.08,0.4567951669098462,0.8012776333117941,0.23934773463641223,0.30332324633379654
1.23,-124.19,43.44,188.38,6.84,1.1,7.52,0.15,0.42,0.03,19.56,8.38,49.38,0.13,0.22,0.42,0.4575129612919968,0.8061346894736339,0.23271735201121954,0.29440004543131715
1.24,-124.19,42.94,188.25,6.8,0.39,7.6,0.08,0.41,0.05,19.56,8.38,49.38,0.14,0.5,0.46,0.45767040049900565,0.8079502500946221,0.23001094612721978,0.2912887957693852
1.25,-124.19,42.5,188.25,6.58,0.23,7.37,0.22,0.41,0.11,17.56,8.0,51.19,0.01,0.66,0.17,0.4580959065205866,0.8093033484741726,0.22843060415768107,0.28808972501936025
1.26,-123.94,42.06,188.44,6.47,0.6,7.26,0.32,0.44,0.13,17.56,8.0,51.19,0.06,0.26,0.0,0.46075302294882625,0.8092639939367215,0.22881000412458674,0.28362725886912016
1.27,-123.69,41.5,188.75,6.47,0.73,7.27,0.31,0.47,0.1,17.56,8.0,51.19,0.0,0.01,0.22,0.46379447014872527,0.8093294713500228,0.22958306172050147,0.27779869336409074
1.28,-123.56,41.0,188.94,6.36,0.92,7.7,0.17,0.44,0.07,18.19,8.25,50.69,0.22,0.12,0.03,0.4656159877053792,0.8099211637618474,0.2294192275691976,0.2731231929099973
1.29,-123.44,40.56,189.06,6.43,0.52,7.41,0.18,0.43,0.1,18.19,8.25,50.69,0.17,0.39,0.11,0.4671308914436927,0.8105012523056414,0.2289458001292364,0.2691844551106021
1.3,-123.25,40.06,189.25,6.41,0.41,7.69,0.25,0.4,0.11,16.19,8.19,52.0,0.19,0.11,0.36,0.46934072064772925,0.8108196072142844,0.22890042632071655,0.26437747129613415
1.31,-123.0,39.69,189.56,5.98,0.84,7.85,0.39,0.31,0.13,16.19,8.19,52.0,0.24,0.23,0.13,0.4721219215274412,0.8102549026226811,0.230303853644309,0.2599000172868924
1.32,-122.75,39.31,189.88,6.09,1.1,7.64,0.29,0.33,0.11,16.19,8.19,52.0,0.01,0.38,0.32,0.47490995521178725,0.8096838128962976,0.23172422813242227,0.25529696369303806
1.33,-122.56,38.94,190.0,6.22,0.91,7.89,0.14,0.32,0.11,16.0,7.37,53.25,0.13,0.02,0.19,0.4768034831668641,0.8097236676538765,0.23162035121741947,0.25171021708110974
1.34,-122.38,38.56,190.13,6.33,0.52,7.69,0.2,0.36,0.14,16.0,7.37,53.25,0.26,0.37,0.0,0.4786457259672898,0.8098032585652877,0.23151648307165318,0.2480263483914987
1.35,-122.19,38.19,190.25,6.25,0.49,7.7,0.21,0.37,0.13,15.75,6.69,51.88,0.13,0.02,0.13,0.48051925641352905,0.8098221570690811,0.23138935429328827,0.24443462286571602
1.36,-122.0,37.81,190.38,6.12,0.7,7.9,0.14,0.31,0.08,15.75,6.69,51.88,0.09,0.02,0.22,0.4824110861913659,0.8098387261187,0.23128353270415725,0.2407253810839081
1.37,-121.88,37.44,190.5,5.83,0.61,7.88,0.12,0.29,0.09,15.75,6.69,51.88,0.12,0.04,0.13,0.4837696182211704,0.8101323561620752,0.23098784902735148,0.23727017424688063
1.38,-121.75,37.13,190.56,5.86,0.47,7.9,0.11,0.3,0.12,14.25,6.25,53.5,0.11,0.08,0.21,0.4850254559403793,0.8103288502155341,0.23050794049360324,0.23448571591377387
1.4,-121.44,36.38,190.69,5.8,0.71,7.91,0.09,0.31,0.09,13.69,6.69,51.88,0.01,0.05,0.17,0.4879809677552149,0.8108260186401511,0.2292022072312874,0.2278203037596766
1.41,-121.31,35.94,190.69,5.84,0.54,8.19,0.01,0.44,0.07,13.69,6.69,51.88,0.29,0.21,0.33,0.48918555987997403,0.8114727476174521,0.22777624198726493,0.22433780658921032
1.42,-121.25,35.38,190.69,6.16,0.46,8.38,0.05,0.53,0.07,13.69,6.69,51.88,0.48,0.18,0.42,0.48996353377196095,0.8127273605636256,0.22574305211029055,0.2201137146769953
1.43,-121.13,34.88,190.88,5.88,0.77,8.2,0.19,0.42,0.08,13.0,6.69,52.38,0.27,0.13,0.19,0.49147898967303544,0.8131734900104861,0.22539343602397205,0.21539516441054524
1.44,-121.0,34.5,191.0,5.7,0.62,8.37,0.15,0.29,0.08,13.0,6.69,52.38,0.1,0.14,0.32,0.4928467388656602,0.8133845502963082,0.22501945732468137,0.21183462690047195
1.45,-120.81,34.19,191.06,5.66,0.35,8.27,0.1,0.29,0.15,11.0,5.19,54.0,0.14,0.26,0.18,0.4944814037472647,0.8132624474698521,0.22459220525353485,0.20892743769748098
1.46,-120.69,33.75,191.0,5.68,0.14,8.31,0.04,0.43,0.15,11.0,5.19,54.0,0.23,0.48,0.19,0.49546999045127926,0.8140061887882939,0.2226701417269883,0.20572170804231776
1.47,-120.56,33.25,191.0,5.53,0.45,8.71,0.04,0.46,0.09,11.0,5.19,54.0,0.15,0.17,0.54,0.49666589441033693,0.8147291581808861,0.2209462025777565,0.20179733324777568
1.48,-120.44,32.81,191.06,5.32,0.74,8.37,0.08,0.34,0.1,10.0,5.19,54.5,0.0,0.11,0.15,0.4978559634872001,0.8152118418842564,0.21985509221728383,0.19807279191761631
1.5,-120.38,31.81,190.94,5.55,0.35,8.39,0.05,0.53,0.05,9.0,4.5,54.5,0.38,0.3,0.09,0.4985834356499305,0.817675344200122,0.21515812244205113,0.1911244922293709
1.51,-120.38,31.56,190.88,4.87,0.14,8.66,0.04,0.38,0.05,9.0,4.5,54.5,0.23,0.51,0.32,0.4986053950872452,0.8184012476511302,0.21374028714771637,0.18954457914426687
1.52,-120.25,31.19,190.94,4.79,0.15,8.47,0.13,0.23,0.12,9.0,4.5,54.5,0.27,0.48,0.09,0.4998085186451425,0.8186241230576881,0.21291416873556115,0.18631571750505752
1.53,-120.07,30.88,191.0,5.17,0.14,8.38,0.14,0.34,0.15,7.5,5.56,55.25,0.16,0.49,0.01,0.5013344886848417,0.8184751714070551,0.21239890364560465,0.18343617411907986
1.54,-119.94,30.5,191.06,4.82,0.17,8.28,0.12,0.37,0.12,7.5,5.56,55.25,0.12,0.45,0.15,0.5025288719078156,0.8187049046592079,0.21151535535899613,0.18013402353074132
1.55,-119.75,30.06,191.25,4.79,0.43,8.3,0.16,0.35,0.12,7.19,5.69,56.06,0.03,0.27,0.04,0.5043697138405403,0.8185637874968571,0.2114032824035565,0.17570762575430265
1.56,-119.63,29.75,191.38,4.71,1.19,8.49,0.14,0.24,0.1,7.19,5.69,56.06,0.01,0.58,0.05,0.5055506193666826,0.8185252788086196,0.21126722641440332,0.17262994598968195
1.57,-119.44,29.44,191.5,5.04,0.89,8.49,0.09,0.35,0.09,7.19,5.69,56.06,0.39,0.12,0.15,0.5072075610943283,0.8181897313835187,0.21115692158071575,0.16946624411918815
1.58,-119.31,29.06,191.56,5.09,0.53,8.13,0.13,0.35,0.1,7.25,4.56,56.06,0.06,0.23,0.52,0.5083659612170525,0.8183851853922685,0.21023708142862133,0.1661628941692462
1.59,-119.25,28.69,191.63,4.6,0.42,8.19,0.0,0.19,0.06,7.25,4.56,56.06,0.25,0.01,0.23,0.5090273932809964,0.8188414106685622,0.20932114441939503,0.16301691802640506
1.6,-119.19,28.56,191.56,4.28,0.77,8.29,0.09,0.12,0.06,6.0,5.0,56.06,0.31,0.44,0.39,0.5094021963531302,0.8189992182725512,0.20837723982178985,0.16226092796421807
1.61,-119.19,28.31,191.31,4.51,1.22,7.97,0.27,0.38,0.0,6.0,5.0,56.06,0.05,0.73,0.6,0.5091371192610631,0.8200172290897506,0.20557037442911624,0.16153005585211183
1.62,-119.31,27.87,191.06,4.93,1.11,8.19,0.15,0.53,0.04,6.0,5.0,56.06,0.7,0.07,0.06,0.508082833973948,0.8219778911022448,0.20181485453996584,0.1596087242199501
1.63,-119.31,27.31,190.88,5.15,0.21,9.26,0.19,0.46,0.04,4.5,5.69,54.06,0.34,0.8,0.9,0.5080292573279561,0.8235223005529396,0.1982319002430022,0.15627350356617528
1.64,-119.38,27.06,190.56,4.4,0.16,9.76,0.28,0.09,0.02,4.5,5.69,54.06,0.42,0.92,0.8,0.507176583392927,0.8249218148027226,0.1948101322162381,0.15596449950662425
1.65,-119.44,27.06,190.31,4.13,0.11,9.26,0.15,0.06,0.01,4.5,5.69,54.06,0.32,0.88,0.57,0.5064028959036309,0.8256101261728711,0.1929277013774598,0.15717165336803512
1.66,-119.44,26.75,190.38,4.31,0.1,8.64,0.06,0.35,0.01,4.0,5.0,56.06,0.44,0.31,0.39,0.5066093152741775,0.8261533852633248,0.1921599669612375,0.15457080187678962
1.67,-119.38,26.19,190.63,4.87,1.42,8.56,0.25,0.54,0.04,4.0,5.0,56.06,0.39,0.84,0.03,0.5075594157664937,0.8266507809940358,0.1917412042573413,0.1492221040552325
1.68,-119.25,25.81,190.82,4.39,1.37,9.06,0.13,0.22,0.09,3.75,6.37,56.5,0.12,0.66,0.27,0.5088559554646497,0.8265498522347283,0.19171389613632064,0.14535040552794998
1.69,-119.13,25.81,190.75,3.87,0.65,9.09,0.02,0.02,0.11,3.75,6.37,56.5,0.37,0.1,0.0,0.5096324753561324,0.8261335765618388,0.19136138102954992,0.14546090742872766
1.7,-119.07,25.69,190.63,4.0,0.61,8.5,0.05,0.15,0.07,3.75,6.37,56.5,0.25,0.11,0.29,0.5099487565175392,0.8263148471548589,0.19007583064563122,0.14500764704673663
1.71,-119.0,25.25,190.56,4.66,0.74,8.34,0.04,0.46,0.03,1.87,5.25,56.06,0.48,0.04,0.37,0.5104956390267692,0.827020336745232,0.18783407680341638,0.1419504305589166
1.72,-119.07,24.81,190.44,4.37,0.76,8.59,0.17,0.36,0.02,1.87,5.25,56.06,0.18,0.35,0.07,0.5099674512114944,0.828415293203371,0.18505344927476286,0.1393431792487088
1.73,-119.07,24.63,190.19,3.85,0.32,9.03,0.25,0.11,0.03,1.69,5.69,56.06,0.23,0.48,0.15,0.5097145872771336,0.829174801741504,0.18249654680587557,0.13912296028251248
1.74,-119.07,24.5,190.06,3.88,0.26,9.26,0.06,0.13,0.04,1.69,5.69,56.06,0.05,0.22,0.2,0.5095945468069716,0.8296377968574328,0.1810141423312407,0.138738618150202
1.75,-119.0,24.19,190.19,4.19,0.83,8.89,0.19,0.29,0.05,1.69,5.69,56.06,0.17,0.02,0.0,0.5103442047454841,0.8297291057477425,0.18074638072678872,0.1357540040364104
1.76,-118.94,23.87,190.38,4.38,0.88,9.1,0.17,0.29,0.07,1.25,6.75,55.75,0.41,0.1,0.17,0.5110840790691487,0.8297850105757827,0.18085597312601975,0.1324425057541158
1.77,-118.81,23.75,190.38,3.88,0.6,9.47,0.02,0.04,0.07,1.25,6.75,55.75,0.18,0.21,0.38,0.5120548234784127,0.8294370364925849,0.18050354293080825,0.13134889126412852
1.78,-118.75,23.69,190.38,3.77,0.6,9.14,0.05,0.11,0.04,0.88,6.0,56.56,0.16,0.17,0.19,0.5125037516957521,0.8292846458972851,0.1803207029561142,0.13081026206764612
1.79,-118.69,23.5,190.44,4.23,0.9,8.7,0.07,0.22,0.04,0.88,6.0,56.56,0.31,0.12,0.25,0.5130513638965575,0.8292873232042302,0.18002564704270876,0.12904107866682898
1.81,-118.69,23.38,190.31,3.75,0.8,9.15,0.11,0.05,0.04,0.88,5.69,56.56,0.14,0.0,0.19,0.5129334050777236,0.8297202456266839,0.17858049058943412,0.12873478291978513
1.82,-118.63,23.38,190.13,3.95,0.6,9.3,0.09,0.01,0.06,0.88,5.69,56.56,0.05,0.21,0.34,0.5131650727720299,0.8297311566101147,0.17734475215486017,0.1294474979304339
1.84,-118.56,23.25,190.06,4.33,0.75,8.37,0.07,0.02,0.04,0.19,5.69,55.75,0.45,0.09,0.59,0.5136256310781844,0.8297718230435762,0.17636898348817015,0.1286911591595422
1.85,-118.56,23.31,189.94,4.04,0.88,9.09,0.08,0.13,0.05,0.19,5.69,55.75,0.14,0.01,0.13,0.5134750148816408,0.8298428887436031,0.1757530750414603,0.12967284105564159
1.86,-118.5,23.44,189.82,3.85,1.01,9.44,0.02,0.15,0.08,0.5,5.69,56.56,0.07,0.2,0.79,0.5137381183560686,0.8295121898086875,0.1755011522127966,0.13108019788947045
1.87,-118.38,23.56,189.82,4.55,0.83,9.65,0.06,0.05,0.09,0.5,5.69,56.56,0.62,0.03,0.71,0.5145730416349087,0.8287463189584096,0.17614584693245372,0.13178301955841315
1.88,-118.25,23.62,189.82,4.81,0.62,9.6,0.01,0.0,0.07,0.5,5.69,56.56,1.08,0.65,0.7,0.5154958231810758,0.8280479842426155,0.17654942902400503,0.13202610039648982
1.89,-118.25,23.69,189.75,4.91,0.11,9.77,0.08,0.11,0.02,0.5,5.69,56.56,0.76,0.79,0.9,0.5153946675516693,0.8280225287773553,0.17634014837544765,0.13285774560552682
1.9,-118.19,23.94,189.63,4.61,0.69,9.92,0.01,0.31,0.02,0.5,5.69,56.56,0.6,0.2,1.02,0.5156121918061,0.8274599324878201,0.17660290650008004,0.13515006919674885
1.91,-118.19,24.31,189.63,4.66,1.02,9.88,0.03,0.32,0.03,0.5,6.37,56.56,0.75,0.5,0.92,0.515494257561272,0.8267468864591195,0.17817036245488027,0.137878852962307
1.92,-118.13,24.63,189.69,4.87,1.61,9.71,0.04,0.36,0.04,0.5,6.37,56.56,0.95,0.57,0.71,0.5158937211612541,0.8257591267462278,0.18003029748955274,0.13987360382690087
1.93,-118.0,25.06,189.63,5.03,0.98,9.56,0.01,0.42,0.04,0.5,6.37,56.56,0.81,0.32,0.68,0.5166063640755271,0.8244196552942232,0.1815794484807531,0.14310485823564406
1.94,-117.94,25.62,189.63,5.11,0.24,9.56,0.0,0.51,0.04,0.56,6.0,57.0,0.49,0.55,0.64,0.5168303129736446,0.823027498723336,0.1840263818096711,0.14712734190086746
1.95,-117.88,26.25,189.56,4.81,0.51,9.17,0.03,0.56,0.01,0.56,6.0,57.0,0.6,0.07,0.27,0.5169194120956622,0.8215856060061405,0.18626724803334443,0.15197343752209574
1.96,-117.88,26.87,189.63,5.11,1.22,8.97,0.03,0.57,0.02,2.06,5.69,56.19,0.49,0.64,0.36,0.5167518194510423,0.8201827197602114,0.1893869666200801,0.156206402478339
1.97,-117.88,27.56,189.56,5.14,1.38,9.11,0.06,0.61,0.04,2.06,5.69,56.19,0.6,0.13,0.82,0.516345704029015,0.8188373301436281,0.1917937233411688,0.16157879929299793
1.98,-117.94,28.31,189.44,5.13,0.61,9.7,0.09,0.76,0.03,2.06,5.69,56.19,0.47,0.28,1.12,0.5153835569173931,0.8176893607410722,0.19400281974556902,0.16771047826776042
1.99,-117.88,29.19,189.31,5.0,0.15,9.08,0.03,0.76,0.01,4.25,6.0,55.0,0.21,0.75,0.56,0.515157897719539,0.8156997614197098,0.19685598773476473,0.17462519786669914
2.01,-118.0,30.75,189.13,5.39,1.47,8.52,0.14,0.73,0.08,6.87,6.0,55.38,0.37,0.55,0.14,0.5131181389912347,0.8130000068452954,0.20190201684839662,0.18701962437207287
2.02,-118.07,31.69,188.94,5.48,1.46,8.76,0.17,0.87,0.04,6.87,6.0,55.38,0.32,0.52,0.47,0.5117061446403423,0.811442961105023,0.2043439550976383,0.19483503387605522
2.04,-118.0,33.75,188.63,5.46,0.62,8.82,0.04,0.92,0.01,8.38,6.75,54.19,0.22,0.33,0.29,0.5101850341695163,0.8066839941261819,0.21079991169105722,0.21103450372183694
2.05,-118.0,34.75,188.5,5.99,0.65,8.11,0.05,0.85,0.02,8.38,6.75,54.19,0.66,0.16,0.19,0.5091552507675291,0.8044077687775192,0.2140048540041745,0.21884011197419873
2.06,-118.0,35.75,188.38,6.46,0.86,8.41,0.04,0.97,0.04,11.06,7.19,54.56,0.73,0.1,0.51,0.5080894344194841,0.8020596221988423,0.21726899284755682,0.22658259822092996
2.07,-117.94,37.0,188.31,5.76,1.01,8.36,0.06,1.21,0.01,11.06,7.19,54.56,0.03,0.1,0.15,0.5072638043291484,0.7986291897078569,0.22201447636821517,0.23576348836713074
2.08,-117.88,38.31,188.19,6.32,1.14,7.7,0.04,1.14,0.01,11.06,7.19,54.56,0.24,0.17,0.07,0.5061981682854876,0.7950447378897451,0.22664430485297177,0.24555984658725666
2.09,-117.88,39.63,187.94,6.83,1.02,8.1,0.15,1.17,0.05,13.25,6.75,53.06,0.58,0.04,0.61,0.5043276537748987,0.7918658706762332,0.23027067203122098,0.2560809990967053
2.1,-117.94,41.0,187.69,6.92,0.94,8.12,0.15,1.33,0.09,13.25,6.75,53.06,0.22,0.14,0.02,0.501878762986455,0.7887197115210967,0.23394348169282295,0.26703814576704876
2.12,-117.94,44.13,187.38,6.85,0.93,6.58,0.08,1.35,0.05,16.69,6.75,52.25,0.02,0.04,0.38,0.4974581956525037,0.7800277596453945,0.24435456804666697,0.29048731957775453
2.13,-117.94,45.56,187.31,7.07,1.17,7.11,0.03,1.32,0.03,16.69,6.75,52.25,0.07,0.2,0.32,0.49546211200599116,0.7757273412990097,0.24955235126099606,0.3008122529217202
2.15,-116.81,48.94,186.94,6.62,0.99,6.5,0.01,1.58,0.1,20.06,6.25,51.5,0.57,0.05,0.36,0.4973333473623833,0.7607087155851574,0.26353869214785247,0.32330968029910023
2.16,-116.37,50.5,186.69,7.06,0.96,5.51,0.02,1.36,0.03,25.25,7.37,48.69,0.5,0.01,0.64,0.49714671698940066,0.7541344195598073,0.2693389616838101,0.33404033100950614
2.17,-116.12,51.94,186.38,7.32,0.58,5.41,0.1,1.29,0.07,25.25,7.37,48.69,0.57,0.42,0.32,0.4955529319042396,0.7488400634784926,0.27375796011646053,0.3445612141311233
2.18,-115.87,53.5,186.06,7.11,0.55,5.5,0.09,1.51,0.1,25.25,7.37,48.69,0.77,0.38,0.24,0.4935649816276676,0.7430632773518889,0.2786156736517059,0.3558424948731616
2.19,-115.56,55.25,185.69,7.12,0.8,5.66,0.1,1.6,0.1,28.38,7.06,47.19,0.94,0.13,0.16,0.4912789852975828,0.7363688758697505,0.2841217226308024,0.36834859031168116
2.2,-115.31,56.94,185.38,7.69,1.03,5.55,0.13,1.49,0.13,28.38,7.06,47.19,0.52,0.09,0.28,0.4886978159130779,0.7298844918426358,0.2896155271884791,0.38021825271907217
2.21,-115.0,58.56,185.06,7.72,0.53,5.03,0.03,1.43,0.14,31.06,7.37,44.88,0.64,0.37,0.0,0.4864054891258297,0.723322901106353,0.2949982433112225,0.39139458009359857
2.22,-114.69,59.31,185.0,7.63,0.31,3.76,0.15,1.36,0.07,31.06,7.37,44.88,0.87,0.57,1.04,0.4866295571087748,0.7193170326988977,0.29863141244540947,0.39571954730368114
2.23,-114.12,60.75,184.75,7.78,0.67,3.67,0.06,1.25,0.03,31.06,7.37,44.88,0.82,0.2,0.92,0.4863035823236838,0.7120255349008899,0.30472437835891936,0.4045633654967089
2.24,-113.81,62.13,184.38,7.87,0.89,3.95,0.01,1.26,0.03,34.19,7.37,42.5,0.69,0.02,0.02,0.4838966168011538,0.7063249568337151,0.30897319594214534,0.41410709217730685
2.25,-113.5,63.56,183.94,8.17,0.75,4.25,0.06,1.26,0.09,34.19,7.37,42.5,0.31,0.4,0.15,0.4809563384406957,0.7005605066035482,0.3130312455100446,0.42415494390084474
2.26,-113.06,64.94,183.69,8.79,0.27,3.79,0.1,1.23,0.08,34.19,7.37,42.5,0.26,0.45,0.52,0.47946283607729173,0.6938731077906903,0.31858223707225947,0.43262091642411804
2.27,-112.56,66.25,183.31,8.45,0.58,3.14,0.13,1.19,0.04,37.0,7.06,38.0,0.56,0.01,0.84,0.47784791433299584,0.6875309269688825,0.3233546822957635,0.44091308062510565
2.28,-112.25,67.44,183.0,8.6,1.07,2.95,0.0,0.94,0.1,37.0,7.06,38.0,0.31,0.55,0.25,0.47551520288288696,0.6822373159089057,0.327393722616374,0.4486099497336763
2.29,-112.0,68.44,182.69,8.96,1.2,3.27,0.06,0.94,0.13,40.25,5.5,37.56,0.02,0.23,0.0,0.4732039844762673,0.6779477881076107,0.3304786564180901,0.4552456955621621
2.3,-111.81,69.56,182.38,9.3,0.84,3.47,0.01,1.04,0.13,40.25,5.5,37.56,0.12,0.25,0.04,0.4701315366826026,0.6733786964735871,0.3338190162563943,0.4627119338612316
2.31,-111.31,70.81,182.0,9.28,0.45,2.74,0.24,1.11,0.03,40.25,5.5,37.56,0.01,0.29,0.39,0.4681241919105539,0.6671660447709491,0.33855112281889194,0.4702471125810841
2.33,-110.5,73.0,180.94,9.55,0.76,2.09,0.04,0.93,0.09,42.19,5.5,36.0,0.01,0.11,0.46,0.46218945811714196,0.6576831181652121,0.34445359718420926,0.48495931816259047
2.34,-110.06,74.06,180.63,9.27,0.74,2.23,0.14,1.03,0.15,43.69,5.56,32.88,0.15,0.06,0.35,0.46026147601490985,0.6522778241476775,0.3487597063070126,0.4909782898238926
2.35,-109.62,75.25,180.13,9.54,0.73,2.11,0.12,1.05,0.13,43.69,5.56,32.88,0.05,0.08,0.28,0.45700059906634743,0.6468779628964086,0.3525536438235656,0.4984027305289555
2.36,-109.31,76.37,179.44,9.73,0.6,2.29,0.06,1.0,0.09,43.69,5.56,32.88,0.2,0.03,0.07,0.45224094091923267,0.6428825731041368,0.3544917892613352,0.5064737899455296
2.37,-109.06,77.37,178.56,9.39,0.54,1.59,0.08,0.91,0.05,46.0,5.5,32.5,0.17,0.07,0.44,0.4465280538961325,0.6402384482050375,0.35467785634782256,0.5146950988111811
2.38,-108.87,78.31,177.5,9.54,0.63,1.0,0.04,0.86,0.05,46.0,5.5,32.5,0.04,0.08,0.28,0.43970439697587754,0.6386484268767647,0.3534027244684075,0.5233495432941743
2.39,-108.62,79.31,176.32,9.56,0.51,1.57,0.05,0.95,0.08,46.69,4.87,30.06,0.06,0.07,0.13,0.43228616599449465,0.6369340547559413,0.35203464156172654,0.5324615401345363
2.4,-108.44,80.25,175.13,9.83,0.46,1.57,0.03,0.82,0.1,46.69,4.87,30.06,0.17,0.1,0.02,0.42444917830872403,0.6357766598929352,0.35010231089605526,0.5413495226502689
2.41,-108.18,81.12,174.13,9.91,0.77,1.74,0.01,0.77,0.15,46.69,4.87,30.06,0.22,0.23,0.34,0.4180384245263261,0.6340519891662165,0.3493699323630854,0.5487828359328709
2.43,-107.75,82.5,172.25,10.03,0.46,1.55,0.18,0.81,0.09,48.38,4.87,27.56,0.3,0.03,0.44,0.40624156256559607,0.632166725743747,0.34678757029399243,0.561312216859995
2.44,-107.37,83.31,172.25,9.92,0.41,0.96,0.03,0.78,0.14,49.06,4.87,26.0,0.17,0.05,0.01,0.40528226612009044,0.62726623722609,0.3520322406759962,0.5642310288608953
2.46,-106.87,85.0,172.69,10.2,0.04,0.8,0.0,0.82,0.2,49.06,4.87,26.0,0.42,0.43,0.14,0.40373672956799733,0.6166200893178733,0.3639038535011477,0.5695176064480982
2.47,-106.62,85.87,172.88,10.35,0.11,0.81,0.16,0.75,0.15,49.5,4.06,22.0,0.25,0.5,0.15,0.4026743532497244,0.6112164349154433,0.3697487110051444,0.5723230954925775
2.48,-106.18,86.63,173.07,9.88,0.3,0.94,0.26,0.71,0.1,49.5,4.06,22.0,0.08,0.64,0.55,0.4030125755055759,0.6056054658081687,0.3760747666087073,0.5739256517074662
2.49,-105.75,87.31,173.19,9.89,0.35,0.39,0.27,0.75,0.11,51.19,3.25,20.69,0.1,0.03,0.15,0.40321730291562596,0.6005966241774952,0.38164555763667996,0.5753661182171164
2.5,-105.31,87.94,173.32,9.99,0.87,0.01,0.11,0.57,0.21,51.19,3.25,20.69,0.19,0.59,0.14,0.40368258382802497,0.5957276028944144,0.3871101186879989,0.5764501285219462
2.51,-104.93,88.37,173.57,9.53,0.84,0.18,0.23,0.5,0.15,51.19,3.25,20.69,0.26,0.6,0.15,0.405201999523588,0.5915609744043698,0.39207127477243287,0.5763220181826807
2.52,-104.5,88.56,173.57,8.87,0.55,0.07,0.22,0.48,0.04,51.56,2.06,19.06,0.93,0.31,0.13,0.4066592803786512,0.589164014464433,0.3950086084627131,0.5757449026977327
2.53,-104.25,88.5,173.51,8.76,0.11,0.22,0.03,0.46,0.1,51.56,2.06,19.06,1.03,0.1,0.37,0.4078833699374705,0.5887578063019417,0.39570951028783913,0.5748124785656068
2.54,-104.18,88.37,173.39,9.97,0.23,0.34,0.02,0.33,0.16,53.38,2.06,18.56,0.16,0.04,0.12,0.4081633120323185,0.5895173313828156,0.39490934503827413,0.5743854419390635
2.55,-103.93,88.25,173.2,10.87,0.55,0.08,0.02,0.21,0.19,53.38,2.06,18.56,1.06,0.39,0.17,0.4089807361824739,0.5898276041139026,0.39468881589139215,0.5736365517181989
2.56,-103.68,88.06,172.95,10.02,0.24,0.67,0.07,0.44,0.12,53.38,2.06,18.56,0.22,0.11,0.34,0.40978486728524965,0.5906562856744307,0.3938632285266915,0.572776808147665
2.57,-103.5,87.62,172.82,8.89,0.29,0.54,0.01,0.56,0.1,52.56,2.06,17.5,0.89,0.18,0.11,0.4118444910724829,0.5924396527077298,0.39225296436157375,0.5705584851900372
2.58,-103.44,87.06,172.76,7.72,0.38,0.6,0.14,0.51,0.1,52.56,2.06,17.5,2.07,0.3,0.07,0.41411745061534844,0.5949347447447778,0.3898887769902385,0.567931446715505
2.59,-103.44,86.63,172.57,8.57,0.09,0.45,0.16,0.22,0.15,53.38,1.06,15.0,1.21,0.15,0.13,0.4149083916609721,0.5974914934054336,0.38708574330043466,0.5665858886091323
2.6,-103.44,86.44,172.45,9.87,0.04,0.72,0.05,0.09,0.09,53.38,1.06,15.0,0.08,0.08,0.1,0.4150797413896131,0.598737442397087,0.3856547760105551,0.5661207266122443
2.61,-103.37,86.31,172.32999999999998,9.91,0.99,0.66,0.03,0.21,0.06,53.38,1.06,15.0,0.13,0.96,0.01,0.4153762845076207,0.5994611849405183,0.38482116404555694,0.5657044296458853
2.62,-103.37,86.06,172.26,9.26,1.12,0.65,0.1,0.3,0.08,53.75,1.75,15.75,1.04,0.5,0.11,0.4160369621356514,0.6007962537153465,0.3833904902092963,0.564773263952552
2.64,-103.81,85.56,172.32999999999998,8.85,0.86,0.22,0.32,0.17,0.05,34.38,9.88,9.38,0.54,0.55,0.13,0.41606964413038355,0.6043569186194218,0.3794631988431854,0.5636013190844665
2.65,-103.87,85.5,172.39,9.61,0.02,0.77,0.02,0.06,0.04,34.38,9.88,9.38,0.19,0.34,0.33,0.4162870924340632,0.6046396348412346,0.3792294940203207,0.5632947359215634
2.66,-103.87,85.31,172.45,9.32,0.65,0.21,0.21,0.23,0.09,34.38,9.88,9.38,0.73,0.45,0.92,0.4173369387515858,0.6052749247191658,0.37873810918247774,0.5621650911543201
2.67,-104.0,85.06,172.51,8.79,0.0,0.03,0.19,0.24,0.08,32.56,10.06,9.69,1.04,0.25,0.64,0.41793427566695235,0.6066463636914036,0.3773545241821997,0.5611726059974443
2.68,-104.06,84.87,172.64,8.79,0.29,0.48,0.14,0.11,0.06,32.56,10.06,9.69,0.55,0.11,0.27,0.41900256920764445,0.6072696242594728,0.3769414357935844,0.5599782178183567
2.69,-104.18,84.94,172.76,9.53,0.26,0.87,0.29,0.09,0.11,32.56,10.06,9.69,0.23,0.35,0.01,0.41867771302334017,0.6070064411826623,0.37728792472732753,0.5602731252123834
2.7,-104.37,84.94,172.95,9.87,0.4,0.38,0.36,0.01,0.17,33.06,10.06,10.0,0.05,0.14,1.3,0.41860011260556945,0.607074939446903,0.3773655251450982,0.560204626948143
2.71,-104.56,84.94,173.14,9.9,0.41,0.09,0.27,0.01,0.12,33.06,10.06,10.0,0.05,0.04,0.0,0.4185222854660424,0.6071431800022582,0.3774433522846254,0.5601363863927876
2.72,-104.75,84.94,173.26,9.76,0.25,1.23,0.28,0.05,0.06,33.38,10.88,9.5,0.0,0.43,0.39,0.4181020280901222,0.6074416634947896,0.37715041068471544,0.56032391282004
2.74,-105.5,85.31,173.51,9.51,0.41,0.0,0.48,0.23,0.08,33.38,10.88,9.5,0.26,0.18,0.77,0.41391722763187716,0.6076946760191383,0.3763409292585842,0.5636907080769742
2.75,-105.75,85.56,173.51,10.06,0.52,0.14,0.21,0.25,0.03,33.0,10.38,10.38,0.29,0.29,0.57,0.4116262837326357,0.607472872493445,0.3761429272649442,0.565735812896427
2.77,-106.31,86.5,173.45,9.74,0.56,0.44,0.31,0.5,0.04,32.88,10.06,10.38,0.17,0.66,0.54,0.4047310812527474,0.605407119409159,0.37690115326065377,0.5723814220495588
2.78,-106.68,86.81,173.39,9.62,1.2,0.19,0.04,0.28,0.11,32.88,10.06,10.38,0.02,1.23,0.04,0.40127633451591177,0.6054882102910341,0.37599220000505157,0.5753183432599693
2.79,-106.75,87.25,173.26,10.01,1.02,0.74,0.08,0.4,0.1,32.88,10.06,10.38,0.1,0.59,0.69,0.39854731518838515,0.6041384877141877,0.37673630891960597,0.5781405354757401
2.8,-106.68,87.81,173.2,9.81,0.35,1.18,0.12,0.58,0.05,33.25,10.25,12.0,0.24,0.43,0.34,0.3964310339160342,0.6015103752381062,0.37903745435454583,0.5808255435374742
2.81,-106.68,88.31,173.2,9.8,0.45,0.44,0.18,0.41,0.09,33.25,10.25,12.0,0.05,0.77,0.07,0.39447427639219884,0.5991929648774545,0.381051503202359,0.5832303044367972
2.82,-106.75,88.56,173.32,9.95,0.55,0.33,0.19,0.44,0.13,33.19,9.69,13.56,0.22,0.26,0.93,0.3937397305794401,0.5978701967245039,0.38232502890984593,0.5842497964919784
2.83,-106.68,88.62,173.45,9.46,0.03,0.6,0.01,0.34,0.07,33.19,9.69,13.56,0.22,0.34,0.39,0.3945320275552516,0.5969149750386255,0.38359975095041315,0.5838563375339523
2.85,-106.5,88.62,173.45,10.04,0.48,1.08,0.15,0.22,0.07,32.06,9.06,13.5,0.24,0.71,1.11,0.3954691722855862,0.5962945094196106,0.3845163967165108,0.5832530603982549
2.86,-106.68,88.44,173.32999999999998,10.16,0.03,0.21,0.22,0.31,0.11,32.06,9.06,13.5,0.44,0.1,0.42,0.3946263951341432,0.5981553007653037,0.3822528006328675,0.5834064113790053
2.87,-106.62,88.12,173.20999999999998,10.38,0.28,0.31,0.08,0.36,0.13,33.19,7.56,13.19,0.58,0.0,0.16,0.39558367320937554,0.5998346935643377,0.38064421281153615,0.5820840842523021
2.88,-106.44,87.94,173.14,10.14,0.25,2.48,0.14,0.15,0.05,33.19,7.56,13.19,0.01,0.14,1.48,0.39687658800436926,0.6002777049335997,0.38046450685207106,0.5808635036559543
2.89,-106.44,88.06,173.07999999999998,10.12,0.12,0.75,0.07,0.27,0.02,33.19,7.56,13.19,0.32,0.16,0.6,0.3961012223999912,0.5999224760561982,0.38063551960358744,0.5816471830516675
2.9,-106.62,88.0,173.01999999999998,9.6,0.24,0.23,0.33,0.0,0.13,33.06,8.88,15.06,0.45,0.15,0.62,0.39508881683089775,0.6010201732494863,0.37916457958363176,0.5821630353702358
2.91,-106.68,87.81,172.89,9.46,0.58,0.32,0.09,0.16,0.1,33.06,8.88,15.06,0.06,0.08,0.28,0.3948583008986589,0.6025335679247554,0.377408827197412,0.5818958660179349
2.92,-106.68,87.69,172.76999999999998,10.0,0.62,1.56,0.11,0.06,0.09,34.69,7.87,14.69,0.2,0.27,1.38,0.39471939330223904,0.603481113413679,0.3762911245045051,0.5817320138373284
2.93,-106.68,87.81,172.7,9.85,0.66,1.04,0.04,0.55,0.05,34.69,7.87,14.69,0.15,0.15,0.5,0.3938929386913778,0.6031585069367151,0.37640927038601796,0.5825497657079682
2.94,-106.81,87.81,172.64,9.95,0.2,0.74,0.13,0.26,0.06,34.69,7.87,14.69,0.15,0.15,0.76,0.39290312412311446,0.6038016345896662,0.3754320482426621,0.5831822170415205
2.95,-106.87,87.69,172.51999999999998,9.75,0.12,0.8,0.16,0.15,0.1,33.06,8.56,14.25,0.04,0.26,0.84,0.3924468038346389,0.6049521491707422,0.3740071497616239,0.5832127015942492
2.96,-106.87,87.56,172.45,8.9,0.49,1.03,0.1,0.03,0.08,33.06,8.56,14.25,1.2,0.29,1.29,0.39260062485452596,0.6057778375006911,0.37310937051017246,0.5828270400335978
2.97,-106.87,87.62,172.45,8.74,0.71,0.75,0.07,0.38,0.01,34.25,9.0,13.25,1.05,0.31,0.76,0.39236522979236166,0.6055022420641789,0.3733531987993737,0.5831157262941165
2.98,-106.75,87.62,172.45,9.55,0.11,0.96,0.11,0.0,0.01,34.25,9.0,13.25,0.24,0.28,0.92,0.3929990950033128,0.6050910262277384,0.3739636313346268,0.5827244320811158
2.99,-106.68,87.5,172.45,9.91,0.03,0.68,0.16,0.42,0.14,34.25,9.0,13.25,0.12,0.38,0.71,0.3938402462060812,0.6054010874775131,0.3738308118556735,0.5819191592108872
3.0,-106.75,87.25,172.26,10.05,1.14,1.8,0.18,0.2,0.13,34.5,7.69,14.0,0.25,0.69,1.72,0.393486975821962,0.6074030867450725,0.37144992799637516,0.5815964589494438
3.01,-106.75,87.25,172.26,10.16,1.43,0.61,0.02,0.28,0.02,34.5,7.69,14.0,0.37,0.97,0.57,0.393486975821962,0.6074030867450725,0.37144992799637516,0.5815964589494438
3.02,-106.75,87.25,172.2,9.7,0.45,0.28,0.08,0.05,0.01,34.19,7.56,13.88,0.08,0.0,0.31,0.3931823987037353,0.6075974942021801,0.3711318415808405,0.5818024085148001
3.03,-106.68,87.25,172.2,9.49,0.15,0.35,0.18,0.23,0.04,34.19,7.56,13.88,0.29,0.62,0.27,0.3935534855094261,0.6073571993930535,0.371487175180501,0.5815755884364648
3.04,-106.81,87.12,172.14,9.62,0.39,0.95,0.2,0.02,0.11,34.19,7.56,13.88,0.16,0.09,0.86,0.3930698738171961,0.6085903508356013,0.3699771412522234,0.5815761120592605
3.05,-106.87,87.06,172.07,9.59,0.39,0.35,0.07,0.16,0.06,34.56,8.0,13.88,0.19,0.89,0.28,0.3926311631952856,0.6092951810941567,0.369055030073117,0.5817203252088466
3.06,-106.75,87.0,171.95,9.3,0.18,0.33,0.3,0.14,0.16,34.56,8.0,13.88,0.49,0.33,0.25,0.3928959512330008,0.6095431868675124,0.3687799031707387,0.5814561530033823
3.07,-106.93,86.75,171.76,9.83,0.63,0.1,0.42,0.21,0.2,34.56,8.0,13.88,0.42,0.62,0.04,0.39195454007284025,0.6119030935685695,0.36582668432237603,0.5814783569791737
3.08,-107.12,86.44,171.51,10.53,1.64,0.61,0.28,0.3,0.2,33.5,8.0,13.88,0.12,0.38,0.54,0.3908847813947621,0.6147485177832148,0.3622480516052293,0.5814376120148443
3.09,-107.18,86.37,171.45,10.14,0.32,0.22,0.25,0.03,0.06,33.5,8.0,13.88,0.56,0.94,0.01,0.390532494152967,0.6154584423572966,0.3613328691403209,0.5814927638592047
3.1,-107.44,86.31,171.39,10.03,0.51,0.75,0.33,0.04,0.07,33.88,7.06,15.19,0.58,0.33,0.6,0.3890645938336931,0.6168023681720418,0.3594428018558049,0.5822237135641529
3.11,-107.75,86.25,171.32,9.47,1.57,0.58,0.38,0.02,0.09,33.88,7.06,15.19,0.07,1.09,0.15,0.3872720594364414,0.6183424402090736,0.3572424473796209,0.5831387591357347
3.12,-107.81,86.12,171.26,10.19,1.79,0.0,0.0,0.17,0.02,33.88,7.06,15.19,0.41,1.16,0.19,0.38714903818447977,0.6193191935713075,0.356078790769227,0.5828955768157302
3.13,-107.93,86.06,171.2,9.97,0.5,0.33,0.2,0.15,0.04,33.69,6.56,15.06,0.28,1.36,0.1,0.38642819269528084,0.6201812008864113,0.35489703593130956,0.583178037861954
3.14,-108.12,86.0,171.14,9.87,0.2,0.59,0.23,0.04,0.05,33.69,6.56,15.06,0.22,0.99,0.17,0.3853266167059051,0.6212772774013647,0.3533581219780524,0.5836745503059664
3.16,-108.31,86.0,171.2,10.26,1.58,0.11,0.1,0.16,0.03,34.88,6.25,14.5,0.79,0.5,0.38,0.38460183571633433,0.6217307226890222,0.35271545342719496,0.5840583407005333
3.17,-108.06,85.87,171.2,10.33,1.04,0.45,0.21,0.21,0.02,34.88,6.25,14.5,0.55,0.41,0.16,0.38646169694764876,0.6214767165822996,0.353454668957006,0.5826524217154864
3.18,-107.87,85.94,171.26,9.47,1.58,0.95,0.26,0.15,0.05,34.0,7.0,14.25,0.3,0.95,0.67,0.3875244611738871,0.6203339935105248,0.35503336053879,0.5822042952363939
3.19,-107.44,86.06,171.32,10.02,0.38,1.09,0.5,0.08,0.07,34.0,7.0,14.25,0.11,1.04,0.58,0.38968547612733034,0.6181485528042843,0.3580350059350897,0.5812473921545327
3.2,-107.12,86.12,171.32,9.47,0.32,1.21,0.2,0.05,0.02,33.69,6.06,14.75,0.3,0.28,0.98,0.3911751787431108,0.6167884452289375,0.3599051526029442,0.5805361956822475
3.21,-106.93,86.19,171.32,9.65,0.91,1.03,0.19,0.21,0.01,33.69,6.06,14.75,0.12,0.3,0.83,0.391922523578664,0.6158248392635824,0.3611574553436489,0.5802773434379588
3.22,-106.75,86.25,171.26,10.02,0.55,0.43,0.12,0.22,0.06,33.69,6.06,14.75,0.24,0.06,0.58,0.3923495599466749,0.6151289770114611,0.3619955946210435,0.5802045793730355
3.23,-106.37,86.12,171.2,10.46,0.2,0.37,0.32,0.18,0.05,34.38,6.0,13.88,0.68,0.43,0.53,0.39459796962268023,0.6145955431429884,0.36305361365832356,0.5785817438599893
3.24,-106.06,86.06,171.14,9.83,0.12,0.94,0.21,0.11,0.05,34.38,6.0,13.88,0.04,0.76,0.75,0.39619458889369835,0.6139835462983448,0.36404471058577975,0.5775166675523551
3.25,-105.93,86.0,171.07,9.76,0.07,0.57,0.01,0.21,0.08,34.38,5.69,13.88,0.01,0.58,0.41,0.39677654733163714,0.6140226702901909,0.36407270852965096,0.5770577048798261
3.26,-105.87,86.0,171.01,9.71,0.3,0.96,0.02,0.04,0.07,34.38,5.69,13.88,0.06,0.36,1.11,0.39679589317278635,0.6140055364692122,0.36405336268850186,0.5770748387008047
3.27,-105.75,85.87,170.95,9.55,0.2,0.01,0.03,0.43,0.03,34.38,5.69,13.88,0.23,0.47,0.19,0.3976541027913393,0.614355589855401,0.36378804018969946,0.5762783056489068
3.29,-105.56,85.62,170.95,10.17,0.5,0.19,0.28,0.18,0.06,34.69,5.56,14.75,0.4,0.2,0.14,0.39966768652566315,0.6147974296556068,0.3636856850310861,0.5744759205915883
3.3,-105.31,85.62,171.01,10.26,0.58,0.25,0.25,0.2,0.05,34.69,5.56,14.75,0.82,0.09,0.65,0.4013083379923407,0.6137328623030053,0.36525953039495335,0.5734710690547902
3.31,-105.31,85.56,171.07,9.08,0.33,0.44,0.1,0.06,0.01,34.5,6.37,15.88,0.65,0.13,0.66,0.4018474609262879,0.6138053234626311,0.3653264541916361,0.5729731450110005
3.32,-105.62,85.44,170.95,8.52,0.5,1.3,0.29,0.08,0.11,34.5,6.37,15.88,1.11,0.41,0.03,0.40006088563700964,0.615798627843339,0.36262292154830805,0.5738013197068842
3.33,-105.75,85.38,170.89,8.63,0.27,0.03,0.15,0.06,0.09,34.06,5.75,14.69,0.97,0.13,0.73,0.3992993350786083,0.6167053348023298,0.3613950305492117,0.5741325656383394
3.34,-105.56,85.12,170.76,9.49,1.06,0.86,0.17,0.44,0.07,34.06,5.75,14.69,0.2,1.2,1.2,0.4007038751523463,0.6175913350539605,0.3605422673254404,0.5727360830050697
3.35,-104.93,84.62,170.7,10.48,2.31,0.08,0.49,0.75,0.04,34.06,5.75,14.69,0.72,1.59,0.47,0.40578912886676893,0.6177372978337322,0.3612185452138628,0.5685569244606983
3.36,-104.37,84.19,170.7,9.8,2.48,1.35,0.49,0.5,0.07,33.75,6.06,15.56,0.23,0.05,1.35,0.4105215330504986,0.6175935078642375,0.36213259803341175,0.5647214458362512
3.37,-103.93,84.25,170.82,9.02,0.25,1.44,0.47,0.02,0.17,33.75,6.06,15.56,0.94,1.27,0.73,0.41323945907459814,0.6153743386137132,0.3652038797384648,0.5631817637880702
3.38,-103.75,84.37,170.89,8.9,0.11,1.48,0.17,0.03,0.05,33.38,5.69,16.75,0.85,0.8,0.82,0.4140681441885565,0.6139876484495869,0.36698519629887555,0.5629285969082288
3.39,-103.37,84.19,170.89,8.5,2.22,1.73,0.4,0.33,0.02,33.38,5.69,16.75,1.79,2.15,0.62,0.41682584942190254,0.6133781306065663,0.36806439580178063,0.56084942782388
3.4,-102.75,84.06,170.95,8.0,2.81,0.89,0.64,0.18,0.12,33.38,5.69,16.75,1.74,2.13,0.14,0.4209558387465475,0.6114699691963411,0.37084245773443325,0.5580112276089982
3.41,-102.12,84.19,171.01,8.84,0.72,0.25,0.63,0.09,0.14,33.88,5.37,16.0,0.91,0.05,0.48,0.42407468365749046,0.6084027096903023,0.3747976179008242,0.5563573951500643
3.42,-101.68,84.25,171.07,9.83,0.39,1.15,0.34,0.09,0.01,33.88,5.37,16.0,0.62,0.89,0.52,0.42645365278643804,0.6063201376060745,0.37751450347283766,0.5549738484164025
3.43,-101.25,84.19,170.95,10.91,0.49,1.3,0.29,0.11,0.1,32.88,4.75,18.06,1.16,0.19,0.58,0.42839165299667537,0.605363920476975,0.3786938263310824,0.5537202374180006
3.44,-100.62,84.0,170.82,10.67,1.26,0.38,0.56,0.1,0.07,32.88,4.75,18.06,0.91,0.56,0.35,0.43186997946995087,0.6042211126062326,0.3801958111675835,0.5512316328769007
3.45,-99.56,83.87,170.7,10.5,0.03,0.92,0.85,0.11,0.01,32.88,4.75,18.06,0.75,0.68,0.17,0.4374073008613062,0.6011367518802362,0.38405992372563275,0.5475467410915413
3.46,-98.87,83.87,170.64,10.09,0.75,1.2,0.43,0.02,0.04,33.19,4.19,16.56,0.34,1.49,0.46,0.44073348663427797,0.5986948058328174,0.38703650881436413,0.545455098127047
3.47,-98.68,83.81,170.57,9.89,0.05,0.86,0.11,0.2,0.15,33.19,4.19,16.56,0.14,0.81,0.09,0.4416441136286568,0.5984436866765254,0.38730022386730345,0.5448065412295482
3.49,-97.93,83.12,170.57,10.09,1.3,1.04,0.45,0.24,0.03,33.75,3.87,17.37,0.36,0.49,0.17,0.4484525727646614,0.5983109930264328,0.38766903302235944,0.5390982901475283
3.5,-97.31,82.94,171.19,9.62,0.36,1.66,0.37,0.05,0.01,33.75,3.87,17.37,0.1,0.44,0.77,0.4553355163721153,0.5944735846739359,0.39296369652570856,0.5337136478186695
3.51,-96.94,82.81,170.75,9.31,0.44,1.58,0.12,0.05,0.13,33.69,2.06,18.06,0.67,0.17,0.56,0.4557523152069106,0.5950261311934563,0.3917977053556453,0.5335993707441377
3.52,-96.62,82.62,170.19,8.89,1.38,1.07,0.3,0.16,0.15,33.69,2.06,18.06,0.82,0.5,0.15,0.45560987153455135,0.5964103265369354,0.38948529853624636,0.5338684946543547
3.53,-96.06,82.44,169.88,8.94,1.19,1.07,0.43,0.15,0.11,33.69,2.06,18.06,0.55,0.04,0.1,0.45784581401006846,0.5959328357887614,0.38962632245759826,0.5323838790481833
3.54,-95.37,82.19,169.75,9.71,0.41,1.02,0.42,0.18,0.11,32.56,2.5,18.37,0.47,1.27,1.05,0.46189547725932417,0.5945691461830712,0.3909555347094651,0.5294278689061911
3.55,-94.87,82.06,169.25,9.84,0.27,1.98,0.14,0.07,0.11,32.56,2.5,18.37,0.1,1.02,0.57,0.46273923191517186,0.5947506170029192,0.39004518693367496,0.5291586330875442
3.56,-94.62,81.87,169.13,9.92,0.26,1.66,0.06,0.12,0.09,32.56,1.56,18.56,0.09,0.0,0.65,0.4643033006797892,0.5948642993380535,0.3896561526599281,0.5279460133812575
3.57,-94.62,81.81,169.44,9.76,1.06,1.22,0.06,0.1,0.03,32.56,1.56,18.56,0.41,0.13,0.17,0.46598814341819494,0.5940343335101619,0.3909736689206506,0.5264198429158298
3.58,-94.68,81.63,170.44,10.41,1.19,0.77,0.08,0.23,0.03,32.56,1.56,18.56,0.71,0.21,0.26,0.4710216720343251,0.5915321720515138,0.39500387239486384,0.5217281041836536
3.6,-94.81,81.56,171.38,9.96,1.57,1.97,0.03,0.05,0.1,32.88,1.37,20.75,0.06,0.13,0.89,0.47491281500377,0.589080357277879,0.39892097801453813,0.5179808916499583
3.61,-95.0,81.75,171.75,9.7,0.73,1.86,0.02,0.11,0.18,33.19,1.56,20.75,0.01,0.27,0.49,0.47481058706041374,0.5878424470819761,0.4008670109062346,0.5179785742587429
3.62,-95.25,81.87,172.69,9.84,0.74,1.37,0.04,0.07,0.13,33.19,1.56,20.75,0.01,0.15,0.0,0.47726868235208436,0.5851065605878819,0.4051177277694177,0.5155041651139866
3.63,-95.31,81.75,174.13,9.29,0.95,1.2,0.02,0.17,0.09,33.19,1.56,20.75,0.41,0.06,0.13,0.4838963450440412,0.5807016761371255,0.41161302297439306,0.5091214097859494
3.64,-95.56,81.87,175.0,8.94,1.35,1.54,0.14,0.05,0.13,33.0,2.25,20.0,0.15,0.05,0.29,0.48600059169744125,0.5781385185605202,0.41545973241404743,0.5069048125327202
3.65,-96.06,82.0,175.5,9.93,0.59,1.29,0.3,0.06,0.09,33.0,2.25,20.0,0.41,0.29,0.02,0.4851664135088437,0.5779148636012104,0.4163660088000277,0.5072152485362553
3.66,-96.37,82.0,176.31,10.21,0.73,1.17,0.17,0.07,0.05,33.0,2.69,21.56,0.5,0.08,0.09,0.48718236061081605,0.5762773947951753,0.419076238052608,0.5049087228969533
3.67,-96.62,82.06,176.88,9.69,1.19,2.14,0.1,0.1,0.09,33.0,2.69,21.56,0.01,0.38,1.06,0.48819750562105735,0.5750033282566231,0.42110996389431204,0.5036871710775596
3.68,-97.0,82.44,176.25,9.26,0.99,1.28,0.25,0.41,0.13,33.0,2.69,21.56,0.45,0.21,0.26,0.4819982474523815,0.5773378770728922,0.4179686671582141,0.5095692871669024
3.69,-97.5,82.81,175.13,9.47,0.41,1.08,0.29,0.36,0.07,33.19,3.19,19.19,0.25,0.34,0.13,0.472971856590365,0.5819379169245671,0.4117239303802324,0.5178120207867064
3.7,-97.87,83.06,174.94,9.68,0.38,0.53,0.17,0.08,0.09,33.19,3.19,19.19,0.04,0.35,0.38,0.4692264681778759,0.5831003514617251,0.4102028161184685,0.5211085792183883
3.71,-98.25,83.06,176.31,10.14,0.94,0.51,0.21,0.05,0.14,32.75,2.75,20.06,0.4,0.23,0.42,0.4735030585214875,0.5797279946158851,0.41543296782552974,0.5168420987817396
3.72,-98.5,83.12,176.31,9.87,0.72,0.81,0.32,0.01,0.12,32.75,2.75,20.06,0.13,0.04,0.12,0.4720010477623206,0.5805049415545463,0.41456854587182274,0.5180366246856939
3.73,-98.93,83.19,176.5,9.65,0.14,1.09,0.23,0.01,0.06,32.75,2.75,20.06,0.08,0.51,0.15,0.4704063227459529,0.5812881747481088,0.4138928533844686,0.5191480090840235
3.74,-99.25,83.25,176.56,9.55,0.41,1.1,0.06,0.01,0.06,32.75,3.56,20.06,0.17,0.23,0.16,0.4688195074325007,0.5821263416319945,0.4130079342930778,0.5203476126973802
3.75,-99.37,83.31,176.63,9.5,0.98,0.91,0.02,0.01,0.09,32.75,3.56,20.06,0.23,0.35,0.03,0.46829392171382966,0.5821071835488625,0.4130794846775604,0.5207853387771334
3.76,-99.56,83.31,176.75,9.58,0.77,0.74,0.05,0.02,0.09,32.75,3.56,20.06,0.1,0.02,0.24,0.467873933463686,0.5824508532595905,0.41282558982121514,0.5209798636330957
3.78,-99.75,83.31,176.94,9.85,0.4,1.17,0.03,0.03,0.04,33.0,4.37,20.06,0.14,0.0,0.54,0.46777185955272305,0.5825419577083356,0.41292766373217815,0.5208887591843506
3.79,-99.75,83.37,177.0,9.71,0.71,1.3,0.12,0.05,0.07,32.75,4.0,20.5,0.13,0.04,0.15,0.46781243892085256,0.5820661806411985,0.41349156762455486,0.5209368549527662
3.81,-99.68,83.56,177.07,9.69,0.19,1.06,0.0,0.01,0.0,32.75,4.0,20.5,0.08,0.45,0.03,0.46775015219362076,0.5807045932276237,0.4149843241545611,0.5213252163795328
3.82,-99.68,83.5,177.07,9.95,0.16,0.97,0.0,0.06,0.0,33.75,4.25,20.75,0.31,0.29,0.07,0.46798263139355506,0.5809646030599336,0.4147257211886097,0.5210325929248237
3.83,-99.62,83.44,177.07,10.07,0.26,1.05,0.08,0.04,0.04,33.75,4.25,20.75,0.27,0.3,0.31,0.4685192465098566,0.5809792171642687,0.4147396064321779,0.5205227408380079
3.84,-99.56,83.44,177.13,9.94,0.25,1.43,0.06,0.01,0.05,32.69,5.19,20.75,0.14,0.39,0.46,0.4690957493305664,0.58051644201187,0.41531610925288764,0.5200599656856091
3.85,-99.62,83.5,177.19,9.57,0.06,1.21,0.02,0.01,0.03,32.69,5.19,20.75,0.0,0.61,0.04,0.4688318992996302,0.5802845845771408,0.4156063767207188,0.52032469740568
3.86,-99.68,83.44,177.19,9.87,0.03,1.04,0.03,0.1,0.02,32.69,5.19,20.75,0.13,0.51,0.07,0.4687600429374139,0.5807901061727029,0.4150754339795847,0.520249227605264
3.87,-99.81,83.37,177.25,9.83,0.22,0.96,0.09,0.07,0.03,32.75,4.87,19.25,0.09,0.31,0.02,0.4686434722776167,0.5814081583172325,0.41448817029176305,0.5201321043945752
3.88,-99.93,83.31,177.25,9.85,0.26,0.9,0.09,0.04,0.01,32.75,4.87,19.25,0.02,0.4,0.07,0.4682654106864482,0.5821590180869994,0.41368534803610274,0.5202718670415316
3.89,-100.12,83.31,177.31,9.66,0.06,1.2,0.16,0.06,0.02,34.38,4.87,20.5,0.07,0.46,0.19,0.4675722196663401,0.5827183978940751,0.41312730361856126,0.520712318998611
3.91,-100.56,83.06,177.31,9.7,0.74,1.07,0.16,0.13,0.01,34.38,4.87,20.5,0.03,0.22,0.0,0.4662859870509791,0.5855986239449646,0.4100563392346788,0.5210618279696871
3.92,-100.75,82.94,177.75,9.8,0.79,1.18,0.17,0.09,0.02,33.56,5.19,20.5,0.07,0.28,0.1,0.4677686071799509,0.5853199853230667,0.4109297083645486,0.5193551960862245
3.93,-100.81,82.88,178.0,9.79,1.01,1.59,0.07,0.07,0.01,33.56,5.19,20.5,0.06,0.5,0.49,0.4688206598503403,0.5849302225494976,0.4116795061643128,0.5182507191022452
3.94,-100.81,82.81,178.5,9.69,0.94,1.36,0.04,0.1,0.03,33.19,4.37,20.06,0.03,0.43,0.25,0.4713396725119,0.5834359484880468,0.4139318208810524,0.5158506128622166
3.95,-100.81,82.75,178.88,9.67,0.93,1.33,0.11,0.07,0.06,33.19,4.37,20.06,0.05,0.43,0.2,0.47327129987079936,0.5823243993964085,0.4156113279540242,0.5139842358112832
3.96,-100.68,82.69,179.25,9.83,0.61,1.53,0.11,0.05,0.05,33.19,4.37,20.06,0.11,0.1,0.4,0.47581000250533123,0.5807049625975761,0.4178179310534514,0.5116783798643811
3.97,-100.62,82.81,179.0,9.74,0.51,1.54,0.08,0.19,0.04,33.19,5.19,20.75,0.05,0.03,0.11,0.47454971961957465,0.5808382475817242,0.41732491376143355,0.5130978562703093
3.99,-100.43,83.19,179.0,9.99,0.72,1.06,0.11,0.11,0.02,33.19,5.19,20.75,0.13,0.29,0.49,0.4740894412627752,0.5783760088171269,0.4197790588865696,0.5143014056253651
4.0,-100.37,83.5,179.06,9.75,0.49,1.74,0.1,0.33,0.07,33.56,5.5,20.75,0.05,0.0,0.64,0.47349693151269173,0.5765367685238965,0.42165611247533036,0.5153757204217907
4.02,-100.25,84.37,179.06,9.63,0.99,1.07,0.29,0.26,0.05,33.69,4.37,20.06,0.12,0.51,0.26,0.47081008563941473,0.5721741475247696,0.4258464869758756,0.5192392297340556
4.03,-99.93,84.62,179.13,10.02,0.56,0.35,0.38,0.27,0.17,33.69,4.37,20.06,0.25,0.1,0.4,0.471769537376894,0.5694808993054835,0.4286907853393895,0.518988650641328
4.04,-99.68,85.0,179.32,9.88,0.41,0.6,0.34,0.34,0.18,33.69,4.37,20.06,0.01,0.32,0.15,0.4724158274132945,0.5660371792883057,0.43235324175085815,0.5191299182480956
4.05,-99.56,85.5,179.44,9.65,0.32,0.64,0.24,0.39,0.11,32.88,4.75,19.69,0.08,0.73,0.06,0.47163125766554,0.5628424565640794,0.43557275645905374,0.5206233760717965
4.06,-99.43,85.87,179.5,9.63,0.26,0.31,0.23,0.23,0.06,32.88,4.75,19.69,0.13,0.58,0.38,0.4711142483137809,0.5604104215050898,0.4379955514017704,0.5216813409127145
4.07,-99.25,86.12,179.56,9.71,0.07,0.06,0.2,0.18,0.07,33.56,5.5,18.0,0.2,0.4,0.38,0.4712982323168635,0.5583103913423859,0.4401454223829123,0.521957364436483
4.08,-99.25,86.31,179.63,9.62,0.06,0.21,0.04,0.27,0.01,33.56,5.5,18.0,0.21,0.44,0.12,0.4708800280872815,0.5571807581499706,0.44127332671304553,0.5225891818891268
4.09,-99.19,86.56,179.63,9.69,0.12,0.09,0.04,0.26,0.01,33.56,5.5,18.0,0.09,0.51,0.34,0.4701994500115215,0.555799858413951,0.44258111662319344,0.5235656117474312
4.1,-99.31,86.81,179.75,9.89,0.17,0.18,0.01,0.11,0.01,34.69,4.69,18.19,0.17,0.53,0.69,0.46919362817506144,0.5546897295762838,0.4436445646256195,0.5247438836810352
4.11,-99.37,86.87,179.75,10.1,0.11,0.44,0.1,0.04,0.0,34.69,4.69,18.19,0.32,0.2,0.71,0.4686696512776499,0.5546614437204835,0.44361640192166785,0.5252655792713512
4.12,-99.62,87.0,179.81,10.0,0.15,0.15,0.18,0.18,0.02,34.75,4.25,17.0,0.2,0.2,0.51,0.46722924040175084,0.5548555407983685,0.4432926075688394,0.5266154477735834
4.13,-99.81,87.25,179.88,9.77,0.33,0.52,0.09,0.29,0.07,34.75,4.25,17.0,0.02,0.01,0.21,0.46566107217563807,0.5542100481830161,0.4437775510660674,0.5282731050536438
4.14,-100.06,87.5,179.94,9.81,0.51,0.35,0.16,0.22,0.09,34.75,4.25,17.0,0.01,0.17,0.09,0.46375924946449876,0.5538384604379613,0.44392866916172996,0.5302052951189086
4.15,-100.37,87.62,180.06,9.87,0.47,0.27,0.17,0.15,0.07,35.69,4.87,17.0,0.07,0.15,0.04,0.4623518778318077,0.5540705509616389,0.4435575841046381,0.5315009268154892
4.16,-100.56,87.88,180.13,9.45,0.46,0.64,0.07,0.22,0.08,35.69,4.87,17.0,0.34,0.15,0.45,0.4607540987306075,0.5533551136788722,0.4440583728651506,0.5332128469539558
4.17,-100.62,88.06,180.25,9.69,0.42,0.07,0.03,0.18,0.1,35.75,5.19,15.56,0.1,0.13,0.07,0.4603279019316486,0.5522902503585779,0.44507856811856444,0.5338340287613693
4.18,-100.68,88.12,180.32,9.88,0.41,0.06,0.04,0.02,0.09,35.75,5.19,15.56,0.07,0.14,0.08,0.4601333000840176,0.5519784792382899,0.445375852080063,0.5340762632766355
4.19,-100.87,88.19,180.38,9.91,0.17,0.68,0.08,0.01,0.07,35.75,5.19,15.56,0.11,0.07,0.53,0.4592278766356685,0.5521793301913566,0.4450574977460121,0.534912673555393
4.2,-101.0,88.25,180.44,9.84,0.12,0.79,0.0,0.05,0.05,36.56,5.06,15.19,0.01,0.11,0.62,0.4586507348362008,0.5521850322104748,0.44497775418064067,0.5354680120430009
4.21,-101.0,88.31,180.5,10.01,0.47,0.49,0.11,0.04,0.01,36.56,5.06,15.19,0.21,0.23,0.35,0.4587003691473561,0.5516695601803278,0.4455045965480806,0.5355187411931118
4.22,-100.87,88.31,180.5,10.12,0.52,0.41,0.1,0.12,0.02,36.56,5.5,15.75,0.52,0.16,0.42,0.45932592310101394,0.5511488262283414,0.44611183647426983,0.5350129877601828
4.23,-100.81,88.19,180.5,9.88,0.08,0.84,0.02,0.1,0.02,36.56,5.5,15.75,0.22,0.35,0.65,0.4600765971680244,0.5514721444512451,0.445915261020673,0.5341980705894599
4.24,-100.81,88.12,180.5,9.47,0.19,0.74,0.03,0.06,0.02,36.56,5.5,15.75,0.32,0.33,0.52,0.4603459553181584,0.5518008046918176,0.44563699141064955,0.5338587315480936
4.25,-100.75,88.12,180.44,9.44,0.19,0.01,0.03,0.02,0.04,36.06,5.06,17.0,0.3,0.08,0.3,0.4603553457314256,0.5517930981788122,0.4456276009973825,0.533866438061099
4.26,-100.62,87.88,180.32,9.62,0.36,0.78,0.05,0.39,0.13,36.06,5.06,17.0,0.07,0.03,0.56,0.4613481519444408,0.552859713819045,0.4446964093861366,0.5326810706346252
4.28,-100.12,87.06,180.06,9.96,0.1,0.45,0.09,0.35,0.12,36.69,4.69,16.5,0.03,0.21,0.23,0.46572448823636503,0.5556489626217747,0.4424481182564592,0.5278206078258408
4.29,-99.93,86.81,179.94,9.55,0.15,0.7,0.04,0.23,0.07,36.69,4.69,16.5,0.11,0.22,0.23,0.46705899932450157,0.5564885421752208,0.441722246998846,0.5263628502126487
