0.01,-110.69,82.31,177.69,0.01,0.01,0.01,0.01,0.06,0.12,0.42,0.63,0.36,0.55,-98.5,80.87,149.19,0.05,0.02,0.01,0.05,0.06,0.1,0.35,0.67,0.25,0.61,-164.69,5.0,10.81,0.01,0.02,0.02,0.12,0.04,0.02,-0.03,0.1,-0.99,0.14,-127.19,3.06,10.81,0.08,0.01,0.01,0.08,0.01,0.01,0.02,0.1,-0.89,0.44
0.02,-110.75,82.31,177.75,0.01,0.01,0.01,0.02,0.04,0.14,0.42,0.63,0.36,0.55,-98.56,80.81,149.31,0.06,0.01,0.01,0.11,0.08,0.14,0.35,0.67,0.26,0.61,-164.69,4.94,10.81,0.01,0.02,0.03,0.12,0.18,0.05,-0.03,0.1,-0.99,0.14,-127.25,3.06,10.81,0.01,0.02,0.03,0.04,0.06,0.02,0.02,0.1,-0.89,0.44
0.03,-110.75,82.31,177.75,0.03,0.01,0.01,0.04,0.03,0.17,0.42,0.63,0.36,0.55,-98.56,80.81,149.38,0.05,0.02,0.02,0.06,0.07,0.01,0.35,0.67,0.26,0.6,-164.75,4.94,10.81,0.01,0.02,0.03,0.05,0.13,0.03,-0.03,0.1,-0.99,0.14,-127.25,3.06,10.81,0.02,0.01,0.05,0.03,0.07,0.03,0.02,0.1,-0.89,0.44
0.04,-110.75,82.31,177.81,0.01,0.01,0.01,0.06,0.03,0.11,0.42,0.63,0.36,0.55,-98.62,80.81,149.44,0.08,0.06,0.02,0.03,0.08,0.05,0.35,0.67,0.26,0.6,-164.75,4.94,10.81,0.01,0.02,0.02,0.09,0.09,0.01,-0.03,0.1,-0.99,0.14,-127.31,3.06,10.75,0.02,0.01,0.03,0.04,0.06,0.04,0.02,0.1,-0.89,0.44
0.05,-110.75,82.25,177.81,0.01,0.01,0.01,0.03,0.03,0.18,0.42,0.63,0.36,0.55,-98.75,80.69,149.69,0.13,0.06,0.04,0.1,0.08,0.05,0.35,0.67,0.26,0.6,-164.81,4.94,10.81,0.01,0.02,0.01,0.08,0.05,0.05,-0.03,0.1,-0.99,0.14,-127.31,3.06,10.75,0.01,0.01,0.02,0.04,0.06,0.07,0.02,0.1,-0.89,0.44
0.06,-110.81,82.25,177.81,0.02,0.01,0.01,0.03,0.03,0.15,0.42,0.63,0.36,0.55,-98.81,80.62,149.75,0.14,0.15,0.08,1.16,0.14,0.9,0.35,0.67,0.26,0.6,-164.81,4.94,10.81,0.01,0.02,0.01,0.05,0.03,0.03,-0.03,0.1,-0.99,0.14,-127.31,3.06,10.75,0.01,0.01,0.01,0.04,0.05,0.1,0.02,0.1,-0.89,0.44
0.07,-110.81,82.25,177.81,0.02,0.01,0.01,0.04,0.02,0.15,0.42,0.63,0.36,0.55,-98.87,80.31,150.12,0.13,0.29,0.08,0.28,0.03,0.42,0.35,0.67,0.26,0.6,-164.81,4.87,10.81,0.03,0.01,0.01,0.07,0.08,0.07,-0.03,0.1,-0.99,0.14,-127.31,3.06,10.75,0.01,0.01,0.01,0.05,0.04,0.09,0.02,0.1,-0.89,0.44
0.08,-110.81,82.25,177.81,0.02,0.02,0.01,0.11,0.03,0.15,0.42,0.63,0.36,0.55,-98.94,79.87,151.37,0.15,0.34,0.03,0.82,0.07,0.62,0.36,0.67,0.26,0.6,-164.81,4.87,10.75,0.03,0.01,0.01,0.1,0.07,0.06,-0.03,0.1,-0.99,0.14,-127.31,3.06,10.75,0.02,0.01,0.01,0.03,0.06,0.06,0.02,0.1,-0.89,0.44
0.09,-110.81,82.25,177.87,0.02,0.03,0.01,0.04,0.08,0.24,0.42,0.63,0.36,0.55,-99.13,79.62,152.12,0.22,0.16,0.05,0.46,0.02,0.08,0.37,0.67,0.26,0.59,-164.75,4.87,10.75,0.03,0.01,0.02,0.11,0.05,0.06,-0.03,0.1,-0.99,0.14,-127.31,3.06,10.75,0.01,0.01,0.01,0.03,0.1,0.07,0.02,0.1,-0.89,0.44
0.1,-110.88,82.31,177.94,0.04,0.03,0.01,0.06,0.14,0.47,0.42,0.63,0.36,0.55,-99.44,79.5,152.0,0.31,0.06,0.1,0.73,0.3,0.76,0.36,0.67,0.26,0.59,-164.75,4.87,10.69,0.02,0.02,0.02,0.11,0.04,0.03,-0.03,0.1,-0.99,0.14,-127.31,3.06,10.69,0.02,0.01,0.01,0.04,0.02,0.08,0.02,0.1,-0.89,0.44
0.11,-110.94,82.31,178.06,0.09,0.03,0.01,0.24,0.35,2.88,0.42,0.63,0.36,0.55,-99.56,79.12,152.81,0.05,0.62,0.02,0.59,0.2,0.44,0.37,0.67,0.26,0.59,-164.81,4.87,10.69,0.02,0.02,0.02,0.13,0.16,0.09,-0.03,0.1,-0.99,0.14,-127.31,3.06,10.69,0.02,0.01,0.02,0.05,0.07,0.02,0.02,0.1,-0.89,0.44
0.12,-111.06,82.25,178.25,0.04,0.09,0.03,0.22,0.06,1.56,0.42,0.63,0.36,0.55,-99.31,78.5,154.5,0.03,0.72,0.02,0.78,0.12,0.27,0.38,0.67,0.27,0.58,-164.81,4.87,10.63,0.03,0.02,0.01,0.11,0.13,0.05,-0.03,0.1,-0.99,0.14,-127.38,3.06,10.69,0.02,0.01,0.02,0.04,0.11,0.05,0.02,0.1,-0.89,0.44
0.13,-111.19,82.06,178.81,0.11,0.17,0.06,0.31,0.04,0.4,0.42,0.63,0.36,0.55,-99.31,77.69,156.31,0.05,0.8,0.02,1.1,0.3,0.1,0.4,0.66,0.28,0.57,-164.81,4.87,10.63,0.03,0.02,0.01,0.08,0.08,0.03,-0.03,0.1,-0.99,0.14,-127.38,3.06,10.63,0.02,0.02,0.01,0.05,0.12,0.01,0.02,0.09,-0.89,0.44
0.14,-111.44,81.94,179.5,0.16,0.04,0.04,1.36,0.16,1.02,0.42,0.63,0.37,0.54,-99.31,76.81,158.19,0.06,0.93,0.05,1.33,0.43,0.25,0.41,0.66,0.28,0.56,-164.81,4.87,10.56,0.03,0.01,0.01,0.1,0.12,0.03,-0.03,0.1,-0.99,0.14,-127.38,3.0,10.63,0.02,0.02,0.02,0.06,0.1,0.02,0.02,0.09,-0.89,0.44
0.15,-111.69,81.94,179.81,0.27,0.2,0.02,0.45,0.3,1.48,0.42,0.63,0.37,0.54,-99.37,75.69,160.31,0.05,1.12,0.09,1.81,0.43,0.24,0.42,0.66,0.29,0.55,-164.81,4.87,10.56,0.02,0.01,0.01,0.13,0.17,0.02,-0.03,0.1,-0.99,0.14,-127.38,3.0,10.63,0.02,0.03,0.02,0.04,0.07,0.03,0.02,0.09,-0.89,0.44
0.16,-112.06,82.19,179.94,0.26,0.1,0.05,0.65,0.04,1.58,0.42,0.63,0.37,0.55,-99.44,74.44,162.56,0.04,1.31,0.12,1.48,0.1,0.02,0.44,0.66,0.29,0.53,-164.81,4.87,10.5,0.02,0.01,0.01,0.12,0.12,0.01,-0.03,0.1,-0.99,0.14,-127.38,2.94,10.56,0.01,0.01,0.03,0.06,0.05,0.01,0.02,0.09,-0.89,0.44
0.17,-112.25,82.19,179.69,0.15,0.1,0.07,0.73,0.13,1.58,0.42,0.63,0.36,0.55,-99.37,73.0,164.5,0.04,1.36,0.12,1.5,0.03,0.23,0.45,0.66,0.3,0.52,-164.81,4.87,10.5,0.02,0.01,0.01,0.02,0.08,0.03,-0.03,0.1,-0.99,0.14,-127.44,2.94,10.56,0.01,0.01,0.01,0.07,0.03,0.06,0.02,0.09,-0.89,0.44
0.18,-112.06,82.12,179.0,0.11,0.1,0.08,0.86,0.08,1.72,0.42,0.63,0.36,0.55,-99.31,71.5,166.06,0.01,1.46,0.09,2.07,0.17,0.17,0.47,0.66,0.3,0.51,-164.81,4.87,10.5,0.03,0.01,0.01,0.08,0.04,0.05,-0.03,0.1,-0.99,0.14,-127.44,2.94,10.56,0.01,0.01,0.01,0.07,0.07,0.08,0.02,0.09,-0.89,0.44
0.19,-111.75,81.94,178.31,0.19,0.21,0.03,1.01,0.12,1.61,0.42,0.63,0.36,0.55,-99.19,69.87,167.44,0.02,1.56,0.07,2.4,0.35,0.35,0.48,0.66,0.3,0.49,-164.81,4.87,10.44,0.03,0.01,0.01,0.04,0.07,0.08,-0.03,0.1,-0.99,0.14,-127.44,2.94,10.56,0.01,0.01,0.02,0.08,0.18,0.02,0.02,0.09,-0.89,0.44
0.2,-111.5,81.69,178.06,0.17,0.32,0.01,1.2,0.41,1.24,0.42,0.63,0.36,0.55,-99.19,69.0,168.06,0.14,1.73,0.07,1.69,0.23,0.17,0.49,0.66,0.3,0.48,-164.81,4.87,10.44,0.03,0.01,0.03,0.04,0.16,0.02,-0.03,0.1,-0.99,0.14,-127.44,2.94,10.56,0.03,0.02,0.02,0.26,0.5,0.25,0.02,0.09,-0.89,0.44
0.21,-111.25,81.19,177.94,0.31,0.48,0.01,1.2,0.17,1.12,0.42,0.63,0.36,0.54,-99.31,67.12,169.37,0.24,1.73,0.05,1.62,0.13,0.13,0.5,0.67,0.3,0.47,-164.88,4.87,10.38,0.03,0.04,0.06,0.24,0.26,0.13,-0.03,0.1,-0.99,0.13,-127.38,2.94,10.63,0.08,0.02,0.14,0.54,0.6,0.29,0.02,0.09,-0.89,0.44
0.22,-110.88,80.62,178.0,0.3,0.56,0.05,1.05,0.06,1.09,0.42,0.63,0.36,0.54,-99.56,65.19,170.56,0.28,1.79,0.08,2.55,0.01,0.45,0.51,0.67,0.29,0.45,-164.94,4.81,10.31,0.04,0.12,0.11,0.55,0.39,0.3,-0.03,0.09,-0.99,0.13,-127.19,3.0,10.75,0.18,0.02,0.27,1.07,0.77,0.41,0.02,0.1,-0.89,0.44
0.23,-110.63,79.62,178.62,0.25,0.7,0.11,0.64,0.16,0.94,0.43,0.64,0.36,0.53,-99.87,63.19,171.69,0.29,2.1,0.11,2.74,0.11,1.17,0.52,0.67,0.29,0.44,-165.06,4.69,10.25,0.07,0.13,0.09,0.67,0.52,0.37,-0.03,0.09,-0.99,0.13,-126.81,3.0,10.94,0.24,0.02,0.41,1.39,0.84,0.49,0.02,0.1,-0.89,0.45
0.24,-110.44,78.81,179.19,0.24,0.79,0.13,1.14,0.43,0.78,0.44,0.64,0.36,0.52,-100.34,60.78,172.84,0.35,2.16,0.1,2.08,0.34,0.88,0.53,0.68,0.28,0.42,-165.12,4.5,10.13,0.17,0.16,0.05,0.83,1.81,0.49,-0.03,0.09,-0.99,0.13,-126.31,3.12,11.19,0.21,0.03,0.5,1.7,1.11,0.11,0.02,0.1,-0.89,0.45
0.25,-110.44,77.87,179.94,0.15,0.87,0.17,1.51,0.45,0.64,0.44,0.64,0.36,0.52,-100.81,58.38,174.0,0.41,2.21,0.08,1.42,0.57,0.59,0.54,0.69,0.28,0.4,-165.19,4.37,9.94,0.26,0.01,0.12,0.42,2.41,0.15,-0.03,0.09,-0.99,0.13,-125.75,3.19,11.38,0.16,0.05,0.51,1.95,0.92,0.29,0.02,0.1,-0.88,0.46
0.26,-110.25,76.75,179.56,0.25,1.03,0.13,2.42,0.39,0.29,0.45,0.64,0.35,0.51,-101.56,56.19,174.94,0.38,1.85,0.07,1.51,0.35,0.01,0.54,0.7,0.27,0.39,-164.94,4.44,9.63,0.27,0.09,0.3,0.5,1.95,0.48,-0.03,0.09,-0.99,0.13,-125.19,3.25,11.5,0.14,0.04,0.46,1.94,0.64,0.86,0.02,0.1,-0.88,0.46
0.27,-110.06,75.25,179.38,0.22,1.45,0.12,2.3,0.43,0.01,0.45,0.65,0.35,0.5,-102.12,54.06,175.69,0.34,1.91,0.08,1.52,0.18,1.08,0.55,0.7,0.26,0.37,-164.56,4.44,9.38,0.24,0.12,0.42,0.61,1.45,0.82,-0.03,0.09,-0.99,0.14,-124.69,3.37,11.63,0.13,0.03,0.43,1.83,0.61,1.11,0.02,0.1,-0.88,0.46
0.28,-110.19,73.44,178.87,0.01,1.69,0.17,1.68,0.61,0.13,0.45,0.66,0.34,0.49,-102.75,51.69,176.44,0.35,2.23,0.11,0.28,0.09,0.5,0.55,0.71,0.25,0.36,-164.06,4.5,9.13,0.21,0.09,0.43,0.84,1.15,1.16,-0.03,0.08,-0.99,0.14,-124.25,3.5,11.75,0.15,0.05,0.37,1.8,0.26,1.47,0.02,0.1,-0.88,0.47
0.29,-110.5,71.5,178.31,0.08,1.71,0.18,1.07,0.31,0.12,0.46,0.67,0.32,0.49,-103.38,49.38,177.06,0.3,2.03,0.11,0.75,0.07,1.27,0.55,0.72,0.24,0.34,-163.62,4.5,9.0,0.1,0.01,0.35,0.85,0.95,1.47,-0.03,0.08,-0.99,0.14,-123.87,3.62,11.94,0.2,0.12,0.28,1.68,0.06,1.84,0.02,0.11,-0.88,0.47
0.3,-110.88,69.69,177.81,0.05,1.62,0.21,0.4,0.1,0.12,0.46,0.68,0.31,0.48,-103.94,47.5,177.56,0.23,1.59,0.1,0.32,0.17,0.8,0.56,0.73,0.23,0.33,-163.25,4.44,8.94,0.03,0.01,0.28,0.72,0.93,1.89,-0.03,0.08,-0.99,0.15,-123.62,3.87,12.13,0.19,0.15,0.19,1.48,0.25,2.06,0.02,0.11,-0.87,0.47
0.31,-111.44,68.06,177.12,0.22,1.39,0.23,0.58,0.39,0.1,0.46,0.69,0.3,0.47,-104.56,45.69,178.06,0.27,1.67,0.15,0.24,0.06,0.53,0.56,0.73,0.23,0.32,-162.94,4.37,8.94,0.02,0.01,0.23,0.55,1.05,2.1,-0.03,0.08,-0.98,0.15,-123.56,4.06,12.37,0.19,0.2,0.07,1.11,0.11,2.2,0.02,0.11,-0.87,0.47
0.32,-112.37,66.56,176.31,0.37,1.39,0.25,0.62,0.44,1.21,0.45,0.7,0.28,0.47,-108.19,43.63,178.69,0.36,1.92,0.17,0.72,0.49,0.55,0.54,0.75,0.21,0.31,-162.69,4.31,9.0,0.04,0.01,0.24,0.46,0.83,2.37,-0.03,0.08,-0.98,0.15,-123.44,4.37,12.56,0.18,0.25,0.15,1.06,0.15,2.3,0.02,0.11,-0.87,0.47
0.33,-112.81,65.81,175.94,0.07,1.1,0.23,1.46,0.04,1.66,0.45,0.71,0.28,0.47,-108.16,41.84,179.16,0.32,1.63,0.13,0.52,0.34,0.33,0.55,0.76,0.2,0.29,-162.44,4.25,9.06,0.05,0.01,0.28,0.18,0.63,2.67,-0.02,0.08,-0.98,0.15,-123.38,4.75,12.69,0.15,0.34,0.08,0.71,0.32,2.59,0.02,0.12,-0.87,0.47
0.34,-113.06,64.69,175.62,0.1,0.92,0.09,0.09,0.07,1.23,0.45,0.72,0.27,0.46,-108.12,40.06,179.63,0.27,1.34,0.09,0.32,0.2,0.11,0.55,0.76,0.2,0.28,-162.12,4.19,9.13,0.04,0.02,0.27,0.15,0.63,2.49,-0.02,0.08,-0.98,0.16,-123.44,5.12,12.81,0.09,0.39,0.03,0.37,0.1,2.31,0.01,0.12,-0.87,0.47
0.35,-113.0,63.63,175.75,0.19,1.08,0.03,0.42,0.28,1.25,0.45,0.72,0.26,0.46,-108.06,38.63,179.94,0.13,1.28,0.09,0.89,0.29,0.27,0.55,0.76,0.19,0.27,-161.81,4.19,9.19,0.07,0.02,0.28,0.19,0.41,2.23,-0.02,0.08,-0.98,0.16,-123.44,5.56,12.94,0.04,0.36,0.06,0.16,0.1,2.28,0.01,0.12,-0.87,0.48
0.36,-112.75,62.38,176.06,0.18,1.18,0.1,0.05,0.27,0.77,0.46,0.72,0.26,0.45,-107.94,37.25,179.94,0.16,1.25,0.13,1.43,0.68,1.2,0.56,0.77,0.19,0.26,-161.5,4.06,9.31,0.11,0.04,0.26,0.22,0.09,2.26,-0.02,0.09,-0.98,0.16,-123.56,5.94,12.94,0.03,0.38,0.09,0.19,0.64,2.78,0.01,0.12,-0.87,0.47
0.37,-112.75,61.06,176.12,0.05,1.21,0.18,0.11,0.04,0.62,0.46,0.73,0.26,0.44,-107.69,36.0,179.81,0.15,1.08,0.17,0.33,0.2,1.14,0.56,0.77,0.18,0.25,-161.4,4.0,9.5,0.13,0.06,0.14,0.22,0.3,2.63,-0.02,0.09,-0.98,0.16,-123.75,6.31,13.0,0.03,0.37,0.15,0.42,0.96,3.04,0.01,0.13,-0.87,0.47
0.38,-113.31,59.69,175.75,0.37,1.3,0.24,0.02,0.14,1.52,0.46,0.73,0.25,0.43,-107.37,35.44,179.87,0.01,0.97,0.19,0.15,0.57,0.66,0.56,0.77,0.18,0.25,-161.31,3.94,9.69,0.15,0.08,0.01,0.23,0.51,3.0,-0.02,0.09,-0.98,0.16,-124.0,6.62,13.06,0.03,0.35,0.21,0.47,1.07,3.1,0.0,0.13,-0.87,0.47
0.39,-114.37,58.19,175.12,0.19,1.23,0.23,0.5,0.1,1.13,0.46,0.74,0.23,0.43,-107.19,34.31,179.87,0.02,1.23,0.12,0.63,0.55,0.55,0.57,0.77,0.17,0.24,-161.37,3.81,9.88,0.13,0.07,0.05,0.04,0.64,3.29,-0.02,0.09,-0.98,0.16,-124.38,6.94,13.13,0.02,0.34,0.26,0.73,0.44,2.99,0.0,0.13,-0.87,0.47
0.4,-115.06,57.13,174.75,0.1,1.12,0.22,1.11,0.06,0.87,0.45,0.75,0.22,0.42,-107.0,32.88,179.81,0.15,1.08,0.18,1.26,0.53,0.71,0.57,0.77,0.17,0.23,-161.5,3.75,10.0,0.13,0.09,0.12,0.05,0.45,2.96,-0.02,0.09,-0.98,0.16,-124.69,7.19,13.19,0.04,0.29,0.23,0.69,0.41,2.74,-0.0,0.13,-0.87,0.47
0.41,-115.62,56.0,174.44,0.03,1.0,0.23,1.4,0.37,0.38,0.45,0.76,0.21,0.42,-106.87,31.69,179.87,0.12,0.93,0.17,0.99,0.31,0.28,0.57,0.77,0.16,0.22,-161.62,3.69,10.13,0.15,0.07,0.08,0.31,0.3,2.42,-0.02,0.09,-0.98,0.16,-124.87,7.44,13.19,0.06,0.28,0.15,0.72,0.84,1.79,-0.0,0.13,-0.88,0.47
0.42,-115.75,54.75,174.5,0.2,1.19,0.01,1.74,0.22,0.39,0.45,0.76,0.21,0.41,-106.63,30.75,179.87,0.04,0.8,0.12,0.99,0.08,0.14,0.58,0.77,0.16,0.21,-161.62,3.56,10.31,0.21,0.07,0.04,0.23,0.81,1.66,-0.02,0.09,-0.98,0.16,-125.06,7.81,13.13,0.13,0.34,0.09,0.54,0.62,0.92,-0.01,0.13,-0.88,0.46
0.43,-115.37,53.5,175.0,0.3,1.11,0.04,0.92,0.42,0.33,0.46,0.76,0.21,0.4,-106.44,29.94,179.84,0.04,0.64,0.14,0.72,0.16,0.54,0.58,0.77,0.15,0.21,-161.56,3.5,10.63,0.28,0.11,0.07,0.28,1.06,0.72,-0.02,0.1,-0.98,0.16,-125.12,8.13,12.94,0.14,0.29,0.01,1.18,0.36,0.07,-0.01,0.13,-0.88,0.46
0.44,-114.62,52.5,175.5,0.29,0.75,0.07,0.07,0.68,0.17,0.47,0.76,0.21,0.39,-106.25,29.12,179.81,0.05,0.49,0.16,0.46,0.25,0.95,0.58,0.77,0.15,0.2,-161.56,3.25,11.0,0.3,0.2,0.12,0.04,1.23,0.36,-0.01,0.1,-0.98,0.16,-125.25,8.31,12.94,0.12,0.15,0.16,1.15,0.81,0.71,-0.01,0.13,-0.88,0.46
0.45,-114.31,51.63,175.75,0.18,0.79,0.09,0.16,0.2,0.3,0.47,0.76,0.21,0.38,-106.06,28.56,179.63,0.08,0.46,0.19,0.04,0.34,1.09,0.58,0.77,0.15,0.2,-161.75,3.06,11.31,0.31,0.24,0.18,0.71,1.15,0.61,-0.01,0.1,-0.98,0.16,-125.69,8.38,13.06,0.09,0.21,0.44,1.05,0.46,1.0,-0.01,0.13,-0.88,0.46
0.46,-114.31,50.63,175.81,0.06,0.85,0.1,0.62,0.51,0.26,0.48,0.77,0.2,0.38,-105.88,27.96,179.44,0.08,0.53,0.2,0.37,0.3,0.75,0.58,0.78,0.14,0.2,-162.12,2.87,11.63,0.27,0.21,0.34,0.94,0.9,0.61,-0.01,0.1,-0.98,0.16,-126.04,8.47,13.18,0.09,0.2,0.3,1.08,0.47,0.75,-0.01,0.14,-0.88,0.46
0.47,-114.75,49.75,175.69,0.1,0.73,0.15,1.29,1.19,0.4,0.48,0.77,0.2,0.37,-105.69,27.37,179.25,0.08,0.6,0.2,0.7,0.26,0.4,0.59,0.78,0.14,0.19,-162.53,2.81,11.82,0.22,0.16,0.31,0.67,0.62,0.48,-0.01,0.11,-0.98,0.15,-126.38,8.56,13.31,0.09,0.2,0.16,1.1,0.48,0.5,-0.01,0.14,-0.88,0.45
0.48,-115.31,48.94,175.44,0.07,0.71,0.14,0.96,0.81,0.28,0.47,0.78,0.19,0.37,-105.5,26.69,179.0,0.16,0.55,0.19,0.78,0.19,0.77,0.59,0.78,0.13,0.19,-162.94,2.75,12.0,0.17,0.1,0.27,0.4,0.34,0.34,-0.01,0.11,-0.98,0.15,-126.44,8.81,13.44,0.13,0.21,0.16,0.96,0.57,0.37,-0.02,0.14,-0.88,0.45
0.49,-115.81,48.13,175.25,0.08,0.73,0.13,0.57,0.11,0.07,0.47,0.78,0.18,0.37,-105.37,26.19,178.69,0.22,0.4,0.15,0.47,0.34,0.92,0.59,0.78,0.13,0.19,-163.06,2.69,12.13,0.11,0.05,0.08,0.53,0.38,0.12,-0.01,0.11,-0.98,0.15,-126.34,9.06,13.62,0.21,0.23,0.22,1.14,0.3,0.87,-0.02,0.14,-0.88,0.46
0.5,-116.12,47.31,175.12,0.01,0.68,0.13,0.56,0.5,0.02,0.47,0.79,0.18,0.36,-105.31,25.75,178.44,0.15,0.4,0.08,0.38,0.26,0.69,0.59,0.78,0.12,0.19,-163.06,2.69,12.25,0.08,0.04,0.07,0.83,1.83,1.04,-0.01,0.11,-0.98,0.15,-126.25,9.31,13.81,0.29,0.25,0.27,1.32,0.02,1.37,-0.02,0.14,-0.88,0.46
0.51,-116.44,46.56,175.06,0.1,0.63,0.13,0.16,0.56,0.64,0.47,0.79,0.17,0.36,-105.19,25.37,178.19,0.22,0.37,0.08,0.14,0.11,0.49,0.59,0.78,0.12,0.18,-163.0,2.69,12.31,0.05,0.03,0.14,0.88,1.66,1.22,-0.01,0.11,-0.98,0.15,-126.56,9.5,14.25,0.38,0.27,0.3,1.34,0.36,1.18,-0.02,0.15,-0.88,0.45
0.52,-117.06,45.88,174.81,0.19,0.67,0.07,0.27,0.3,0.7,0.47,0.79,0.17,0.35,-105.19,25.0,177.87,0.28,0.28,0.08,0.45,0.27,0.72,0.59,0.78,0.12,0.18,-163.19,2.62,12.31,0.02,0.06,0.2,1.01,0.27,0.96,-0.01,0.11,-0.98,0.15,-126.81,9.75,14.69,0.31,0.29,0.05,1.08,0.02,1.04,-0.02,0.15,-0.88,0.45
0.53,-117.75,45.12,174.62,0.16,0.61,0.04,0.4,0.47,0.11,0.46,0.8,0.16,0.35,-105.06,24.63,177.5,0.3,0.38,0.07,0.45,0.61,0.53,0.59,0.78,0.11,0.18,-163.5,2.69,12.19,0.14,0.06,0.26,1.03,0.49,0.88,-0.01,0.11,-0.98,0.15,-126.75,10.13,15.0,0.27,0.27,0.13,0.6,0.65,1.85,-0.02,0.16,-0.88,0.45
0.54,-117.75,44.63,174.44,0.24,0.38,0.1,0.31,0.56,0.11,0.46,0.8,0.16,0.35,-105.06,24.06,177.25,0.16,0.53,0.08,0.05,0.81,0.65,0.59,0.78,0.11,0.18,-163.69,2.81,11.88,0.25,0.07,0.19,0.74,0.71,1.42,-0.01,0.11,-0.98,0.14,-126.75,10.38,15.31,0.34,0.33,0.27,0.65,0.82,1.9,-0.02,0.16,-0.88,0.45
0.55,-117.75,44.19,174.06,0.25,0.38,0.13,0.23,0.18,0.39,0.46,0.8,0.15,0.35,-105.0,23.5,177.19,0.04,0.45,0.06,0.42,0.29,0.37,0.59,0.78,0.1,0.18,-163.94,2.87,11.63,0.27,0.04,0.22,0.73,1.83,1.35,-0.01,0.1,-0.98,0.14,-127.19,10.63,15.88,0.44,0.37,0.55,0.77,0.68,1.82,-0.02,0.16,-0.88,0.45
0.56,-118.0,43.75,173.75,0.14,0.41,0.15,0.46,0.42,0.53,0.46,0.8,0.15,0.34,-104.81,23.19,177.06,0.1,0.29,0.01,0.25,0.23,0.45,0.59,0.78,0.1,0.17,-164.25,3.06,11.25,0.3,0.09,0.38,0.9,1.61,1.44,-0.01,0.1,-0.99,0.14,-128.19,10.81,16.69,0.63,0.46,1.01,0.86,0.03,1.74,-0.02,0.17,-0.88,0.44
0.57,-117.94,43.25,173.62,0.03,0.41,0.11,0.08,0.4,0.51,0.46,0.81,0.15,0.34,-104.81,23.06,177.0,0.06,0.24,0.04,0.05,0.42,1.24,0.59,0.78,0.1,0.17,-164.97,3.25,10.84,0.34,0.06,0.58,0.7,1.08,1.47,-0.02,0.1,-0.99,0.13,-129.12,11.06,17.5,0.51,0.58,0.44,0.25,0.85,2.07,-0.02,0.18,-0.88,0.44
0.58,-117.94,42.81,173.56,0.05,0.4,0.05,0.19,0.3,0.45,0.46,0.81,0.14,0.34,-104.87,22.75,177.0,0.06,0.3,0.02,0.25,0.16,0.94,0.59,0.78,0.1,0.17,-165.69,3.44,10.44,0.37,0.02,0.78,0.51,0.56,1.5,-0.02,0.09,-0.99,0.13,-129.56,11.56,18.19,0.5,0.62,0.23,0.33,0.6,1.64,-0.02,0.18,-0.88,0.43
0.59,-118.06,42.34,173.53,0.11,0.4,0.06,0.3,0.37,0.44,0.46,0.81,0.14,0.34,-104.75,22.44,177.06,0.1,0.26,0.08,0.52,0.16,1.12,0.59,0.78,0.1,0.17,-166.56,3.62,9.88,0.46,0.03,0.82,0.18,0.46,1.2,-0.02,0.09,-0.99,0.12,-129.69,12.25,18.87,0.45,0.73,0.16,0.7,1.2,2.3,-0.03,0.19,-0.88,0.43
0.6,-118.19,41.88,173.5,0.17,0.39,0.07,0.41,0.44,0.42,0.46,0.81,0.14,0.33,-104.69,22.13,177.12,0.05,0.26,0.04,0.77,0.12,0.98,0.6,0.78,0.1,0.17,-167.37,3.87,9.25,0.48,0.06,0.78,0.42,0.11,1.46,-0.02,0.08,-0.99,0.11,-130.06,12.94,19.44,0.38,0.84,0.32,0.88,1.1,3.25,-0.03,0.2,-0.88,0.43
0.61,-118.37,41.69,173.31,0.21,0.16,0.03,1.0,0.66,0.21,0.46,0.81,0.14,0.33,-104.56,21.87,177.19,0.04,0.21,0.01,0.81,0.08,1.92,0.6,0.78,0.1,0.16,-168.25,4.06,8.75,0.41,0.08,0.87,0.31,1.68,2.96,-0.03,0.08,-0.99,0.1,-130.69,13.88,20.12,0.43,1.05,0.43,1.06,0.08,2.79,-0.04,0.21,-0.88,0.43
0.62,-118.44,41.56,173.06,0.22,0.05,0.03,0.87,0.16,0.35,0.46,0.81,0.13,0.33,-104.5,21.87,177.31,0.02,0.22,0.01,0.63,0.13,1.5,0.6,0.78,0.1,0.16,-168.75,4.19,8.44,0.59,0.03,0.99,0.31,1.35,2.81,-0.03,0.08,-0.99,0.1,-131.19,14.87,20.75,0.27,1.02,0.24,1.1,0.3,0.19,-0.04,0.22,-0.88,0.42
0.63,-118.87,41.56,172.94,0.07,0.01,0.01,0.68,0.67,0.57,0.46,0.81,0.13,0.33,-104.56,21.75,177.25,0.19,0.23,0.15,2.17,0.17,1.04,0.6,0.78,0.1,0.16,-169.81,4.31,7.69,0.63,0.19,1.02,0.43,0.85,1.22,-0.03,0.07,-0.99,0.09,-131.56,15.81,21.19,0.24,0.98,0.22,0.74,0.52,0.46,-0.05,0.22,-0.88,0.42
0.64,-118.94,41.63,173.06,0.05,0.04,0.1,0.61,0.69,0.82,0.46,0.81,0.13,0.33,-105.0,21.5,177.06,0.32,0.17,0.35,2.0,0.12,2.21,0.59,0.78,0.09,0.16,-170.94,4.19,6.94,0.44,0.33,0.97,0.46,1.55,0.7,-0.03,0.06,-0.99,0.08,-132.0,16.56,21.69,0.31,0.75,0.28,0.05,0.62,1.56,-0.05,0.23,-0.88,0.42
0.65,-119.0,41.75,173.25,0.14,0.16,0.09,0.7,0.41,0.64,0.46,0.81,0.13,0.33,-105.37,21.62,177.0,0.24,0.39,0.12,0.71,0.07,2.28,0.59,0.78,0.09,0.16,-172.0,3.94,6.44,0.32,0.39,0.7,0.4,2.1,0.5,-0.03,0.06,-1.0,0.07,-132.25,16.94,22.13,0.23,0.37,0.12,0.01,1.18,1.43,-0.06,0.23,-0.88,0.42
0.66,-119.19,42.06,173.56,0.2,0.31,0.1,1.27,0.32,0.1,0.45,0.81,0.14,0.34,-105.44,22.13,177.0,0.15,0.47,0.03,0.2,0.26,0.35,0.59,0.78,0.1,0.17,-172.69,3.62,6.06,0.27,0.38,0.53,0.08,2.24,0.11,-0.03,0.05,-1.0,0.07,-132.19,17.25,22.37,0.27,0.24,0.18,0.7,2.64,0.17,-0.06,0.23,-0.87,0.42
0.67,-119.19,42.62,173.81,0.15,0.52,0.14,1.95,0.48,0.67,0.45,0.81,0.14,0.34,-105.44,22.37,176.94,0.07,0.23,0.04,0.43,0.54,1.69,0.59,0.78,0.1,0.17,-173.06,3.25,5.81,0.14,0.29,0.29,0.32,0.76,0.03,-0.03,0.05,-1.0,0.06,-131.5,17.56,22.62,0.42,0.04,0.68,0.72,1.3,0.23,-0.06,0.24,-0.87,0.43
0.68,-119.69,43.44,173.87,0.02,0.83,0.06,2.4,0.07,1.91,0.45,0.81,0.14,0.34,-105.37,22.37,176.94,0.09,0.03,0.01,0.64,0.6,1.91,0.59,0.78,0.1,0.17,-173.19,3.19,5.62,0.26,0.05,0.09,0.33,0.89,0.06,-0.02,0.05,-1.0,0.06,-130.37,17.94,22.81,0.47,0.06,0.94,0.89,0.15,0.65,-0.06,0.24,-0.87,0.43
0.69,-119.69,44.56,173.75,0.06,1.0,0.04,0.56,0.52,0.56,0.45,0.81,0.15,0.35,-105.37,22.44,177.19,0.17,0.15,0.04,0.89,0.09,0.7,0.59,0.78,0.1,0.17,-173.06,3.12,5.37,0.28,0.02,0.14,1.49,1.08,0.83,-0.02,0.05,-1.0,0.06,-129.44,18.19,23.12,0.53,0.05,0.72,0.63,0.5,0.73,-0.06,0.25,-0.86,0.44
0.7,-119.69,45.38,173.87,0.04,0.71,0.14,0.62,0.86,0.62,0.44,0.81,0.15,0.36,-105.37,22.87,177.31,0.09,0.38,0.05,0.69,0.46,1.35,0.59,0.78,0.1,0.17,-172.69,3.19,5.06,0.32,0.09,0.39,1.4,0.5,0.47,-0.02,0.05,-1.0,0.06,-128.94,18.44,23.5,0.41,0.13,0.32,0.37,1.21,0.27,-0.05,0.25,-0.86,0.45
0.71,-119.0,45.75,174.25,0.55,0.74,0.26,0.06,0.99,0.81,0.45,0.8,0.16,0.36,-105.25,23.25,177.44,0.15,0.32,0.05,0.81,0.65,1.4,0.59,0.78,0.1,0.17,-172.0,3.37,4.69,0.33,0.29,0.62,1.12,0.09,0.02,-0.03,0.04,-1.0,0.07,-129.0,18.56,23.87,0.25,0.19,0.16,0.21,0.38,2.46,-0.05,0.25,-0.86,0.45
0.72,-117.06,46.63,175.12,0.42,0.65,0.17,0.21,1.19,0.06,0.46,0.79,0.17,0.36,-105.31,23.62,177.69,0.17,0.38,0.08,0.71,0.75,1.06,0.59,0.78,0.11,0.17,-171.31,3.69,4.44,0.28,0.34,0.55,1.08,1.6,1.27,-0.03,0.04,-1.0,0.08,-129.25,18.69,24.44,0.43,0.23,0.28,0.47,0.48,5.04,-0.05,0.26,-0.86,0.44
0.73,-116.06,47.25,175.56,0.01,0.25,0.07,0.69,0.2,0.16,0.47,0.78,0.18,0.36,-105.37,24.19,177.87,0.11,0.53,0.11,1.12,0.62,0.94,0.59,0.78,0.11,0.18,-171.28,4.07,4.22,0.25,0.3,0.43,0.76,1.55,1.88,-0.03,0.04,-1.0,0.08,-129.56,18.87,25.06,0.45,0.38,0.27,0.5,0.85,3.96,-0.05,0.26,-0.86,0.44
0.74,-116.06,47.5,175.62,0.11,0.17,0.05,1.09,0.22,0.28,0.47,0.78,0.18,0.36,-105.31,24.81,178.06,0.16,0.6,0.09,1.1,0.49,0.98,0.59,0.78,0.12,0.18,-171.25,4.44,4.0,0.22,0.25,0.3,0.45,1.5,2.48,-0.04,0.04,-1.0,0.08,-129.63,19.37,25.69,0.49,0.53,0.08,0.59,0.24,0.08,-0.06,0.27,-0.85,0.44
0.75,-115.57,47.69,175.81,0.29,0.23,0.06,0.72,0.34,0.44,0.47,0.78,0.19,0.36,-105.37,25.5,178.25,0.12,0.65,0.04,0.55,0.14,1.38,0.59,0.78,0.12,0.18,-171.62,4.56,3.56,0.41,0.01,0.33,0.16,1.52,1.06,-0.04,0.03,-1.0,0.07,-129.56,19.81,26.31,0.46,0.34,0.04,1.34,0.09,1.57,-0.06,0.27,-0.85,0.44
0.76,-115.06,47.94,176.06,0.07,0.24,0.06,1.01,0.13,0.82,0.48,0.78,0.19,0.36,-105.37,26.31,178.31,0.04,0.72,0.07,0.44,0.11,1.11,0.59,0.78,0.13,0.19,-171.88,4.31,3.28,0.22,0.09,0.2,0.16,2.34,1.58,-0.04,0.03,-1.0,0.07,-130.06,19.75,26.81,0.21,0.16,0.53,1.09,2.02,0.74,-0.05,0.28,-0.85,0.44
0.77,-115.44,48.19,175.81,0.14,0.23,0.05,1.16,0.39,0.34,0.47,0.78,0.19,0.36,-105.5,27.06,178.44,0.05,0.66,0.16,0.63,0.07,0.32,0.59,0.78,0.13,0.19,-172.13,4.06,3.0,0.03,0.18,0.06,0.16,3.15,2.09,-0.03,0.03,-1.0,0.07,-130.63,19.62,27.19,0.18,0.13,0.52,0.74,2.02,2.04,-0.05,0.28,-0.85,0.44
0.78,-115.57,48.5,175.69,0.01,0.3,0.01,1.08,0.31,0.52,0.47,0.78,0.19,0.37,-105.69,27.87,178.62,0.08,0.77,0.15,0.53,0.14,0.56,0.58,0.78,0.14,0.2,-171.87,4.0,3.12,0.08,0.03,0.11,0.58,0.24,2.65,-0.03,0.03,-1.0,0.07,-130.94,19.56,27.56,0.22,0.06,0.2,0.32,0.93,1.06,-0.05,0.28,-0.85,0.43
0.79,-115.32,48.87,175.87,0.1,0.38,0.08,0.99,0.2,0.97,0.47,0.78,0.19,0.37,-105.69,28.81,178.75,0.08,0.87,0.12,0.36,0.01,0.61,0.58,0.77,0.14,0.2,-171.81,4.0,3.19,0.06,0.04,0.05,0.12,0.97,2.27,-0.03,0.03,-1.0,0.07,-131.06,19.37,27.69,0.01,0.11,0.16,0.73,0.17,1.99,-0.05,0.28,-0.85,0.43
0.8,-115.32,49.31,175.87,0.1,0.39,0.07,1.05,0.67,0.11,0.47,0.78,0.2,0.37,-105.81,29.75,178.87,0.04,0.81,0.14,0.25,0.62,0.15,0.58,0.77,0.15,0.21,-171.81,3.94,3.19,0.05,0.05,0.04,0.13,0.12,1.78,-0.03,0.03,-1.0,0.07,-131.31,19.19,27.69,0.06,0.08,0.21,0.89,0.45,1.41,-0.05,0.28,-0.86,0.43
0.81,-115.69,49.94,175.62,0.21,0.56,0.07,0.45,0.43,0.4,0.47,0.78,0.2,0.38,-105.94,30.56,179.06,0.04,0.7,0.17,0.48,0.26,0.14,0.58,0.77,0.15,0.22,-171.81,3.94,3.25,0.01,0.01,0.1,0.08,0.01,1.42,-0.03,0.03,-1.0,0.07,-131.63,19.0,27.75,0.05,0.02,0.34,0.38,0.4,0.92,-0.05,0.28,-0.86,0.43
0.82,-115.69,50.69,175.56,0.02,0.72,0.11,0.11,0.84,0.4,0.47,0.77,0.2,0.38,-106.12,31.44,179.19,0.01,0.79,0.17,0.72,0.56,0.58,0.58,0.77,0.16,0.22,-171.44,3.94,3.25,0.01,0.07,0.16,0.37,0.24,0.78,-0.03,0.03,-1.0,0.08,-132.06,18.87,27.87,0.08,0.06,0.3,0.17,1.4,2.81,-0.05,0.28,-0.86,0.43
0.83,-115.5,51.44,175.62,0.03,0.62,0.07,0.19,0.76,0.76,0.47,0.77,0.2,0.39,-106.37,32.31,179.25,0.02,0.83,0.18,0.8,0.67,1.14,0.57,0.77,0.16,0.23,-171.06,4.06,3.31,0.01,0.11,0.36,0.23,1.26,2.13,-0.03,0.03,-1.0,0.08,-132.12,18.87,28.0,0.13,0.15,0.03,0.27,0.24,2.58,-0.05,0.28,-0.86,0.42
0.84,-115.88,52.06,175.44,0.22,0.58,0.03,0.91,0.41,0.09,0.46,0.77,0.2,0.39,-106.5,33.31,179.5,0.19,0.88,0.16,0.68,0.23,0.69,0.57,0.77,0.17,0.23,-170.75,4.12,3.31,0.03,0.05,0.12,0.04,1.59,2.04,-0.03,0.03,-1.0,0.08,-132.06,19.06,28.19,0.22,0.2,0.06,0.07,0.36,2.64,-0.05,0.28,-0.86,0.43
0.85,-115.88,52.81,175.38,0.02,0.73,0.15,0.15,0.59,0.95,0.46,0.77,0.21,0.4,-106.5,34.38,179.94,0.31,1.03,0.12,0.1,0.03,0.14,0.57,0.77,0.18,0.24,-170.94,4.06,3.25,0.06,0.07,0.23,0.22,1.19,1.95,-0.03,0.03,-1.0,0.08,-132.25,19.19,28.56,0.39,0.25,0.22,0.05,2.17,2.59,-0.05,0.29,-0.86,0.42
0.86,-115.06,53.75,175.81,0.23,0.84,0.25,0.2,0.4,0.08,0.46,0.76,0.22,0.4,-106.56,35.56,179.69,0.2,1.04,0.08,0.26,0.05,0.18,0.57,0.76,0.18,0.25,-171.25,4.06,3.06,0.1,0.04,0.29,0.53,1.06,1.74,-0.03,0.03,-1.0,0.08,-132.37,19.37,29.06,0.41,0.31,0.03,0.52,1.0,1.22,-0.05,0.29,-0.86,0.42
0.87,-114.38,54.63,176.25,0.15,0.71,0.15,0.01,0.71,0.8,0.47,0.75,0.22,0.4,-106.63,36.63,179.44,0.07,0.96,0.13,1.05,0.27,0.26,0.57,0.76,0.18,0.25,-171.56,4.06,2.87,0.15,0.01,0.35,0.84,0.94,1.52,-0.03,0.03,-1.0,0.07,-132.37,19.69,29.56,0.28,0.34,0.14,0.99,0.26,0.89,-0.05,0.3,-0.85,0.42
0.88,-114.5,55.44,176.12,0.16,0.8,0.11,0.4,0.71,0.79,0.47,0.75,0.23,0.41,-106.81,37.81,179.19,0.13,1.11,0.17,0.75,0.13,0.87,0.56,0.76,0.19,0.26,-171.87,4.19,2.69,0.16,0.1,0.26,0.69,0.94,1.29,-0.03,0.03,-1.0,0.07,-132.63,19.94,30.0,0.44,0.36,0.24,0.65,2.06,2.89,-0.05,0.3,-0.85,0.42
0.89,-114.63,56.25,176.0,0.16,0.88,0.07,0.79,0.71,0.78,0.46,0.75,0.23,0.41,-106.87,39.19,178.81,0.2,1.26,0.13,0.28,0.09,0.58,0.56,0.76,0.19,0.28,-171.96,4.38,2.47,0.18,0.16,0.27,0.61,0.48,1.43,-0.04,0.02,-1.0,0.07,-132.87,20.12,30.69,0.58,0.45,0.1,0.46,1.41,2.45,-0.05,0.31,-0.85,0.42
0.9,-114.56,56.75,176.06,0.08,1.0,0.15,0.12,0.24,0.32,0.46,0.75,0.23,0.42,-106.94,39.88,178.69,0.11,1.11,0.08,0.29,0.74,0.27,0.56,0.76,0.19,0.28,-172.06,4.56,2.25,0.19,0.22,0.28,0.53,0.03,1.57,-0.04,0.02,-1.0,0.07,-132.94,20.56,31.5,0.65,0.55,0.06,1.38,1.02,1.1,-0.05,0.31,-0.85,0.42
0.91,-114.12,57.78,176.34,0.06,0.89,0.16,0.32,0.22,0.33,0.46,0.74,0.24,0.42,-107.0,41.0,178.44,0.13,0.97,0.15,0.39,0.94,0.81,0.55,0.76,0.2,0.29,-172.56,4.75,2.0,0.16,0.11,0.48,0.78,0.11,1.07,-0.04,0.02,-1.0,0.07,-133.12,21.12,32.44,0.69,0.74,0.32,1.27,1.6,1.54,-0.05,0.32,-0.85,0.42
0.92,-113.69,58.81,176.63,0.04,0.78,0.17,0.52,0.19,0.34,0.46,0.74,0.25,0.42,-107.19,42.13,178.06,0.27,1.19,0.27,0.25,0.28,0.41,0.55,0.75,0.2,0.3,-173.13,4.87,1.87,0.08,0.17,0.46,0.21,0.19,1.4,-0.04,0.02,-1.0,0.06,-133.56,21.62,33.5,0.78,0.82,0.24,1.56,2.07,1.67,-0.05,0.33,-0.84,0.42
0.93,-113.63,59.69,176.75,0.13,0.94,0.14,0.43,0.03,0.44,0.46,0.73,0.25,0.43,-107.37,43.56,177.38,0.4,1.41,0.25,0.18,0.31,0.2,0.54,0.75,0.2,0.31,-173.75,5.12,1.87,0.05,0.15,0.57,0.54,0.12,1.86,-0.04,0.02,-1.0,0.06,-133.81,22.31,34.69,0.83,0.83,0.03,1.03,1.57,1.73,-0.06,0.34,-0.84,0.42
0.94,-113.63,60.75,176.81,0.03,1.02,0.11,0.3,0.06,0.13,0.46,0.73,0.26,0.44,-107.37,45.06,176.63,0.27,1.35,0.17,0.4,0.02,0.02,0.54,0.75,0.2,0.32,-174.12,5.19,1.81,0.04,0.02,0.57,0.23,0.11,1.63,-0.04,0.02,-1.0,0.05,-133.69,23.25,35.88,1.0,0.94,0.25,1.0,0.24,0.72,-0.06,0.35,-0.83,0.42
0.95,-113.38,61.88,176.94,0.13,0.97,0.14,0.06,0.21,0.06,0.46,0.72,0.26,0.44,-106.74,46.5,176.12,0.27,1.25,0.12,0.57,0.49,0.77,0.54,0.74,0.21,0.34,-174.75,5.19,1.87,0.11,0.06,0.55,0.12,0.47,1.54,-0.04,0.02,-1.0,0.05,-133.5,24.25,37.19,1.01,0.99,0.18,0.93,0.75,1.67,-0.06,0.37,-0.82,0.43
0.96,-112.94,63.0,177.31,0.15,0.97,0.16,0.22,0.45,0.11,0.46,0.72,0.27,0.45,-106.05,47.88,175.5,0.3,1.25,0.15,0.7,0.04,0.54,0.54,0.74,0.22,0.35,-175.19,5.19,1.94,0.04,0.01,0.29,0.13,0.72,1.28,-0.04,0.02,-1.0,0.04,-133.34,25.28,38.69,1.1,1.04,0.29,0.64,0.5,1.1,-0.06,0.38,-0.82,0.43
0.97,-112.5,64.06,177.69,0.01,0.92,0.16,0.13,0.18,0.11,0.46,0.71,0.28,0.45,-105.3,49.31,174.75,0.32,1.34,0.24,0.52,0.35,0.21,0.54,0.73,0.22,0.36,-175.62,5.12,1.94,0.06,0.09,0.45,0.36,0.74,0.39,-0.04,0.02,-1.0,0.04,-133.19,26.31,40.19,1.19,1.1,0.4,0.35,0.25,0.54,-0.06,0.39,-0.81,0.44
0.98,-112.32,65.06,178.0,0.07,0.89,0.19,0.34,0.22,0.13,0.46,0.71,0.29,0.45,-104.49,50.81,173.81,0.34,1.34,0.23,1.11,0.12,0.03,0.53,0.73,0.22,0.37,-175.94,5.06,2.06,0.15,0.01,0.22,0.59,0.62,0.49,-0.04,0.02,-1.0,0.04,-132.87,27.56,41.63,1.06,1.11,0.39,0.14,1.37,1.07,-0.07,0.41,-0.8,0.44
0.99,-112.19,66.06,178.38,0.05,0.93,0.21,0.23,0.26,0.36,0.46,0.7,0.29,0.46,-103.74,52.19,173.0,0.29,1.29,0.18,1.53,0.36,0.47,0.53,0.72,0.23,0.38,-176.06,5.19,2.19,0.07,0.1,0.11,0.96,0.15,0.19,-0.04,0.02,-1.0,0.04,-132.53,28.94,43.26,1.11,1.28,0.48,0.66,1.18,0.62,-0.07,0.42,-0.79,0.45
1.0,-111.88,67.19,178.81,0.13,0.99,0.18,0.77,0.13,0.31,0.46,0.69,0.3,0.46,-103.18,53.5,172.19,0.33,1.15,0.13,0.99,0.16,0.58,0.53,0.72,0.23,0.39,-176.12,5.25,2.19,0.1,0.07,0.2,0.72,0.97,0.23,-0.05,0.02,-1.0,0.03,-132.19,30.31,44.88,1.16,1.46,0.58,1.19,0.98,0.16,-0.07,0.43,-0.78,0.45
1.01,-111.44,68.25,179.44,0.16,0.95,0.19,0.6,0.37,0.14,0.46,0.69,0.31,0.47,-102.49,54.75,171.31,0.37,1.16,0.15,0.82,0.72,0.63,0.53,0.71,0.23,0.4,-176.44,5.31,2.37,0.35,0.01,0.46,0.77,0.46,0.34,-0.05,0.02,-1.0,0.03,-131.69,32.0,46.5,1.03,1.48,0.74,0.16,1.69,0.02,-0.08,0.45,-0.76,0.46
1.02,-110.94,69.25,179.81,0.1,0.84,0.18,0.47,0.31,0.27,0.47,0.68,0.32,0.47,-102.05,56.0,170.5,0.19,1.18,0.17,0.95,0.07,0.4,0.52,0.71,0.24,0.41,-176.94,5.31,2.75,0.44,0.07,0.49,1.0,0.64,0.21,-0.05,0.03,-1.0,0.03,-131.12,33.88,48.0,0.95,1.52,0.61,0.32,0.38,0.71,-0.08,0.46,-0.75,0.47
1.03,-110.75,70.19,179.31,0.01,0.88,0.14,0.28,0.13,0.02,0.46,0.68,0.32,0.48,-101.81,57.25,169.75,0.18,1.14,0.14,0.24,0.03,0.24,0.52,0.71,0.24,0.42,-177.56,5.19,3.19,0.52,0.29,0.66,0.92,0.11,0.8,-0.04,0.03,-1.0,0.02,-130.75,35.38,49.63,1.05,1.42,0.52,0.16,0.82,0.12,-0.08,0.48,-0.73,0.48
1.04,-110.56,71.25,178.87,0.05,0.96,0.1,0.28,0.02,0.17,0.46,0.67,0.33,0.48,-101.49,58.44,168.87,0.25,1.16,0.15,0.2,0.07,0.4,0.51,0.7,0.24,0.43,-178.38,4.87,3.69,0.54,0.34,0.7,0.22,1.17,1.03,-0.04,0.03,-1.0,0.02,-130.25,36.75,51.56,1.25,1.32,0.53,0.18,0.33,0.33,-0.08,0.49,-0.72,0.48
1.05,-110.19,72.25,178.25,0.14,0.91,0.15,0.93,0.22,0.14,0.45,0.67,0.33,0.49,-101.12,59.75,167.81,0.3,1.26,0.14,0.99,0.13,0.14,0.51,0.7,0.24,0.44,-179.12,4.5,4.25,0.52,0.31,0.42,0.07,1.21,0.64,-0.04,0.04,-1.0,0.01,-129.44,38.5,53.56,1.11,1.63,0.95,1.21,1.95,1.29,-0.08,0.51,-0.7,0.49
1.06,-109.75,73.19,177.25,0.18,0.85,0.18,1.13,0.14,0.12,0.45,0.66,0.33,0.5,-100.74,61.06,166.81,0.28,1.18,0.07,1.46,0.02,0.39,0.5,0.7,0.25,0.45,-179.5,4.19,4.75,0.47,0.26,0.01,0.09,0.73,0.82,-0.04,0.04,-1.0,0.01,-128.62,40.38,55.44,1.04,1.6,0.95,1.03,1.05,1.47,-0.09,0.53,-0.68,0.5
1.07,-109.32,74.12,176.31,0.18,0.82,0.15,0.92,0.12,0.1,0.45,0.66,0.33,0.51,-100.37,62.25,165.88,0.31,1.1,0.03,1.77,0.4,0.58,0.5,0.69,0.25,0.46,-179.5,3.94,5.31,0.53,0.27,0.02,0.18,0.88,1.5,-0.03,0.05,-1.0,0.01,-128.0,42.06,57.38,1.01,1.52,0.73,0.47,0.27,0.07,-0.09,0.54,-0.66,0.51
1.08,-108.94,75.0,175.38,0.2,0.83,0.1,0.65,0.24,0.13,0.44,0.66,0.33,0.51,-100.18,62.81,165.37,0.32,1.05,0.07,1.64,0.56,0.78,0.49,0.69,0.25,0.47,-179.56,3.5,6.0,0.62,0.31,0.07,0.15,0.41,1.5,-0.03,0.05,-1.0,0.01,-127.38,43.63,59.63,1.16,1.54,0.69,0.28,1.13,1.25,-0.08,0.56,-0.64,0.52
1.09,-108.63,75.94,174.5,0.14,0.87,0.09,0.69,0.22,0.38,0.44,0.66,0.33,0.52,-99.8,63.87,164.25,0.2,0.91,0.08,0.76,0.8,0.84,0.49,0.69,0.25,0.48,-179.75,3.19,6.69,0.63,0.33,0.15,0.23,0.25,1.25,-0.03,0.06,-1.0,0.0,-126.75,45.19,62.13,1.21,1.65,0.63,1.91,0.19,3.58,-0.08,0.57,-0.62,0.53
1.1,-108.56,76.87,173.81,0.03,0.79,0.05,0.45,0.5,0.58,0.43,0.65,0.33,0.53,-99.74,64.81,163.37,0.04,0.78,0.02,0.33,0.73,0.27,0.48,0.69,0.25,0.48,-180.06,2.81,7.44,0.73,0.41,0.25,0.72,2.26,2.28,-0.02,0.06,-1.0,0.0,-126.38,46.5,64.75,1.08,1.58,0.45,2.07,1.15,2.34,-0.08,0.59,-0.6,0.54
1.11,-108.56,77.69,173.25,0.02,0.73,0.03,1.04,0.52,0.35,0.42,0.65,0.33,0.54,-99.8,65.62,162.81,0.06,0.79,0.07,0.6,0.15,0.29,0.47,0.69,0.25,0.49,-180.44,2.31,8.38,1.01,0.43,0.36,0.27,1.37,1.67,-0.02,0.07,-1.0,-0.0,-125.81,47.69,67.37,1.2,1.45,0.59,1.91,1.31,1.43,-0.07,0.6,-0.58,0.55
1.12,-108.38,78.06,172.87,0.21,0.64,0.06,1.1,0.54,0.55,0.42,0.65,0.33,0.54,-100.05,66.5,162.37,0.02,0.8,0.1,0.8,0.5,0.13,0.47,0.69,0.25,0.5,-180.87,1.94,9.5,1.04,0.38,0.29,0.12,0.25,1.36,-0.02,0.08,-1.0,-0.01,-124.75,49.13,70.12,1.45,1.38,0.88,1.11,1.8,0.47,-0.06,0.62,-0.55,0.56
1.13,-108.0,78.75,171.75,0.12,0.55,0.08,0.57,0.06,0.55,0.42,0.65,0.33,0.54,-100.24,67.34,162.03,0.08,0.74,0.12,0.82,0.26,0.15,0.46,0.69,0.25,0.5,-181.06,1.62,10.63,0.97,0.29,0.13,0.94,0.87,1.74,-0.01,0.09,-1.0,-0.01,-123.62,50.44,73.06,1.37,1.38,0.72,2.21,1.51,3.52,-0.05,0.64,-0.52,0.57
1.14,-107.88,79.31,170.81,0.02,0.57,0.06,0.74,0.69,0.6,0.41,0.65,0.32,0.55,-100.43,68.19,161.69,0.14,0.69,0.13,0.84,0.02,0.17,0.45,0.69,0.25,0.51,-181.12,1.25,11.63,0.95,0.31,0.05,0.84,1.37,1.75,-0.01,0.1,-0.99,-0.01,-123.0,51.25,75.94,1.2,1.2,0.27,1.36,0.21,1.58,-0.03,0.65,-0.5,0.57
1.15,-107.88,80.06,169.94,0.05,0.7,0.02,1.2,0.74,0.24,0.4,0.65,0.32,0.56,-100.68,68.87,161.25,0.15,0.63,0.08,0.01,0.5,0.09,0.45,0.69,0.25,0.52,-181.06,0.88,12.81,1.09,0.33,0.09,0.16,1.6,2.01,-0.01,0.11,-0.99,-0.01,-122.37,51.75,78.81,1.39,1.06,0.28,0.38,0.05,0.87,-0.02,0.66,-0.48,0.58
1.16,-107.75,80.75,168.94,0.21,0.5,0.03,1.14,0.51,0.71,0.4,0.65,0.32,0.56,-100.83,69.53,160.78,0.08,0.62,0.08,0.24,0.45,0.16,0.44,0.68,0.25,0.52,-180.87,0.5,13.94,1.08,0.16,0.38,1.26,2.05,1.43,-0.01,0.12,-0.99,-0.01,-121.5,52.44,82.0,1.48,1.28,0.46,0.72,0.35,1.75,-0.0,0.68,-0.45,0.58
1.17,-107.25,81.25,167.69,0.29,0.4,0.06,0.68,0.1,0.9,0.39,0.65,0.32,0.57,-100.99,70.19,160.31,0.02,0.62,0.08,0.46,0.41,0.22,0.44,0.68,0.25,0.53,-180.44,0.25,15.19,1.14,0.11,0.39,1.63,2.33,1.59,-0.0,0.13,-0.99,-0.0,-120.81,53.13,85.69,1.3,1.62,0.51,0.41,4.18,1.06,0.02,0.69,-0.42,0.59
1.18,-107.0,81.5,166.81,0.16,0.17,0.02,0.09,0.18,0.62,0.39,0.65,0.32,0.57,-101.05,70.87,159.81,0.12,0.61,0.1,0.75,0.88,0.48,0.43,0.68,0.25,0.53,-180.0,0.13,16.62,1.34,0.02,0.37,0.91,1.58,1.2,-0.0,0.14,-0.99,0.0,-120.31,53.81,89.25,0.94,1.66,0.51,0.04,2.44,0.2,0.03,0.7,-0.39,0.59
1.19,-107.07,81.69,166.44,0.04,0.19,0.02,0.28,0.16,0.36,0.38,0.65,0.31,0.58,-101.05,71.56,159.31,0.18,0.58,0.13,1.1,0.22,0.43,0.43,0.68,0.25,0.54,-180.0,0.16,18.44,1.52,0.26,0.32,1.32,0.94,1.19,-0.0,0.16,-0.99,0.0,-120.0,54.19,92.37,0.92,1.28,0.29,1.08,0.12,0.26,0.05,0.71,-0.37,0.59
1.2,-107.0,82.0,165.88,0.02,0.32,0.02,0.07,0.46,0.58,0.38,0.65,0.31,0.58,-100.87,72.19,158.63,0.39,0.57,0.14,0.92,0.28,0.28,0.42,0.68,0.25,0.54,-180.0,0.19,20.25,1.7,0.51,0.28,1.72,0.29,1.18,-0.0,0.18,-0.98,0.0,-119.37,54.44,95.25,1.13,1.05,0.37,0.46,0.1,0.9,0.07,0.72,-0.35,0.59
1.21,-107.07,82.31,165.44,0.01,0.26,0.02,0.19,0.3,0.63,0.38,0.65,0.31,0.58,-100.56,72.75,158.0,0.16,0.37,0.05,0.26,0.26,0.59,0.42,0.68,0.25,0.55,-180.69,0.75,22.13,1.69,0.7,0.42,1.32,1.29,0.03,-0.01,0.19,-0.98,-0.0,-118.37,54.75,98.37,1.37,0.96,0.43,0.94,0.56,0.77,0.09,0.73,-0.32,0.6
1.22,-107.0,82.56,165.0,0.07,0.27,0.02,0.07,0.13,0.36,0.37,0.65,0.31,0.58,-100.49,73.12,157.5,0.09,0.38,0.05,0.29,0.48,0.44,0.41,0.68,0.25,0.55,-180.62,1.4,23.78,1.5,0.56,0.64,0.92,0.94,0.28,-0.01,0.21,-0.98,-0.0,-117.13,55.12,101.31,1.31,0.84,0.52,0.93,0.52,0.14,0.11,0.74,-0.29,0.6
1.23,-106.88,82.88,164.5,0.19,0.24,0.02,0.8,0.39,0.91,0.37,0.65,0.31,0.59,-100.43,73.62,156.87,0.18,0.52,0.09,0.06,0.38,0.24,0.41,0.68,0.25,0.55,-180.56,2.06,25.44,1.32,0.43,0.87,0.52,0.58,0.53,-0.02,0.22,-0.98,-0.0,-115.25,56.13,104.25,1.1,0.83,1.3,0.02,0.42,1.0,0.13,0.74,-0.26,0.6
1.24,-106.76,83.04,164.5,0.1,0.17,0.04,0.56,0.38,0.64,0.37,0.65,0.31,0.59,-100.46,74.16,156.5,0.12,0.48,0.13,0.24,0.46,0.16,0.41,0.68,0.25,0.56,-179.56,2.94,26.87,1.32,0.32,0.97,0.95,0.39,0.27,-0.02,0.23,-0.97,0.01,-113.37,57.19,107.44,0.97,0.94,1.18,0.66,0.04,0.63,0.15,0.75,-0.22,0.61
1.25,-106.63,83.19,171.31,0.02,0.1,0.06,0.32,0.38,0.37,0.41,0.63,0.35,0.56,-100.49,74.69,156.12,0.07,0.43,0.17,0.41,0.54,0.07,0.4,0.68,0.25,0.56,-178.44,3.75,28.19,1.21,0.44,0.84,0.51,0.09,0.42,-0.03,0.24,-0.97,0.02,-111.94,57.62,110.56,1.15,0.88,0.64,0.87,0.97,0.08,0.18,0.75,-0.19,0.61
1.26,-106.69,83.44,171.38,0.03,0.23,0.05,0.43,0.08,0.14,0.4,0.63,0.35,0.57,-100.8,75.12,156.06,0.11,0.34,0.1,0.62,0.04,0.5,0.4,0.68,0.25,0.56,-177.69,4.62,29.5,1.25,0.53,0.49,1.07,0.12,0.48,-0.03,0.26,-0.97,0.03,-110.63,57.94,113.56,0.97,0.9,0.69,0.37,0.57,0.48,0.2,0.75,-0.16,0.61
1.27,-106.38,83.69,171.44,0.13,0.19,0.08,0.5,0.16,0.47,0.41,0.62,0.35,0.57,-101.09,75.66,155.68,0.08,0.45,0.12,0.38,0.04,0.32,0.39,0.68,0.25,0.57,-177.5,5.37,30.88,1.25,0.54,0.4,1.12,0.15,0.56,-0.04,0.27,-0.96,0.03,-109.87,58.19,115.19,0.89,0.98,1.02,0.75,2.23,0.45,0.21,0.75,-0.15,0.61
1.28,-106.25,83.87,171.5,0.17,0.13,0.09,0.23,0.07,0.86,0.41,0.62,0.36,0.57,-101.37,76.19,155.31,0.05,0.57,0.13,0.13,0.04,0.15,0.39,0.68,0.25,0.57,-177.44,6.12,32.38,1.36,0.69,0.13,0.59,0.53,1.23,-0.05,0.28,-0.96,0.04,-108.5,58.63,118.5,0.76,1.1,0.75,0.1,0.34,0.36,0.23,0.75,-0.12,0.6
1.29,-106.19,83.94,171.57,0.1,0.05,0.07,0.65,0.27,0.75,0.41,0.62,0.36,0.57,-101.68,76.81,154.75,0.05,0.57,0.12,0.85,0.27,0.18,0.38,0.68,0.25,0.58,-177.44,6.81,33.94,1.42,0.68,0.09,0.09,0.18,0.31,-0.05,0.29,-0.95,0.04,-107.37,58.75,121.81,0.76,1.11,0.82,0.46,0.53,0.73,0.26,0.75,-0.09,0.6
1.3,-106.07,84.0,171.63,0.1,0.01,0.03,0.69,0.71,0.41,0.41,0.62,0.36,0.57,-101.87,77.37,154.12,0.04,0.51,0.11,0.82,0.15,0.07,0.37,0.68,0.25,0.58,-177.56,7.44,35.69,1.68,0.74,0.05,0.77,1.48,0.39,-0.06,0.31,-0.95,0.04,-106.25,58.81,125.12,0.66,1.07,0.75,0.07,1.17,0.68,0.28,0.75,-0.06,0.59
1.31,-105.88,84.0,171.57,0.16,0.13,0.06,0.86,0.54,0.14,0.41,0.62,0.36,0.57,-101.93,77.87,153.44,0.02,0.43,0.08,0.03,0.54,0.13,0.36,0.68,0.25,0.59,-177.62,8.06,37.69,1.76,0.64,0.03,0.02,0.25,1.1,-0.06,0.32,-0.94,0.04,-105.25,58.75,128.25,0.61,1.08,0.77,0.16,0.65,0.56,0.31,0.75,-0.03,0.58
1.32,-105.69,84.13,171.5,0.08,0.07,0.05,0.51,0.63,0.62,0.41,0.62,0.36,0.57,-102.05,78.31,152.81,0.02,0.38,0.07,0.21,0.02,0.16,0.36,0.68,0.24,0.59,-178.0,8.63,39.63,1.66,0.56,0.09,0.55,0.41,0.53,-0.06,0.34,-0.94,0.04,-104.31,58.69,131.44,0.56,1.11,0.88,0.21,1.08,0.34,0.33,0.75,-0.01,0.57
1.33,-105.69,84.13,171.5,0.15,0.05,0.01,0.31,0.61,0.84,0.41,0.62,0.36,0.57,-102.18,78.75,152.19,0.02,0.36,0.07,0.44,0.27,0.25,0.35,0.68,0.24,0.6,-177.94,9.13,41.44,1.73,0.61,0.04,0.54,0.16,0.93,-0.07,0.35,-0.93,0.04,-103.19,58.56,134.63,0.52,0.99,0.87,0.58,0.95,1.73,0.35,0.75,0.02,0.56
1.34,-105.94,84.19,171.57,0.17,0.07,0.04,0.11,0.21,0.46,0.41,0.62,0.36,0.57,-102.37,79.19,151.69,0.01,0.4,0.12,0.55,0.49,0.12,0.35,0.68,0.24,0.6,-177.87,9.69,43.44,1.75,0.58,0.12,0.79,1.23,1.68,-0.07,0.37,-0.92,0.05,-102.0,58.5,137.5,0.55,0.9,0.88,0.09,1.75,2.37,0.37,0.74,0.04,0.55
1.35,-106.07,84.31,171.63,0.1,0.07,0.03,0.04,0.57,0.57,0.41,0.62,0.36,0.57,-102.43,79.56,151.19,0.13,0.34,0.1,0.18,0.5,0.43,0.34,0.68,0.24,0.6,-177.94,10.38,45.25,1.52,0.63,0.26,0.57,0.92,1.38,-0.08,0.38,-0.92,0.05,-100.56,58.44,140.25,0.79,0.73,0.63,0.21,0.85,0.09,0.4,0.74,0.07,0.54
1.36,-106.13,84.37,171.63,0.07,0.09,0.04,0.59,0.27,0.93,0.4,0.62,0.36,0.57,-102.24,79.87,150.56,0.19,0.23,0.06,0.74,0.06,0.1,0.34,0.68,0.24,0.61,-177.69,11.19,46.88,1.42,0.66,0.46,0.45,0.96,0.94,-0.08,0.4,-0.91,0.06,-99.06,58.25,142.87,0.74,0.8,0.7,0.33,0.75,0.56,0.42,0.73,0.09,0.53
1.37,-106.07,84.44,171.57,0.04,0.09,0.06,0.43,0.2,0.77,0.4,0.62,0.36,0.57,-102.24,80.12,149.81,0.11,0.31,0.05,1.26,0.09,0.28,0.33,0.68,0.23,0.61,-177.28,12.06,48.5,1.4,0.63,0.48,1.01,0.64,0.72,-0.09,0.41,-0.91,0.06,-97.37,58.19,145.87,0.63,0.75,1.05,0.56,0.49,0.24,0.44,0.72,0.11,0.52
1.38,-106.0,84.5,171.5,0.01,0.04,0.05,0.54,0.01,0.46,0.4,0.62,0.36,0.57,-102.18,80.5,148.87,0.07,0.32,0.04,0.11,0.44,0.8,0.33,0.68,0.23,0.61,-176.87,12.94,50.12,1.37,0.6,0.5,1.56,0.33,0.5,-0.09,0.42,-0.9,0.07,-95.62,58.0,148.56,0.82,0.82,0.47,0.61,1.01,0.01,0.47,0.71,0.14,0.5
1.39,-105.88,84.5,171.44,0.08,0.05,0.02,0.35,0.4,0.26,0.4,0.62,0.36,0.57,-102.12,80.81,147.62,0.1,0.29,0.02,0.3,0.63,0.7,0.32,0.68,0.23,0.62,-176.31,13.75,51.63,1.3,0.5,0.62,1.6,0.5,0.25,-0.09,0.44,-0.89,0.08,-94.19,57.44,151.0,0.76,0.92,0.51,0.3,0.29,0.24,0.49,0.7,0.16,0.49
1.4,-105.69,84.44,171.44,0.15,0.04,0.02,0.57,0.02,0.58,0.41,0.62,0.36,0.57,-102.12,81.0,146.69,0.03,0.21,0.01,0.08,0.5,0.46,0.31,0.68,0.22,0.62,-175.9,14.44,53.26,1.47,0.6,0.32,0.88,0.5,0.34,-0.1,0.45,-0.88,0.09,-92.62,57.06,153.75,0.48,0.85,1.2,0.16,1.25,0.07,0.51,0.69,0.18,0.47
1.41,-105.63,84.44,171.44,0.05,0.04,0.02,1.03,0.15,0.42,0.41,0.62,0.36,0.57,-102.12,81.19,146.31,0.05,0.14,0.06,0.49,0.58,0.39,0.31,0.68,0.22,0.62,-175.5,15.13,54.88,1.64,0.7,0.01,0.16,0.5,0.43,-0.1,0.46,-0.88,0.1,-91.0,56.69,156.5,0.49,0.79,0.91,0.73,0.97,0.39,0.53,0.68,0.2,0.46
1.42,-105.56,84.44,171.44,0.11,0.03,0.04,0.89,0.42,0.27,0.41,0.62,0.36,0.57,-102.12,81.31,146.31,0.06,0.09,0.09,0.48,0.48,0.08,0.31,0.68,0.22,0.62,-175.94,15.56,56.88,1.66,0.67,0.02,0.23,0.22,0.5,-0.1,0.48,-0.87,0.1,-89.87,56.19,158.12,0.53,0.65,0.28,1.49,0.07,0.62,0.55,0.68,0.21,0.45
1.43,-105.31,84.37,171.5,0.12,0.09,0.06,0.77,0.29,0.67,0.41,0.62,0.36,0.57,-102.12,81.37,146.56,0.09,0.04,0.08,0.7,0.16,0.43,0.31,0.68,0.22,0.62,-175.87,16.0,58.81,1.54,0.51,0.22,0.84,0.1,0.36,-0.1,0.49,-0.86,0.1,-88.69,55.81,159.75,0.43,0.45,0.93,1.23,0.68,0.66,0.56,0.67,0.22,0.43
1.44,-105.25,84.31,171.57,0.05,0.1,0.03,0.7,0.28,0.53,0.41,0.62,0.36,0.56,-102.09,81.44,146.94,0.08,0.03,0.06,0.46,0.22,0.6,0.31,0.68,0.23,0.62,-175.62,16.56,60.63,1.51,0.57,0.26,1.58,0.29,1.09,-0.11,0.5,-0.85,0.11,-87.06,55.69,161.81,0.39,0.41,0.89,2.02,0.05,0.51,0.58,0.65,0.24,0.42
1.45,-105.19,84.19,171.57,0.04,0.07,0.01,0.19,0.18,0.76,0.41,0.62,0.36,0.56,-102.05,81.5,147.31,0.06,0.02,0.05,0.23,0.29,0.78,0.31,0.68,0.23,0.62,-175.25,17.25,62.31,1.44,0.49,0.53,2.03,0.21,1.41,-0.11,0.52,-0.84,0.11,-86.12,55.38,163.12,0.17,0.51,0.34,1.73,0.27,1.05,0.59,0.65,0.25,0.41
1.46,-105.07,84.19,171.5,0.11,0.04,0.03,0.42,0.23,1.29,0.41,0.62,0.36,0.56,-102.05,81.56,147.44,0.09,0.03,0.09,0.02,0.42,0.07,0.31,0.68,0.23,0.62,-174.31,18.06,63.81,1.35,0.16,0.7,1.05,1.57,0.63,-0.11,0.53,-0.83,0.12,-85.56,54.94,164.19,0.14,0.56,0.48,1.25,0.13,1.05,0.6,0.64,0.25,0.4
1.47,-105.07,84.31,171.57,0.02,0.09,0.06,0.34,0.04,1.36,0.41,0.62,0.36,0.56,-102.02,81.62,148.1,0.09,0.03,0.1,0.05,0.4,0.1,0.32,0.68,0.23,0.62,-173.69,18.81,65.25,1.29,0.19,0.61,0.07,2.39,0.24,-0.11,0.54,-0.82,0.13,-84.81,54.56,165.44,0.14,0.45,0.64,1.73,0.2,0.5,0.61,0.64,0.26,0.39
1.48,-105.0,84.44,171.69,0.03,0.07,0.12,0.13,0.36,0.85,0.41,0.62,0.37,0.56,-101.99,81.69,148.75,0.09,0.03,0.12,0.09,0.39,0.12,0.32,0.68,0.24,0.62,-173.25,19.37,66.75,1.26,0.51,0.31,1.61,0.39,0.96,-0.11,0.55,-0.82,0.14,-84.06,54.19,166.56,0.19,0.49,0.21,1.17,0.63,0.2,0.62,0.63,0.27,0.38
1.49,-105.07,84.5,171.81,0.04,0.03,0.07,0.06,0.72,0.01,0.41,0.62,0.37,0.56,-102.05,81.75,149.44,0.04,0.14,0.13,0.2,0.61,0.78,0.32,0.68,0.24,0.62,-173.06,19.81,68.44,1.39,0.5,0.15,1.13,0.13,0.69,-0.11,0.56,-0.81,0.15,-83.5,53.69,167.31,0.19,0.53,0.32,0.19,0.68,0.13,0.63,0.63,0.27,0.37
1.5,-105.07,84.44,171.81,0.02,0.08,0.05,0.13,0.62,0.01,0.41,0.62,0.37,0.56,-102.12,81.69,150.75,0.04,0.15,0.06,0.06,0.52,0.45,0.33,0.67,0.25,0.61,-172.6,20.25,69.9,1.3,0.4,0.27,0.74,0.6,0.6,-0.11,0.57,-0.8,0.15,-82.81,53.19,168.44,0.12,0.6,0.58,0.37,0.46,0.02,0.64,0.62,0.27,0.36
1.51,-105.0,84.44,171.88,0.17,0.01,0.02,0.38,0.39,0.66,0.41,0.62,0.37,0.56,-102.18,81.56,151.63,0.01,0.16,0.04,0.33,0.01,0.44,0.34,0.67,0.25,0.61,-172.13,20.69,71.37,1.21,0.3,0.39,0.35,1.08,0.52,-0.11,0.58,-0.79,0.16,-82.28,52.75,169.34,0.1,0.51,0.36,0.24,0.5,0.66,0.64,0.62,0.28,0.35
1.52,-104.69,84.44,171.88,0.26,0.01,0.02,0.26,0.34,0.73,0.41,0.61,0.37,0.56,-102.12,81.37,152.25,0.07,0.15,0.02,0.18,0.81,0.06,0.34,0.67,0.26,0.61,-172.0,21.25,72.94,1.27,0.56,0.37,0.29,1.16,0.07,-0.11,0.59,-0.78,0.16,-81.75,52.31,170.25,0.07,0.42,0.15,0.11,0.54,1.3,0.65,0.61,0.28,0.35
1.53,-104.38,84.44,171.88,0.2,0.04,0.02,0.22,0.41,0.82,0.42,0.61,0.37,0.56,-102.18,81.25,152.87,0.03,0.14,0.02,0.08,0.52,0.13,0.34,0.67,0.26,0.6,-171.37,21.87,74.5,1.31,0.39,0.5,0.27,1.5,0.37,-0.11,0.6,-0.77,0.17,-81.63,51.94,170.69,0.17,0.25,0.72,0.04,0.38,1.03,0.65,0.61,0.28,0.34
1.54,-104.19,84.37,171.88,0.18,0.05,0.03,0.17,0.58,0.75,0.42,0.61,0.37,0.56,-102.3,81.12,153.75,0.01,0.19,0.08,0.58,0.15,0.25,0.35,0.67,0.26,0.6,-170.62,22.62,76.19,1.4,0.48,0.59,0.67,2.01,0.35,-0.1,0.62,-0.76,0.18,-81.19,51.88,171.62,0.19,0.12,0.83,0.7,0.71,0.64,0.66,0.61,0.29,0.33
1.55,-103.94,84.25,171.88,0.15,0.16,0.05,0.12,0.59,1.07,0.42,0.61,0.37,0.56,-102.37,81.0,154.94,0.03,0.22,0.1,0.32,0.03,0.73,0.36,0.67,0.27,0.6,-170.31,23.44,77.87,1.36,0.54,0.63,0.86,0.69,0.51,-0.11,0.63,-0.75,0.19,-81.0,52.0,172.19,0.18,0.03,0.4,1.17,0.95,0.74,0.66,0.61,0.29,0.33
1.56,-103.94,84.06,171.94,0.04,0.21,0.03,0.27,0.93,0.2,0.42,0.61,0.37,0.56,-102.55,80.75,156.56,0.07,0.3,0.09,0.28,0.06,0.03,0.36,0.66,0.28,0.59,-169.31,24.5,79.5,1.28,0.51,0.95,0.82,0.78,0.82,-0.1,0.64,-0.74,0.21,-81.37,52.13,172.13,0.31,0.15,0.16,1.39,0.21,0.62,0.66,0.61,0.29,0.33
1.57,-104.07,83.87,172.0,0.06,0.17,0.04,0.42,0.92,0.62,0.42,0.61,0.37,0.56,-102.62,80.5,157.88,0.05,0.25,0.09,0.68,0.49,0.47,0.37,0.66,0.28,0.59,-168.31,25.62,81.0,1.31,0.27,0.9,0.03,0.07,0.95,-0.1,0.65,-0.72,0.22,-81.81,52.56,172.25,0.55,0.36,0.65,2.83,0.27,0.33,0.66,0.61,0.29,0.34
1.58,-104.13,83.75,172.0,0.12,0.27,0.06,0.42,0.71,0.4,0.42,0.61,0.37,0.56,-102.68,80.31,158.87,0.03,0.21,0.08,0.16,0.37,0.47,0.38,0.66,0.29,0.58,-167.06,26.56,82.62,1.38,0.37,0.86,1.89,1.01,0.33,-0.1,0.66,-0.71,0.23,-82.5,53.13,172.19,0.03,0.08,0.34,0.21,0.32,0.25,0.65,0.61,0.3,0.34
1.59,-104.38,83.44,172.13,0.22,0.16,0.06,0.18,0.19,0.06,0.42,0.62,0.37,0.56,-102.74,80.12,159.75,0.06,0.29,0.05,0.68,0.18,0.13,0.38,0.66,0.29,0.58,-165.81,27.69,84.37,1.38,0.5,0.9,0.12,1.99,0.51,-0.1,0.67,-0.69,0.25,-82.5,56.5,172.19,0.03,0.05,0.04,0.03,0.27,0.41,0.64,0.6,0.32,0.36
1.6,-104.69,83.31,172.19,0.14,0.09,0.07,0.56,0.34,0.28,0.42,0.62,0.36,0.56,-102.68,79.81,160.63,0.15,0.31,0.06,0.88,0.52,0.18,0.39,0.66,0.29,0.57,-165.19,28.38,85.87,1.16,0.29,0.63,0.55,1.08,0.47,-0.09,0.68,-0.68,0.26,-82.37,56.62,172.44,0.02,0.05,0.01,0.29,0.27,0.46,0.64,0.6,0.32,0.36
1.61,-104.75,83.25,172.31,0.03,0.1,0.07,0.68,0.26,0.11,0.42,0.62,0.36,0.56,-102.62,79.44,161.56,0.33,0.32,0.03,0.57,0.61,0.3,0.39,0.66,0.3,0.57,-164.0,29.44,87.19,1.02,0.41,0.92,1.75,1.09,0.81,-0.09,0.69,-0.67,0.27,-82.44,56.62,172.13,0.01,0.05,0.09,0.48,0.97,0.32,0.64,0.6,0.32,0.36
1.62,-104.75,83.06,172.31,0.04,0.21,0.04,0.54,0.53,0.47,0.42,0.62,0.36,0.55,-103.06,79.12,162.19,0.45,0.26,0.09,0.53,0.17,0.23,0.4,0.66,0.3,0.57,-163.44,30.06,88.75,1.15,0.51,0.48,1.46,1.39,0.97,-0.09,0.7,-0.66,0.28,-82.44,56.69,171.81,0.05,0.05,0.04,0.51,0.49,0.08,0.64,0.6,0.31,0.36
1.63,-104.75,82.81,172.56,0.05,0.24,0.01,0.62,0.16,0.26,0.42,0.62,0.36,0.55,-103.3,78.81,162.19,0.25,0.22,0.16,0.08,0.53,1.25,0.4,0.66,0.3,0.57,-162.69,30.56,90.12,0.97,0.23,0.42,1.02,0.63,0.48,-0.08,0.7,-0.65,0.29,-82.31,56.75,172.0,0.01,0.08,0.07,0.65,0.27,0.14,0.64,0.6,0.32,0.36
1.64,-104.81,82.5,173.12,0.05,0.29,0.04,0.2,0.18,0.08,0.43,0.62,0.37,0.55,-103.06,78.44,162.06,0.14,0.33,0.08,0.01,0.31,1.08,0.4,0.66,0.29,0.56,-161.81,31.12,91.25,0.83,0.28,0.66,1.08,0.07,0.3,-0.08,0.71,-0.63,0.3,-82.25,56.87,172.19,0.01,0.11,0.06,0.43,0.66,0.01,0.64,0.6,0.32,0.36
1.65,-104.75,82.19,173.56,0.13,0.28,0.03,0.7,0.24,0.01,0.43,0.62,0.37,0.55,-102.93,78.19,162.25,0.02,0.23,0.02,0.04,1.0,0.46,0.4,0.66,0.29,0.56,-161.12,32.13,92.31,0.68,0.4,0.93,1.78,0.31,0.37,-0.08,0.72,-0.62,0.31,-82.19,57.0,172.19,0.03,0.1,0.03,0.05,0.4,0.58,0.64,0.6,0.32,0.36
1.66,-104.56,81.94,173.81,0.12,0.27,0.02,0.63,0.12,0.06,0.43,0.62,0.37,0.54,-102.99,78.06,162.56,0.07,0.03,0.04,0.17,0.75,0.81,0.4,0.66,0.3,0.56,-160.0,33.06,93.12,0.57,0.16,0.85,1.84,2.03,0.61,-0.07,0.72,-0.61,0.32,-81.94,57.12,172.69,0.05,0.1,0.14,0.51,0.09,0.75,0.64,0.6,0.32,0.36
1.67,-104.44,81.63,173.81,0.09,0.25,0.03,0.22,0.77,0.38,0.44,0.62,0.37,0.54,-103.06,78.12,162.62,0.01,0.06,0.01,0.12,0.42,1.21,0.4,0.66,0.3,0.56,-159.37,33.63,93.87,0.66,0.02,0.34,0.7,1.62,0.36,-0.07,0.72,-0.61,0.32,-81.81,57.25,172.82,0.1,0.07,0.03,1.03,0.08,1.9,0.64,0.6,0.33,0.35
1.68,-104.25,81.37,173.69,0.07,0.23,0.04,0.25,1.0,0.19,0.44,0.62,0.37,0.54,-103.06,78.19,162.5,0.08,0.1,0.01,0.3,0.44,0.53,0.4,0.66,0.3,0.56,-159.06,33.69,94.25,0.6,0.11,0.12,0.17,0.86,0.53,-0.07,0.73,-0.6,0.33,-81.62,57.19,172.69,0.25,0.02,0.09,1.44,0.07,2.63,0.64,0.6,0.32,0.35
1.69,-104.19,81.12,173.56,0.08,0.2,0.01,0.76,0.7,0.02,0.44,0.62,0.37,0.54,-102.93,78.25,162.25,0.01,0.05,0.02,0.3,0.12,0.58,0.4,0.66,0.29,0.56,-158.69,33.81,95.0,0.55,0.27,0.13,0.18,0.93,0.45,-0.06,0.73,-0.6,0.33,-81.25,57.06,172.69,0.42,0.15,0.12,1.76,0.01,3.18,0.65,0.59,0.33,0.35
1.7,-104.38,80.94,174.0,0.2,0.22,0.04,0.3,0.11,0.72,0.44,0.62,0.37,0.54,-102.99,78.31,162.37,0.02,0.06,0.07,0.44,0.4,0.75,0.4,0.66,0.3,0.56,-158.94,33.94,95.87,0.66,0.33,0.17,0.17,0.6,0.65,-0.06,0.73,-0.59,0.33,-80.62,56.69,173.06,0.7,0.39,0.16,2.57,0.84,2.99,0.65,0.59,0.33,0.35
1.71,-104.81,80.62,174.87,0.24,0.23,0.07,0.14,0.31,1.13,0.44,0.62,0.37,0.53,-102.99,78.44,162.56,0.24,0.06,0.13,0.41,0.16,0.02,0.4,0.66,0.3,0.56,-158.63,34.06,96.81,0.51,0.14,0.29,0.96,0.82,0.43,-0.06,0.74,-0.58,0.33,-79.87,56.19,173.38,0.77,0.41,0.28,3.1,1.66,3.19,0.66,0.59,0.33,0.34
1.72,-104.94,80.38,175.25,0.05,0.3,0.01,0.48,0.51,0.36,0.44,0.62,0.37,0.53,-102.8,78.5,162.88,0.24,0.04,0.15,0.38,0.41,0.14,0.4,0.66,0.3,0.56,-157.94,34.56,97.37,0.34,0.01,0.55,0.67,1.31,0.12,-0.06,0.74,-0.58,0.34,-79.19,55.56,173.44,0.79,0.57,0.33,3.16,0.32,3.35,0.66,0.58,0.33,0.34
1.73,-104.75,80.0,174.75,0.11,0.3,0.11,0.49,0.51,0.14,0.44,0.62,0.36,0.53,-102.68,78.62,163.31,0.04,0.11,0.09,0.38,0.63,1.01,0.41,0.66,0.3,0.56,-157.19,35.19,97.69,0.27,0.16,0.57,1.69,1.86,1.23,-0.05,0.74,-0.57,0.35,-78.44,54.56,173.69,1.01,1.04,0.68,3.72,0.89,3.71,0.67,0.58,0.32,0.33
1.74,-104.5,79.81,174.0,0.05,0.11,0.11,0.04,0.04,1.32,0.44,0.63,0.36,0.53,-102.74,78.81,163.44,0.02,0.34,0.03,0.28,0.41,0.69,0.41,0.65,0.31,0.56,-156.16,35.97,97.56,0.18,0.17,0.5,1.37,2.0,1.35,-0.05,0.74,-0.57,0.36,-77.94,53.19,172.94,1.05,1.13,0.91,3.74,0.84,3.99,0.68,0.58,0.31,0.32
1.75,-104.5,79.81,173.69,0.05,0.07,0.04,0.13,0.05,1.19,0.44,0.63,0.36,0.53,-102.74,79.19,162.94,0.01,0.37,0.01,0.03,0.28,0.04,0.4,0.65,0.3,0.56,-155.12,36.75,97.44,0.08,0.18,0.43,1.05,2.14,1.47,-0.05,0.74,-0.56,0.37,-77.69,51.56,171.38,1.21,1.15,1.23,3.99,0.63,3.19,0.68,0.59,0.3,0.32
1.76,-104.56,79.94,173.63,0.07,0.1,0.01,0.18,0.2,0.7,0.44,0.63,0.36,0.53,-102.87,79.5,162.12,0.07,0.24,0.07,0.47,0.43,1.3,0.4,0.66,0.3,0.57,-154.38,37.0,98.0,0.63,0.15,0.3,0.25,1.13,0.65,-0.04,0.74,-0.55,0.37,-77.37,50.06,170.06,1.22,1.04,1.23,3.93,0.3,3.05,0.68,0.59,0.28,0.32
1.77,-104.69,80.0,173.69,0.05,0.11,0.01,0.33,0.34,0.43,0.44,0.63,0.36,0.53,-102.87,79.69,161.62,0.1,0.21,0.08,0.27,0.06,0.67,0.39,0.66,0.3,0.57,-153.44,37.34,98.34,0.55,0.16,0.22,0.48,1.95,1.08,-0.04,0.75,-0.55,0.38,-77.12,48.5,169.0,1.11,1.04,1.21,4.01,0.65,3.65,0.69,0.6,0.27,0.32
1.78,-104.56,79.87,173.44,0.04,0.11,0.05,0.19,0.37,0.55,0.44,0.63,0.36,0.53,-102.87,79.94,161.62,0.1,0.21,0.12,0.06,0.28,0.06,0.39,0.66,0.3,0.57,-152.5,37.69,98.69,0.46,0.17,0.13,0.7,2.77,1.52,-0.03,0.75,-0.54,0.38,-76.81,47.0,168.13,1.18,0.96,1.12,4.55,1.13,1.59,0.69,0.6,0.25,0.32
1.79,-104.5,79.62,173.25,0.02,0.25,0.05,0.17,0.22,0.4,0.44,0.63,0.36,0.53,-102.93,80.0,162.25,0.03,0.08,0.08,0.28,0.08,0.26,0.39,0.65,0.3,0.57,-152.25,37.5,99.06,0.43,0.07,0.3,0.32,0.25,0.61,-0.03,0.75,-0.54,0.38,-75.87,46.0,168.13,1.26,0.53,0.72,4.11,0.26,1.41,0.7,0.59,0.25,0.31
1.8,-104.38,79.31,172.94,0.02,0.25,0.1,0.15,0.58,0.5,0.44,0.63,0.35,0.53,-102.93,80.0,162.69,0.07,0.03,0.05,0.37,0.12,0.62,0.4,0.65,0.31,0.57,-152.38,37.19,99.5,0.49,0.03,0.32,0.33,0.24,0.47,-0.03,0.75,-0.54,0.38,-74.62,45.5,168.44,1.13,0.22,0.5,3.83,0.47,1.77,0.71,0.59,0.25,0.31
1.81,-104.13,79.06,172.5,0.01,0.23,0.09,0.19,0.57,1.1,0.44,0.63,0.35,0.53,-102.87,80.06,162.69,0.11,0.1,0.04,0.13,0.13,0.7,0.4,0.65,0.31,0.57,-152.12,37.13,99.94,0.32,0.02,0.28,0.2,0.17,0.18,-0.02,0.75,-0.53,0.38,-73.69,45.19,168.44,0.81,0.09,0.47,3.8,0.07,1.76,0.71,0.58,0.25,0.3
1.82,-104.07,78.94,172.38,0.05,0.16,0.04,0.05,0.17,1.31,0.44,0.63,0.35,0.53,-102.74,80.19,162.56,0.1,0.03,0.01,0.06,0.08,0.33,0.4,0.65,0.31,0.57,-151.56,37.44,100.31,0.32,0.05,0.29,0.08,0.54,0.26,-0.02,0.76,-0.53,0.39,-73.19,45.12,168.0,0.54,0.16,0.46,3.41,0.11,1.52,0.71,0.58,0.25,0.3
