0.01,6.0,85.06,177.94,9.71,0.34,0.7,0.01,0.01,0.0,56.56,22.25,23.0,0.05,0.0,0.05,0.68,0.01,0.73,0.04
0.02,6.0,85.06,177.94,9.73,0.4,0.69,0.01,0.0,0.0,55.88,21.5,25.37,0.03,0.05,0.06,0.68,0.01,0.73,0.04
0.03,6.0,85.06,177.94,9.73,0.34,0.75,0.0,0.01,0.0,55.88,21.5,25.37,0.03,0.0,0.0,0.68,0.01,0.73,0.04
0.04,6.0,85.06,177.94,9.68,0.33,0.77,0.01,0.01,0.0,56.56,22.25,25.0,0.06,0.02,0.01,0.68,0.01,0.73,0.04
0.05,6.0,85.06,177.94,9.69,0.33,0.75,0.01,0.01,0.0,56.56,22.25,25.0,0.07,0.01,0.0,0.68,0.01,0.73,0.04
0.06,6.0,85.12,177.94,9.71,0.31,0.73,0.02,0.01,0.0,56.56,22.25,25.0,0.05,0.03,0.02,0.68,0.01,0.73,0.04
0.07,6.06,85.12,177.94,9.76,0.31,0.68,0.01,0.01,0.0,56.56,22.25,26.56,0.01,0.03,0.06,0.68,0.01,0.73,0.04
0.08,6.06,85.12,177.94,9.76,0.3,0.67,0.0,0.02,0.0,57.38,22.25,23.75,0.0,0.05,0.02,0.68,0.01,0.73,0.04
0.09,6.06,85.12,177.94,9.72,0.29,0.71,0.01,0.02,0.0,57.38,22.25,23.75,0.04,0.05,0.02,0.68,0.01,0.73,0.04
0.1,6.06,85.19,177.94,9.71,0.31,0.75,0.03,0.0,0.0,57.38,22.25,23.75,0.05,0.03,0.01,0.68,0.01,0.73,0.04
0.11,6.12,85.19,177.94,9.69,0.36,0.77,0.03,0.01,0.0,56.25,20.5,25.06,0.1,0.01,0.02,0.68,0.01,0.73,0.04
0.12,6.12,85.19,177.94,9.7,0.34,0.76,0.01,0.02,0.0,56.25,20.5,25.06,0.04,0.01,0.01,0.68,0.01,0.73,0.04
0.13,6.12,85.19,177.94,9.72,0.34,0.75,0.01,0.03,0.0,56.25,20.5,25.06,0.06,0.01,0.08,0.68,0.01,0.73,0.04
0.14,6.12,85.25,177.94,9.7,0.32,0.61,0.0,0.03,0.0,56.25,22.69,25.75,0.05,0.0,0.13,0.68,0.01,0.73,0.04
0.15,6.12,85.25,177.94,9.74,0.34,0.64,0.01,0.01,0.01,56.25,22.69,25.75,0.01,0.0,0.0,0.68,0.01,0.73,0.04
0.16,6.19,85.25,177.94,9.71,0.33,0.75,0.02,0.02,0.0,55.56,22.19,25.0,0.06,0.01,0.02,0.68,0.01,0.73,0.04
0.17,6.19,85.31,177.87,9.72,0.33,0.68,0.02,0.02,0.0,55.56,22.19,25.0,0.05,0.01,0.07,0.68,0.01,0.73,0.04
0.18,6.19,85.31,177.87,9.68,0.32,0.68,0.0,0.02,0.0,55.88,21.75,25.0,0.08,0.03,0.02,0.68,0.01,0.73,0.04
0.19,6.19,85.31,177.87,9.72,0.32,0.7,0.0,0.01,0.0,56.25,22.19,25.0,0.05,0.02,0.0,0.68,0.01,0.73,0.04
0.2,6.19,85.31,177.87,9.73,0.31,0.69,0.0,0.0,0.0,56.25,22.19,25.0,0.03,0.03,0.01,0.68,0.01,0.73,0.04
0.21,6.19,85.31,177.87,9.76,0.33,0.68,0.0,0.01,0.0,57.38,21.37,24.56,0.01,0.02,0.01,0.68,0.01,0.73,0.04
0.22,6.19,85.38,177.87,9.75,0.33,0.7,0.01,0.02,0.0,57.38,21.37,24.56,0.02,0.02,0.0,0.68,0.01,0.73,0.04
0.23,6.19,85.38,177.87,9.72,0.31,0.63,0.0,0.02,0.0,57.38,21.37,24.56,0.05,0.03,0.07,0.68,0.01,0.73,0.04
0.24,6.19,85.38,177.87,9.71,0.31,0.65,0.0,0.02,0.0,55.56,21.37,25.75,0.05,0.04,0.03,0.68,0.01,0.73,0.04
0.25,6.19,85.38,177.87,9.7,0.28,0.68,0.01,0.02,0.0,55.56,21.37,25.75,0.07,0.06,0.01,0.68,0.01,0.73,0.04
0.26,6.19,85.44,177.87,9.7,0.28,0.64,0.0,0.02,0.0,56.56,21.75,24.19,0.07,0.06,0.04,0.68,0.01,0.73,0.04
0.27,6.19,85.44,177.87,9.73,0.36,0.64,0.01,0.02,0.0,56.56,21.75,24.19,0.04,0.01,0.04,0.68,0.01,0.73,0.04
0.28,6.19,85.5,177.87,9.71,0.35,0.59,0.02,0.02,0.0,56.56,21.75,24.19,0.06,0.0,0.08,0.68,0.01,0.73,0.04
0.29,6.19,85.5,177.94,9.74,0.37,0.63,0.02,0.02,0.01,57.0,19.56,25.37,0.02,0.01,0.04,0.68,0.01,0.73,0.04
0.3,6.12,85.5,177.94,9.73,0.36,0.65,0.02,0.01,0.0,57.0,19.56,25.37,0.03,0.01,0.02,0.68,0.01,0.73,0.04
0.31,6.12,85.5,177.94,9.7,0.34,0.65,0.0,0.01,0.0,57.75,21.75,25.37,0.06,0.01,0.01,0.68,0.01,0.73,0.04
0.32,6.12,85.5,177.94,9.73,0.31,0.73,0.02,0.01,0.01,57.75,21.75,25.37,0.04,0.03,0.05,0.68,0.01,0.73,0.04
0.33,6.12,85.56,177.94,9.7,0.32,0.74,0.03,0.01,0.01,57.75,21.75,25.37,0.06,0.03,0.07,0.68,0.01,0.73,0.04
0.34,6.19,85.56,177.87,9.66,0.27,0.59,0.01,0.01,0.0,55.88,22.19,25.37,0.11,0.07,0.07,0.68,0.01,0.73,0.04
0.35,6.19,85.56,177.94,9.74,0.31,0.57,0.01,0.01,0.0,56.56,21.75,25.37,0.06,0.02,0.05,0.68,0.01,0.73,0.04
0.36,6.19,85.56,177.94,9.71,0.32,0.59,0.0,0.02,0.0,56.56,21.75,25.37,0.06,0.03,0.01,0.68,0.01,0.73,0.04
0.37,6.19,85.5,177.94,9.72,0.32,0.67,0.01,0.03,0.0,56.56,21.75,25.37,0.05,0.03,0.0,0.68,0.01,0.73,0.04
0.38,6.19,85.5,177.94,9.71,0.32,0.66,0.01,0.01,0.0,56.25,23.25,25.0,0.06,0.03,0.01,0.68,0.01,0.73,0.04
0.39,6.19,85.5,177.94,9.72,0.29,0.63,0.02,0.0,0.0,56.25,23.25,25.0,0.04,0.05,0.04,0.68,0.01,0.73,0.04
0.4,6.12,85.5,177.94,9.7,0.28,0.59,0.03,0.0,0.0,57.0,22.87,24.56,0.04,0.05,0.13,0.68,0.01,0.73,0.04
0.41,6.12,85.5,177.94,9.71,0.3,0.58,0.02,0.02,0.0,57.0,22.87,24.56,0.01,0.02,0.02,0.68,0.01,0.73,0.04
0.42,6.12,85.44,177.94,9.78,0.35,0.69,0.0,0.03,0.0,57.0,22.87,24.56,0.0,0.0,0.0,0.68,0.01,0.73,0.04
0.43,6.12,85.44,177.94,9.74,0.36,0.73,0.01,0.01,0.0,57.0,22.56,24.19,0.02,0.01,0.04,0.68,0.01,0.73,0.04
0.44,6.12,85.44,177.94,9.68,0.32,0.62,0.0,0.02,0.01,56.25,22.56,23.75,0.07,0.03,0.11,0.68,0.01,0.73,0.04
0.45,6.12,85.44,177.94,9.74,0.34,0.63,0.01,0.02,0.01,56.25,22.56,23.75,0.03,0.0,0.06,0.68,0.01,0.73,0.04
0.46,6.12,85.38,177.94,9.72,0.32,0.66,0.01,0.03,0.0,56.56,22.19,25.0,0.04,0.03,0.03,0.68,0.01,0.73,0.04
0.47,6.12,85.31,177.94,9.73,0.29,0.68,0.01,0.02,0.0,56.56,22.19,25.0,0.04,0.05,0.02,0.68,0.01,0.73,0.04
0.48,6.12,85.31,177.94,9.73,0.3,0.64,0.01,0.02,0.0,57.0,22.56,24.56,0.04,0.04,0.06,0.68,0.01,0.73,0.04
0.49,6.12,85.31,177.94,9.75,0.29,0.66,0.0,0.02,0.01,57.0,22.56,24.56,0.02,0.05,0.05,0.68,0.01,0.73,0.04
0.5,6.12,85.25,177.94,9.71,0.29,0.63,0.0,0.02,0.01,57.0,22.56,24.56,0.05,0.05,0.09,0.68,0.01,0.73,0.04
0.51,6.19,85.25,177.94,9.7,0.3,0.62,0.01,0.02,0.01,56.56,22.19,24.56,0.05,0.03,0.03,0.68,0.01,0.73,0.04
0.52,6.19,85.25,177.94,9.7,0.29,0.75,0.01,0.02,0.01,56.56,22.19,24.56,0.06,0.03,0.02,0.68,0.01,0.73,0.04
0.53,6.19,85.19,177.94,9.7,0.32,0.77,0.01,0.01,0.01,56.0,22.87,25.75,0.07,0.04,0.02,0.68,0.01,0.73,0.04
0.54,6.19,85.19,177.94,9.72,0.34,0.67,0.0,0.01,0.01,56.0,22.87,25.75,0.03,0.0,0.03,0.68,0.01,0.73,0.04
0.55,6.19,85.19,177.94,9.79,0.34,0.7,0.0,0.0,0.01,56.25,21.75,25.0,0.01,0.01,0.03,0.68,0.01,0.73,0.04
0.56,6.19,85.19,177.94,9.7,0.29,0.7,0.0,0.0,0.0,56.25,21.75,25.0,0.06,0.05,0.03,0.68,0.01,0.73,0.04
0.57,6.19,85.19,177.94,9.7,0.31,0.68,0.01,0.0,0.0,56.25,22.87,23.0,0.06,0.03,0.05,0.68,0.01,0.73,0.04
0.58,6.19,85.19,177.94,9.71,0.34,0.72,0.01,0.0,0.0,56.25,22.87,23.0,0.05,0.01,0.0,0.68,0.01,0.73,0.04
0.59,6.19,85.19,177.94,9.75,0.35,0.72,0.01,0.01,0.0,56.25,22.87,23.0,0.02,0.0,0.01,0.68,0.01,0.73,0.04
0.6,6.19,85.19,177.87,9.72,0.33,0.7,0.01,0.01,0.0,56.56,22.87,25.37,0.04,0.01,0.02,0.68,0.01,0.73,0.04
0.61,6.19,85.19,177.87,9.75,0.29,0.69,0.0,0.01,0.0,56.56,22.87,25.37,0.01,0.05,0.03,0.68,0.01,0.73,0.04
0.62,6.19,85.19,177.87,9.72,0.28,0.69,0.0,0.02,0.0,55.88,22.19,24.19,0.04,0.06,0.03,0.68,0.01,0.73,0.04
0.63,6.19,85.25,177.87,9.68,0.29,0.75,0.0,0.01,0.01,55.88,22.19,24.19,0.08,0.05,0.02,0.68,0.01,0.73,0.04
0.64,6.19,85.25,177.87,9.72,0.35,0.69,0.01,0.0,0.01,55.88,22.19,24.19,0.04,0.0,0.03,0.68,0.01,0.73,0.04
0.65,6.19,85.25,177.87,9.67,0.42,0.71,0.02,0.0,0.0,56.56,21.75,25.75,0.09,0.06,0.01,0.68,0.01,0.73,0.04
0.66,6.25,85.25,177.87,9.73,0.37,0.75,0.02,0.0,0.0,56.56,21.75,25.75,0.03,0.02,0.02,0.68,0.01,0.73,0.04
0.67,6.25,85.25,177.87,9.72,0.36,0.71,0.02,0.01,0.0,56.56,20.75,24.19,0.05,0.0,0.06,0.68,0.01,0.73,0.04
0.68,6.31,85.25,177.87,9.69,0.35,0.65,0.02,0.0,0.0,56.56,20.75,24.19,0.07,0.0,0.07,0.68,0.01,0.73,0.04
0.69,6.31,85.25,177.87,9.72,0.32,0.69,0.02,0.01,0.0,56.56,20.75,24.19,0.04,0.03,0.03,0.68,0.01,0.73,0.04
0.7,6.31,85.19,177.87,9.73,0.32,0.71,0.03,0.01,0.0,56.56,21.75,25.0,0.03,0.01,0.01,0.68,0.01,0.73,0.04
0.71,6.37,85.19,177.87,9.71,0.33,0.74,0.03,0.0,0.0,56.56,21.75,25.0,0.06,0.0,0.05,0.68,0.01,0.73,0.04
0.72,6.37,85.19,177.87,9.71,0.36,0.63,0.03,0.0,0.0,56.56,22.87,25.75,0.05,0.0,0.08,0.68,0.01,0.73,0.04
0.73,6.44,85.19,177.87,9.71,0.34,0.67,0.02,0.01,0.0,56.56,22.87,25.75,0.06,0.0,0.01,0.68,0.01,0.73,0.04
0.74,6.44,85.19,177.87,9.72,0.32,0.71,0.02,0.02,0.0,56.25,22.19,25.75,0.04,0.02,0.01,0.68,0.01,0.73,0.04
0.75,6.5,85.19,177.87,9.76,0.3,0.73,0.01,0.02,0.0,56.25,22.19,25.75,0.0,0.04,0.0,0.68,0.01,0.73,0.04
0.76,6.5,85.19,177.87,9.71,0.32,0.7,0.01,0.01,0.0,56.25,21.75,25.75,0.05,0.02,0.03,0.68,0.02,0.73,0.04
0.77,6.5,85.12,177.87,9.71,0.32,0.72,0.01,0.02,0.0,56.25,21.75,25.75,0.05,0.02,0.01,0.68,0.02,0.73,0.04
0.78,6.5,85.12,177.87,9.71,0.3,0.68,0.0,0.01,0.0,56.25,21.75,25.75,0.05,0.05,0.05,0.68,0.02,0.73,0.04
0.79,6.5,85.12,177.87,9.73,0.32,0.69,0.0,0.01,0.01,56.56,22.56,25.0,0.03,0.02,0.04,0.68,0.02,0.73,0.04
0.8,6.5,85.12,177.87,9.73,0.34,0.72,0.01,0.01,0.0,56.56,22.56,25.0,0.03,0.01,0.02,0.68,0.02,0.73,0.04
0.81,6.5,85.12,177.87,9.71,0.36,0.72,0.01,0.0,0.0,55.88,22.56,23.75,0.07,0.0,0.02,0.68,0.02,0.73,0.04
0.82,6.5,85.12,177.87,9.71,0.34,0.7,0.0,0.0,0.0,55.88,22.56,23.75,0.05,0.01,0.04,0.68,0.02,0.73,0.04
0.83,6.5,85.12,177.87,9.74,0.35,0.75,0.0,0.01,0.0,56.56,21.06,25.0,0.02,0.0,0.0,0.68,0.02,0.73,0.04
0.84,6.5,85.12,177.87,9.75,0.35,0.76,0.0,0.0,0.0,56.56,21.06,25.0,0.01,0.0,0.01,0.68,0.02,0.73,0.04
0.85,6.5,85.12,177.87,9.71,0.36,0.75,0.01,0.01,0.0,55.56,22.56,23.75,0.07,0.0,0.0,0.68,0.02,0.73,0.04
0.86,6.5,85.12,177.87,9.7,0.36,0.75,0.01,0.01,0.0,55.56,22.56,23.75,0.05,0.01,0.0,0.68,0.02,0.73,0.04
0.87,6.5,85.12,177.87,9.71,0.35,0.75,0.0,0.0,0.0,55.56,22.56,23.75,0.05,0.0,0.0,0.68,0.02,0.73,0.04
0.88,6.5,85.12,177.87,9.69,0.33,0.75,0.01,0.0,0.0,56.25,21.75,25.37,0.07,0.02,0.0,0.68,0.02,0.73,0.04
0.89,6.5,85.12,177.87,9.75,0.29,0.7,0.01,0.0,0.0,56.25,21.75,25.37,0.01,0.05,0.04,0.68,0.02,0.73,0.04
0.9,6.5,85.12,177.87,9.75,0.29,0.71,0.01,0.02,0.01,55.88,22.56,25.37,0.04,0.05,0.05,0.68,0.02,0.73,0.04
0.91,6.5,85.12,177.87,9.69,0.31,0.75,0.0,0.01,0.0,55.88,22.56,25.37,0.07,0.03,0.0,0.68,0.01,0.73,0.04
0.92,6.5,85.12,177.87,9.75,0.34,0.7,0.0,0.02,0.0,55.88,22.56,25.37,0.01,0.01,0.04,0.68,0.01,0.73,0.04
0.93,6.5,85.12,177.87,9.67,0.4,0.7,0.0,0.01,0.0,56.56,22.56,25.37,0.09,0.05,0.04,0.68,0.01,0.73,0.04
0.94,6.5,85.12,177.87,9.71,0.38,0.78,0.01,0.0,0.0,56.56,22.56,25.37,0.05,0.03,0.03,0.68,0.01,0.73,0.04
0.95,6.5,85.12,177.87,9.72,0.35,0.68,0.0,0.01,0.0,56.25,20.37,23.75,0.04,0.0,0.06,0.68,0.01,0.73,0.04
0.96,6.5,85.12,177.87,9.71,0.35,0.69,0.0,0.0,0.0,56.25,20.37,23.75,0.05,0.0,0.05,0.68,0.01,0.73,0.04
0.97,6.5,85.12,177.87,9.74,0.32,0.71,0.0,0.01,0.0,56.25,20.37,23.75,0.02,0.03,0.03,0.68,0.01,0.73,0.04
0.98,6.5,85.12,177.87,9.74,0.32,0.74,0.01,0.0,0.01,56.56,22.56,24.19,0.02,0.03,0.0,0.68,0.01,0.73,0.04
0.99,6.5,85.12,177.87,9.7,0.33,0.74,0.01,0.01,0.0,56.56,22.56,24.19,0.06,0.01,0.0,0.68,0.01,0.73,0.04
1.0,6.5,85.12,177.87,9.71,0.36,0.71,0.0,0.01,0.0,56.25,21.75,24.19,0.05,0.0,0.03,0.68,0.01,0.73,0.04
1.01,6.5,85.12,177.87,9.7,0.35,0.71,0.0,0.01,0.0,56.25,21.75,24.19,0.06,0.0,0.03,0.68,0.01,0.73,0.04
1.02,6.5,85.12,177.87,9.74,0.31,0.74,0.02,0.0,0.0,55.88,21.37,24.19,0.02,0.03,0.0,0.68,0.02,0.73,0.04
1.03,6.5,85.12,177.87,9.72,0.3,0.67,0.01,0.01,0.0,56.56,22.19,25.0,0.04,0.05,0.07,0.68,0.02,0.73,0.04
1.04,6.5,85.12,177.87,9.7,0.32,0.69,0.0,0.01,0.0,56.56,22.19,25.0,0.06,0.02,0.04,0.68,0.02,0.73,0.04
1.05,6.5,85.12,177.87,9.71,0.34,0.71,0.01,0.01,0.0,56.56,22.19,25.0,0.05,0.01,0.03,0.68,0.02,0.73,0.04
1.06,6.5,85.12,177.87,9.7,0.33,0.69,0.0,0.0,0.0,56.56,21.06,25.37,0.06,0.01,0.05,0.68,0.02,0.73,0.04
1.07,6.5,85.12,177.87,9.72,0.36,0.75,0.0,0.01,0.0,56.56,21.06,25.37,0.04,0.0,0.0,0.68,0.02,0.73,0.04
1.08,6.5,85.12,177.87,9.73,0.35,0.75,0.01,0.01,0.0,56.25,22.19,25.0,0.03,0.0,0.01,0.68,0.02,0.73,0.04
1.09,6.5,85.12,177.87,9.71,0.33,0.72,0.0,0.01,0.0,56.25,22.19,25.0,0.05,0.01,0.02,0.68,0.02,0.73,0.04
1.1,6.5,85.12,177.87,9.73,0.33,0.66,0.01,0.01,0.0,56.25,22.19,25.0,0.03,0.01,0.07,0.68,0.02,0.73,0.04
1.11,6.5,85.12,177.87,9.76,0.32,0.66,0.0,0.0,0.0,56.56,23.25,24.56,0.01,0.02,0.07,0.68,0.02,0.73,0.04
1.12,6.5,85.12,177.87,9.74,0.32,0.71,0.0,0.01,0.0,56.56,23.25,24.56,0.02,0.03,0.02,0.68,0.02,0.73,0.04
1.13,6.5,85.19,177.87,9.7,0.33,0.72,0.0,0.01,0.0,55.56,21.06,23.75,0.07,0.03,0.01,0.68,0.02,0.73,0.04
1.14,6.5,85.19,177.87,9.69,0.31,0.72,0.0,0.01,0.0,55.56,21.06,23.75,0.07,0.03,0.01,0.68,0.02,0.73,0.04
1.15,6.5,85.19,177.87,9.74,0.32,0.68,0.0,0.01,0.0,55.56,21.06,23.75,0.02,0.03,0.05,0.68,0.02,0.73,0.04
1.16,6.5,85.19,177.87,9.73,0.33,0.67,0.01,0.01,0.0,56.56,22.19,24.56,0.03,0.01,0.05,0.68,0.02,0.73,0.04
1.17,6.5,85.19,177.87,9.71,0.3,0.63,0.0,0.01,0.0,56.56,22.19,24.56,0.05,0.05,0.1,0.68,0.02,0.73,0.04
1.18,6.5,85.19,177.87,9.73,0.28,0.62,0.0,0.02,0.0,56.56,21.06,25.0,0.03,0.05,0.09,0.68,0.02,0.73,0.04
1.19,6.5,85.25,177.87,9.69,0.28,0.66,0.02,0.02,0.0,56.56,21.06,25.0,0.08,0.04,0.04,0.68,0.01,0.73,0.04
1.2,6.44,85.25,177.87,9.74,0.28,0.66,0.02,0.01,0.01,56.56,21.06,25.0,0.03,0.06,0.05,0.68,0.01,0.73,0.04
1.21,6.44,85.25,177.87,9.74,0.38,0.63,0.0,0.0,0.0,57.38,22.19,25.06,0.02,0.02,0.09,0.68,0.01,0.73,0.04
1.22,6.44,85.25,177.87,9.75,0.37,0.64,0.01,0.01,0.0,56.25,22.56,25.0,0.04,0.02,0.1,0.68,0.01,0.73,0.04
1.23,6.44,85.25,177.87,9.72,0.38,0.6,0.01,0.02,0.0,56.25,22.56,25.0,0.06,0.02,0.09,0.68,0.01,0.73,0.04
1.24,6.44,85.25,177.87,9.72,0.37,0.65,0.0,0.0,0.0,56.25,22.56,25.0,0.05,0.01,0.05,0.68,0.01,0.73,0.04
1.25,6.44,85.25,177.87,9.75,0.3,0.7,0.01,0.0,0.0,56.25,21.75,25.37,0.01,0.04,0.01,0.68,0.01,0.73,0.04
1.26,6.44,85.25,177.87,9.73,0.28,0.73,0.02,0.01,0.0,56.25,21.75,25.37,0.03,0.06,0.01,0.68,0.01,0.73,0.04
1.27,6.44,85.31,177.87,9.73,0.27,0.67,0.01,0.02,0.0,55.88,22.56,25.37,0.03,0.1,0.06,0.68,0.01,0.73,0.04
1.28,6.44,85.31,177.87,9.69,0.29,0.62,0.0,0.01,0.0,55.88,22.56,25.37,0.07,0.06,0.08,0.68,0.01,0.73,0.04
1.29,6.44,85.31,177.87,9.72,0.29,0.67,0.0,0.0,0.0,56.56,22.87,23.75,0.04,0.05,0.03,0.68,0.01,0.73,0.04
1.3,6.44,85.31,177.87,9.72,0.28,0.69,0.0,0.01,0.0,56.56,22.87,23.75,0.04,0.07,0.01,0.68,0.01,0.73,0.04
1.31,6.44,85.31,177.87,9.74,0.29,0.68,0.01,0.01,0.0,55.56,22.56,24.19,0.03,0.05,0.02,0.68,0.01,0.73,0.04
1.32,6.44,85.31,177.87,9.76,0.32,0.69,0.02,0.01,0.0,55.56,22.56,24.19,0.01,0.03,0.01,0.68,0.01,0.73,0.04
1.33,6.44,85.31,177.87,9.72,0.33,0.67,0.02,0.01,0.0,55.56,22.56,24.19,0.05,0.01,0.03,0.68,0.01,0.73,0.04
1.34,6.37,85.31,177.87,9.71,0.31,0.69,0.01,0.01,0.0,55.88,22.56,24.56,0.06,0.03,0.01,0.68,0.01,0.73,0.04
1.35,6.37,85.31,177.87,9.67,0.29,0.68,0.0,0.01,0.0,55.88,22.56,24.56,0.09,0.06,0.01,0.68,0.01,0.73,0.04
1.36,6.37,85.38,177.87,9.72,0.31,0.67,0.0,0.01,0.0,57.0,21.75,25.0,0.05,0.03,0.02,0.68,0.01,0.73,0.04
1.37,6.37,85.38,177.87,9.73,0.3,0.67,0.01,0.01,0.0,57.0,21.75,25.0,0.04,0.05,0.02,0.68,0.01,0.73,0.04
1.38,6.37,85.38,177.87,9.73,0.3,0.6,0.01,0.01,0.0,57.0,21.75,25.0,0.03,0.04,0.09,0.68,0.01,0.73,0.04
1.39,6.37,85.38,177.87,9.71,0.33,0.59,0.02,0.01,0.0,56.56,20.75,24.56,0.05,0.01,0.1,0.68,0.01,0.73,0.04
1.4,6.37,85.38,177.87,9.72,0.36,0.65,0.02,0.02,0.01,56.56,20.75,24.56,0.04,0.01,0.04,0.68,0.01,0.73,0.04
1.41,6.31,85.44,177.87,9.72,0.32,0.72,0.01,0.02,0.01,56.56,22.19,24.19,0.05,0.02,0.02,0.68,0.01,0.73,0.04
1.42,6.31,85.44,177.94,9.71,0.29,0.75,0.01,0.03,0.01,56.56,22.19,24.19,0.05,0.05,0.07,0.68,0.01,0.73,0.04
1.43,6.31,85.5,177.94,9.72,0.27,0.72,0.01,0.03,0.02,56.56,22.19,24.19,0.04,0.06,0.04,0.68,0.01,0.73,0.04
1.44,6.31,85.5,177.94,9.76,0.27,0.71,0.01,0.04,0.01,57.0,22.56,24.19,0.03,0.1,0.07,0.68,0.01,0.73,0.04
1.45,6.25,85.56,177.94,9.7,0.24,0.73,0.02,0.03,0.02,57.0,22.56,24.19,0.07,0.1,0.06,0.68,0.01,0.73,0.04
1.46,6.25,85.56,178.0,9.67,0.2,0.74,0.02,0.03,0.02,56.56,22.19,24.19,0.07,0.16,0.02,0.68,0.01,0.73,0.04
1.47,6.19,85.62,178.0,9.71,0.18,0.67,0.04,0.02,0.01,56.56,22.19,24.19,0.03,0.12,0.01,0.68,0.01,0.73,0.04
1.48,6.0,85.62,178.0,9.68,0.37,0.74,0.05,0.0,0.01,57.0,22.56,23.75,0.1,0.02,0.1,0.68,0.01,0.73,0.04
1.49,6.0,85.62,178.0,9.68,0.45,0.77,0.02,0.0,0.01,57.0,22.56,23.75,0.17,0.14,0.04,0.68,0.01,0.73,0.04
1.5,6.0,85.62,178.0,9.64,0.51,0.7,0.01,0.02,0.01,56.56,22.56,24.19,0.13,0.19,0.03,0.68,0.01,0.73,0.04
1.51,6.0,85.56,178.0,9.71,0.52,0.69,0.01,0.03,0.0,56.56,22.56,24.19,0.1,0.16,0.06,0.68,0.01,0.73,0.04
1.52,6.0,85.56,178.0,9.66,0.55,0.75,0.03,0.03,0.02,56.56,22.56,24.19,0.06,0.2,0.05,0.68,0.01,0.73,0.04
1.53,6.06,85.5,177.94,9.66,0.54,0.78,0.05,0.04,0.02,56.25,21.75,24.19,0.09,0.14,0.24,0.68,0.01,0.73,0.04
1.54,6.19,85.44,177.94,9.67,0.48,0.93,0.05,0.08,0.01,56.25,21.75,24.19,0.12,0.15,0.21,0.68,0.01,0.73,0.04
1.55,6.25,85.31,177.87,9.62,0.49,0.89,0.07,0.09,0.02,56.25,21.75,24.19,0.14,0.13,0.18,0.68,0.01,0.73,0.04
1.56,6.37,85.19,177.87,9.62,0.49,0.79,0.1,0.11,0.02,56.25,23.25,24.56,0.11,0.13,0.04,0.68,0.01,0.73,0.04
1.57,6.5,85.06,177.87,9.64,0.47,0.73,0.13,0.13,0.02,56.25,23.25,24.56,0.14,0.09,0.04,0.68,0.02,0.73,0.04
1.58,6.69,84.94,177.87,9.63,0.41,0.75,0.15,0.15,0.01,56.25,22.19,24.19,0.13,0.06,0.03,0.68,0.02,0.73,0.04
1.59,6.87,84.75,177.87,9.62,0.38,0.83,0.17,0.16,0.01,56.25,22.19,24.19,0.11,0.02,0.08,0.68,0.02,0.74,0.04
1.6,7.12,84.62,177.87,9.66,0.34,0.98,0.2,0.16,0.03,56.25,22.19,24.19,0.1,0.01,0.14,0.67,0.02,0.74,0.04
1.61,7.31,84.44,177.87,9.67,0.29,0.99,0.21,0.18,0.03,55.88,22.19,25.37,0.08,0.05,0.12,0.67,0.02,0.74,0.04
1.62,7.44,84.37,177.94,9.53,0.21,1.04,0.21,0.19,0.03,55.88,22.19,25.37,0.22,0.13,0.13,0.67,0.02,0.74,0.04
1.63,7.62,84.19,177.94,9.48,0.13,1.01,0.19,0.23,0.03,56.25,21.69,24.56,0.26,0.21,0.06,0.67,0.02,0.74,0.05
1.64,7.81,83.94,177.94,9.5,0.1,0.88,0.16,0.29,0.04,56.25,21.69,24.56,0.24,0.23,0.11,0.67,0.02,0.74,0.05
1.65,8.0,83.62,178.0,9.58,0.11,0.88,0.14,0.34,0.04,56.25,21.69,24.56,0.15,0.21,0.17,0.67,0.03,0.74,0.05
1.66,8.06,83.31,178.06,9.63,0.15,0.83,0.13,0.33,0.03,54.75,22.56,26.56,0.01,0.06,0.21,0.66,0.03,0.74,0.05
1.67,8.19,83.0,164.25,9.75,0.3,0.97,0.14,0.31,0.02,54.75,22.56,26.56,0.02,0.0,0.15,0.66,0.03,0.75,0.05
1.68,8.38,82.69,164.94,9.75,0.31,1.07,0.15,0.29,0.02,54.75,22.56,26.56,0.03,0.02,0.0,0.66,0.03,0.75,0.05
1.69,8.56,82.37,165.5,9.66,0.29,1.33,0.16,0.29,0.02,56.25,22.5,27.0,0.09,0.02,0.16,0.66,0.03,0.75,0.05
1.7,8.94,81.75,166.75,9.44,0.17,1.62,0.14,0.33,0.03,55.56,23.06,28.06,0.28,0.17,0.25,0.65,0.03,0.75,0.05
1.71,9.06,81.37,167.44,9.25,0.12,1.76,0.1,0.35,0.04,55.56,23.06,28.06,0.43,0.18,0.29,0.65,0.04,0.76,0.05
1.72,9.13,80.94,168.25,9.31,0.18,1.84,0.09,0.39,0.04,55.56,23.0,27.25,0.32,0.09,0.33,0.65,0.04,0.76,0.05
1.73,9.19,80.44,169.25,9.4,0.21,1.94,0.07,0.48,0.04,55.56,23.0,27.25,0.22,0.08,0.5,0.64,0.04,0.76,0.05
1.74,9.25,79.87,170.0,9.35,0.17,2.29,0.01,0.49,0.03,55.56,23.0,27.25,0.35,0.14,0.63,0.64,0.04,0.76,0.05
1.75,9.19,79.31,170.75,9.2,0.1,2.44,0.02,0.53,0.04,53.69,22.56,29.25,0.57,0.35,0.64,0.64,0.04,0.77,0.05
1.76,9.06,78.69,171.69,8.87,0.11,2.38,0.05,0.73,0.1,53.69,22.56,29.25,0.9,0.44,0.33,0.63,0.04,0.77,0.05
1.77,8.63,76.94,174.25,8.8,0.18,1.94,0.13,0.86,0.15,53.5,21.87,29.25,0.6,0.33,0.25,0.62,0.04,0.78,0.05
1.78,8.19,76.0,175.5,8.99,0.05,2.11,0.21,0.85,0.14,53.5,21.87,29.25,0.6,0.11,0.04,0.61,0.04,0.79,0.04
1.79,7.37,74.06,177.56,8.61,0.21,2.9,0.18,1.03,0.16,52.25,21.87,31.75,0.79,0.12,0.12,0.6,0.04,0.8,0.04
1.8,7.0,72.87,178.5,8.61,0.19,3.0,0.19,1.09,0.15,51.88,22.25,33.0,0.65,0.07,0.07,0.59,0.04,0.8,0.04
1.81,6.5,71.62,179.31,8.77,0.1,3.08,0.21,1.19,0.15,51.88,22.25,33.0,0.39,0.03,0.08,0.58,0.04,0.81,0.03
1.82,6.0,70.31,179.87,9.06,0.06,3.2,0.22,1.15,0.17,51.88,22.25,33.0,0.12,0.09,0.2,0.58,0.04,0.82,0.03
1.83,5.44,69.06,179.12,9.01,0.11,3.27,0.22,1.1,0.17,49.75,21.25,38.06,0.15,0.25,0.17,0.57,0.04,0.82,0.03
1.84,4.87,67.81,178.5,8.75,0.25,3.7,0.21,1.03,0.17,49.75,21.25,38.06,0.33,0.32,0.04,0.56,0.04,0.83,0.02
1.85,4.37,66.69,177.87,8.68,0.12,3.83,0.17,1.01,0.16,49.75,21.25,38.06,0.34,0.11,0.14,0.55,0.04,0.83,0.02
1.86,3.94,65.56,177.5,8.83,0.35,3.65,0.1,0.99,0.15,47.38,20.75,39.25,0.03,0.25,0.56,0.54,0.05,0.84,0.02
1.87,3.62,64.5,177.12,9.02,0.51,3.52,0.08,0.97,0.19,47.38,20.75,39.25,0.32,0.27,0.77,0.53,0.05,0.84,0.02
1.88,3.19,63.44,176.69,9.25,0.41,3.62,0.1,0.92,0.2,45.0,19.87,39.69,0.45,0.05,0.71,0.53,0.05,0.85,0.01
1.89,2.62,62.56,176.19,9.06,0.23,3.84,0.17,0.7,0.2,45.0,19.87,39.69,0.33,0.2,0.58,0.52,0.05,0.85,0.01
1.9,2.06,61.75,175.69,9.0,0.02,4.08,0.17,0.67,0.18,43.0,18.37,42.56,0.35,0.42,0.55,0.51,0.05,0.86,0.01
1.91,1.56,61.0,175.31,8.99,0.02,4.19,0.08,0.67,0.16,43.0,18.37,42.56,0.56,0.21,0.53,0.51,0.05,0.86,0.01
1.92,1.19,60.25,175.0,9.19,0.64,4.42,0.08,0.65,0.15,43.0,18.37,42.56,0.93,0.34,0.41,0.5,0.05,0.86,0.01
1.93,0.81,59.56,174.75,9.66,0.85,4.52,0.11,0.64,0.12,40.88,17.06,44.19,1.34,0.35,0.44,0.5,0.05,0.87,0.0
1.94,0.37,58.87,174.5,9.65,0.69,4.75,0.12,0.4,0.12,40.88,17.06,44.19,1.07,0.18,0.22,0.49,0.05,0.87,0.0
1.95,359.94,58.5,174.19,9.25,0.61,4.82,0.12,0.31,0.13,40.88,17.06,44.19,0.68,0.0,0.29,0.49,0.05,0.87,0.0
1.96,359.19,57.88,173.62,8.34,0.33,4.72,0.03,0.32,0.13,40.25,16.37,44.19,0.03,0.29,0.44,0.49,0.05,0.87,0.0
1.97,359.06,57.69,173.5,8.31,0.33,4.89,0.0,0.31,0.11,37.56,17.0,46.06,0.21,0.17,0.27,0.48,0.06,0.87,0.0
1.98,358.94,57.19,173.44,8.65,0.48,5.09,0.04,0.29,0.04,37.56,17.0,46.06,0.62,0.06,0.19,0.48,0.06,0.88,0.0
1.99,359.06,56.88,173.56,8.98,0.64,5.11,0.07,0.26,0.02,37.56,17.0,46.06,0.76,0.04,0.2,0.48,0.06,0.88,0.0
2.0,359.25,56.63,173.75,8.81,0.67,4.99,0.12,0.24,0.0,37.88,14.69,45.75,0.51,0.04,0.36,0.48,0.06,0.88,0.0
2.01,359.37,56.31,173.81,8.48,0.6,5.04,0.11,0.24,0.06,37.88,14.69,45.75,0.01,0.1,0.19,0.47,0.06,0.88,0.0
2.02,359.5,56.13,173.87,8.25,0.4,5.34,0.13,0.14,0.1,36.69,16.0,46.19,0.1,0.17,0.08,0.47,0.06,0.88,0.0
2.03,359.75,55.94,173.94,8.55,0.49,5.58,0.16,0.18,0.04,36.69,16.0,46.19,0.76,0.14,0.05,0.47,0.06,0.88,0.0
2.04,0.06,55.69,174.19,8.99,0.83,5.39,0.15,0.23,0.05,36.69,16.0,46.19,0.88,0.28,0.09,0.47,0.06,0.88,0.0
2.05,0.31,55.44,174.44,8.8,0.93,5.15,0.12,0.22,0.02,36.19,16.06,47.75,0.72,0.39,0.37,0.47,0.06,0.88,0.0
2.06,0.5,55.31,174.5,8.27,0.86,5.25,0.11,0.1,0.09,36.19,16.06,47.75,0.11,0.28,0.18,0.47,0.06,0.88,0.0
2.07,0.56,55.25,174.44,8.17,0.78,5.5,0.11,0.07,0.11,36.25,17.19,47.06,0.11,0.24,0.05,0.47,0.06,0.88,0.0
2.08,0.69,55.06,174.44,8.67,0.71,5.93,0.09,0.17,0.04,36.25,17.19,47.06,0.63,0.17,0.35,0.46,0.06,0.88,0.0
2.09,0.88,54.81,174.62,9.09,0.83,5.96,0.09,0.23,0.05,36.25,17.19,47.06,1.07,0.3,0.34,0.46,0.06,0.88,0.0
2.1,1.06,54.63,174.81,9.23,1.05,5.74,0.07,0.16,0.02,35.0,16.5,47.0,1.27,0.57,0.11,0.46,0.06,0.89,0.0
2.11,1.06,54.5,174.81,9.27,1.05,5.84,0.02,0.03,0.07,35.0,16.5,47.0,1.2,0.46,0.22,0.46,0.07,0.89,0.0
2.12,0.88,54.5,174.62,9.11,0.86,5.9,0.05,0.02,0.07,34.19,15.69,47.5,1.06,0.18,0.27,0.46,0.07,0.89,0.0
2.13,0.69,54.56,174.44,8.87,0.55,5.9,0.04,0.14,0.07,34.19,15.69,47.5,0.32,0.27,0.02,0.46,0.07,0.89,0.0
2.14,0.56,54.75,174.25,8.08,0.22,5.57,0.01,0.17,0.08,34.19,15.69,47.5,0.06,0.33,0.05,0.46,0.07,0.88,0.0
2.15,0.56,54.88,174.19,7.84,0.24,5.4,0.02,0.1,0.06,35.69,16.0,48.25,0.06,0.14,0.22,0.46,0.07,0.88,0.0
2.16,0.5,54.88,174.12,8.12,0.51,5.38,0.0,0.05,0.04,35.69,16.0,48.25,0.26,0.01,0.18,0.46,0.07,0.88,0.0
2.17,0.44,54.81,174.06,8.44,0.68,5.41,0.0,0.08,0.04,35.69,16.37,47.5,0.65,0.21,0.13,0.46,0.07,0.88,0.0
2.18,0.44,54.69,174.0,8.76,1.03,5.47,0.04,0.01,0.03,35.69,16.37,47.5,0.75,0.44,0.15,0.46,0.07,0.88,0.0
2.19,0.5,54.75,174.0,8.65,1.15,5.59,0.04,0.06,0.03,34.88,16.37,47.5,0.63,0.58,0.02,0.46,0.07,0.88,0.0
2.2,0.56,54.81,173.94,8.65,1.12,5.67,0.04,0.07,0.01,34.88,16.37,47.5,0.7,0.41,0.1,0.46,0.07,0.88,0.0
2.21,0.37,54.94,173.81,8.76,0.9,5.73,0.08,0.05,0.0,34.56,16.69,47.06,0.81,0.21,0.15,0.46,0.07,0.88,0.0
2.22,0.06,55.0,173.69,8.94,0.74,5.79,0.14,0.08,0.02,34.56,16.69,47.06,1.08,0.05,0.19,0.46,0.07,0.88,0.0
2.23,359.81,55.12,173.56,9.23,0.69,5.77,0.14,0.11,0.03,34.56,16.69,47.06,1.18,0.06,0.2,0.46,0.07,0.88,0.0
2.24,359.69,55.25,173.44,9.49,0.78,5.71,0.11,0.18,0.04,34.88,16.0,47.88,1.54,0.19,0.22,0.47,0.07,0.88,0.0
2.25,359.5,55.88,173.31,10.12,1.08,5.8,0.09,0.31,0.09,34.88,15.69,47.88,2.18,0.54,0.4,0.47,0.07,0.88,0.0
2.26,359.44,56.25,173.31,10.75,1.36,5.84,0.12,0.35,0.14,34.88,15.69,47.88,2.66,0.77,0.41,0.47,0.06,0.88,0.0
2.27,359.37,56.75,173.38,10.81,1.31,5.75,0.16,0.46,0.16,34.88,15.69,47.88,2.61,0.69,0.42,0.48,0.06,0.88,0.0
2.28,359.25,57.44,173.25,10.38,1.09,5.6,0.19,0.66,0.14,35.69,15.69,48.25,1.94,0.4,0.26,0.48,0.06,0.87,0.0
2.29,359.12,58.25,173.13,10.07,0.95,5.24,0.2,0.74,0.14,35.69,15.69,48.25,1.57,0.23,0.01,0.49,0.06,0.87,0.0
2.3,358.94,59.13,173.0,9.9,0.84,4.82,0.25,0.74,0.15,37.06,14.87,45.5,1.48,0.22,0.14,0.5,0.06,0.87,0.0
2.31,358.63,59.94,172.81,9.93,0.88,4.71,0.33,0.74,0.17,37.06,14.87,45.5,1.42,0.3,0.13,0.5,0.05,0.86,0.01
2.32,358.25,60.81,172.56,9.87,0.92,4.57,0.38,0.81,0.19,37.06,14.87,45.5,1.3,0.3,0.16,0.51,0.05,0.86,0.01
2.33,357.87,61.88,172.31,9.54,0.91,4.34,0.39,0.94,0.19,38.56,13.5,44.75,0.68,0.26,0.28,0.52,0.05,0.86,0.01
2.34,357.37,64.25,171.69,8.8,0.49,3.69,0.3,1.08,0.19,39.69,14.5,43.19,0.02,0.11,0.52,0.53,0.04,0.84,0.01
2.35,357.25,65.44,171.5,8.54,0.31,3.44,0.26,1.1,0.21,39.69,14.5,43.19,0.5,0.26,0.52,0.54,0.04,0.84,0.01
2.36,357.25,66.75,171.44,8.34,0.34,3.33,0.22,1.12,0.24,39.69,14.5,43.19,0.66,0.22,0.49,0.55,0.03,0.83,0.01
2.37,357.25,68.06,171.37,8.08,0.42,3.21,0.22,1.17,0.25,42.69,14.75,39.88,1.12,0.09,0.31,0.56,0.03,0.83,0.01
2.38,357.37,69.44,171.31,7.94,0.41,3.16,0.17,1.24,0.26,42.69,14.75,39.88,1.35,0.12,0.15,0.57,0.03,0.82,0.01
2.39,357.5,70.81,171.37,7.74,0.27,3.01,0.14,1.24,0.27,46.06,13.5,38.25,1.52,0.2,0.17,0.58,0.02,0.81,0.01
2.4,357.75,72.19,171.62,7.75,0.22,2.9,0.06,1.19,0.28,46.06,13.5,38.25,1.58,0.2,0.06,0.59,0.02,0.81,0.01
2.41,358.13,73.44,172.06,7.9,0.26,2.65,0.01,1.09,0.27,46.06,13.5,38.25,1.49,0.11,0.1,0.6,0.02,0.8,0.01
2.42,358.56,74.62,172.56,8.12,0.33,2.5,0.03,0.99,0.26,48.0,14.06,36.06,1.23,0.03,0.0,0.61,0.02,0.79,0.01
2.43,358.87,75.69,173.06,8.33,0.29,2.47,0.06,0.91,0.2,48.0,14.06,36.06,0.97,0.1,0.01,0.61,0.02,0.79,0.01
2.44,359.25,76.69,173.56,8.67,0.07,2.18,0.08,0.88,0.19,49.06,15.19,33.38,0.69,0.18,0.16,0.62,0.02,0.78,0.0
2.45,359.62,77.62,174.12,9.04,0.05,1.91,0.12,0.78,0.18,49.06,15.19,33.38,0.1,0.09,0.15,0.63,0.01,0.78,0.0
2.46,0.0,78.5,174.87,9.57,0.09,1.72,0.13,0.78,0.18,49.06,15.19,33.38,0.01,0.04,0.31,0.63,0.01,0.77,0.0
2.47,0.37,79.37,175.62,9.69,0.11,1.35,0.12,0.77,0.17,50.38,13.38,32.19,0.21,0.06,0.64,0.64,0.01,0.77,0.0
2.48,0.69,80.19,176.25,9.98,0.27,1.09,0.06,0.74,0.12,50.38,13.38,32.19,0.4,0.26,0.5,0.64,0.01,0.76,0.0
2.49,0.88,81.06,176.75,10.05,0.35,1.11,0.01,0.78,0.1,51.56,16.19,29.69,0.09,0.13,0.21,0.65,0.01,0.76,0.01
2.5,0.94,82.0,177.06,9.56,0.1,1.28,0.11,0.93,0.12,51.56,16.19,29.69,0.37,0.0,0.08,0.66,0.01,0.75,0.01
2.51,0.88,83.06,177.62,9.18,0.01,1.41,0.13,0.95,0.14,52.75,16.56,28.56,0.75,0.0,0.29,0.66,0.01,0.75,0.01
2.52,0.94,84.13,179.87,8.95,0.03,1.2,0.13,0.95,0.22,52.75,16.56,28.56,0.87,0.03,0.15,0.67,0.01,0.74,0.01
2.53,1.06,85.12,179.81,8.44,0.27,0.8,0.03,0.86,0.22,52.75,16.56,28.56,1.33,0.31,0.05,0.68,0.01,0.74,0.01
2.54,1.25,86.0,179.63,8.34,0.33,0.79,0.01,0.77,0.18,53.5,15.88,26.56,1.43,0.41,0.3,0.68,0.0,0.73,0.01
2.55,1.37,86.69,179.5,8.4,0.25,1.09,0.06,0.46,0.01,53.5,15.88,26.56,0.97,0.21,0.69,0.69,0.0,0.73,0.01
2.56,1.25,87.19,179.5,9.27,0.13,1.25,0.2,0.38,0.04,55.06,17.25,24.19,0.02,0.18,0.77,0.69,0.0,0.72,0.01
2.57,1.06,87.62,179.44,10.45,0.19,0.99,0.18,0.49,0.13,55.06,17.25,24.19,0.65,0.09,0.64,0.69,0.0,0.72,0.01
2.58,1.06,88.12,179.31,10.05,0.37,0.73,0.04,0.55,0.13,55.06,17.25,24.19,0.25,0.25,0.48,0.7,0.0,0.72,0.01
2.59,1.12,88.56,179.19,9.75,0.33,0.51,0.02,0.42,0.06,55.5,16.5,23.5,0.34,0.16,0.16,0.7,0.0,0.71,0.01
2.6,1.12,88.87,179.12,9.26,0.32,0.22,0.09,0.3,0.01,55.5,16.5,23.5,0.65,0.24,0.06,0.7,0.0,0.71,0.01
2.61,1.0,89.06,179.19,9.22,0.4,0.15,0.1,0.26,0.03,55.5,16.5,23.5,0.54,0.23,0.19,0.7,0.0,0.71,0.01
2.62,0.88,89.19,179.19,9.34,0.33,0.28,0.05,0.27,0.01,54.56,16.37,22.25,0.48,0.15,0.23,0.71,0.0,0.71,0.01
2.63,0.88,89.19,179.25,9.28,0.29,0.14,0.05,0.22,0.03,54.56,16.37,22.25,0.39,0.15,0.04,0.71,0.0,0.71,0.01
2.64,0.81,89.06,179.19,9.5,0.28,0.19,0.04,0.2,0.04,55.56,16.37,21.37,0.19,0.12,0.17,0.71,0.0,0.7,0.01
2.65,0.88,88.94,179.19,9.64,0.24,0.28,0.01,0.18,0.02,55.56,16.37,21.37,0.07,0.03,0.14,0.71,0.01,0.7,0.01
2.66,0.88,88.81,179.12,9.7,0.04,0.22,0.03,0.16,0.01,55.56,16.37,21.37,0.09,0.1,0.09,0.71,0.01,0.7,0.01
2.67,0.75,88.69,179.12,9.73,0.1,0.04,0.1,0.1,0.01,55.25,17.19,21.87,0.24,0.08,0.2,0.71,0.01,0.7,0.0
2.68,0.62,88.69,179.19,9.62,0.28,0.0,0.11,0.05,0.02,55.25,17.19,21.87,0.25,0.13,0.04,0.71,0.01,0.7,0.0
2.69,0.44,88.62,179.19,9.57,0.25,0.23,0.14,0.04,0.01,55.88,15.25,19.75,0.22,0.1,0.06,0.71,0.01,0.7,0.0
2.7,0.25,88.62,179.12,9.51,0.26,0.4,0.19,0.02,0.01,55.88,15.25,19.75,0.26,0.18,0.39,0.71,0.01,0.7,0.0
2.71,0.13,88.62,179.12,9.58,0.41,0.67,0.17,0.0,0.02,55.88,15.25,19.75,0.21,0.25,0.49,0.71,0.01,0.7,0.0
2.72,359.94,88.62,179.12,9.57,0.7,0.57,0.11,0.02,0.0,55.5,16.37,19.75,0.21,0.56,0.33,0.71,0.01,0.7,0.0
2.73,359.87,88.62,179.12,9.58,0.74,0.44,0.08,0.04,0.0,55.5,16.37,19.75,0.26,0.57,0.27,0.71,0.01,0.7,0.0
2.74,359.94,88.62,179.06,9.45,0.77,0.48,0.03,0.09,0.02,55.88,16.75,19.75,0.35,0.6,0.33,0.71,0.01,0.7,0.0
2.75,0.06,88.56,178.94,9.55,0.54,0.49,0.03,0.1,0.03,55.88,16.75,19.75,0.24,0.35,0.34,0.71,0.01,0.7,0.0
2.76,0.19,88.56,178.88,9.65,0.49,0.53,0.05,0.11,0.03,55.25,16.25,21.0,0.14,0.29,0.39,0.71,0.01,0.7,0.0
2.77,0.31,88.56,178.88,9.67,0.53,0.45,0.12,0.13,0.04,55.25,16.25,21.0,0.13,0.33,0.32,0.71,0.01,0.7,0.0
2.78,0.44,88.56,178.88,9.74,0.36,0.36,0.19,0.14,0.04,56.19,15.25,20.06,0.06,0.15,0.24,0.71,0.01,0.7,0.0
2.79,0.62,88.62,178.88,9.73,0.01,0.28,0.21,0.14,0.04,56.19,15.25,20.06,0.07,0.17,0.19,0.71,0.01,0.7,0.0
2.8,0.81,88.75,178.94,9.64,0.05,0.37,0.17,0.13,0.04,56.19,15.25,20.06,0.16,0.23,0.3,0.71,0.01,0.7,0.01
2.81,0.94,88.87,178.94,9.67,0.04,0.39,0.18,0.15,0.02,55.19,16.0,19.75,0.14,0.22,0.38,0.71,0.01,0.71,0.01
2.82,1.12,88.87,179.0,9.7,0.07,0.37,0.2,0.14,0.01,55.19,16.0,19.75,0.08,0.29,0.32,0.71,0.01,0.71,0.01
2.83,1.44,89.0,179.0,9.75,0.17,0.14,0.16,0.14,0.01,54.5,14.87,21.0,0.06,0.31,0.15,0.71,0.0,0.71,0.01
2.84,1.56,89.06,179.06,9.9,0.13,0.1,0.12,0.14,0.02,54.5,14.87,21.0,0.13,0.21,0.11,0.71,0.0,0.71,0.01
2.85,1.62,89.06,179.12,9.81,0.07,0.0,0.02,0.08,0.01,55.56,16.69,22.56,0.14,0.26,0.03,0.7,0.0,0.71,0.01
2.86,1.56,89.06,179.19,9.57,0.18,0.06,0.01,0.08,0.02,55.56,16.69,22.56,0.29,0.33,0.01,0.7,0.0,0.71,0.01
2.87,1.56,89.06,179.25,9.53,0.24,0.02,0.01,0.12,0.06,55.19,16.25,22.56,0.19,0.38,0.13,0.7,0.0,0.71,0.01
2.88,1.44,89.0,179.31,9.68,0.24,0.12,0.06,0.13,0.06,55.19,16.25,22.56,0.12,0.34,0.25,0.7,0.0,0.71,0.01
2.89,1.25,89.0,179.44,9.7,0.16,0.06,0.09,0.12,0.06,55.19,14.38,23.38,0.07,0.21,0.16,0.7,0.0,0.71,0.01
2.9,1.0,89.0,179.5,9.78,0.0,0.03,0.15,0.11,0.04,55.19,14.38,23.38,0.01,0.02,0.07,0.7,0.0,0.71,0.01
2.91,0.81,88.87,179.56,9.86,0.08,0.15,0.15,0.09,0.05,55.19,14.38,23.38,0.05,0.02,0.08,0.7,0.0,0.71,0.01
2.92,0.62,88.81,179.63,9.63,0.13,0.16,0.07,0.12,0.04,55.19,15.38,22.19,0.17,0.07,0.02,0.7,0.0,0.71,0.0
2.93,0.5,88.69,179.69,9.56,0.12,0.29,0.05,0.17,0.05,55.19,15.38,22.19,0.23,0.07,0.07,0.7,0.0,0.71,0.0
2.94,0.25,88.25,179.81,9.69,0.14,0.47,0.05,0.23,0.09,54.0,16.06,21.75,0.1,0.11,0.17,0.7,0.0,0.72,0.0
2.95,0.13,88.0,179.94,9.6,0.11,0.22,0.01,0.22,0.08,54.0,16.06,21.75,0.19,0.1,0.11,0.69,0.0,0.72,0.0
2.96,0.19,87.69,179.94,9.8,0.17,0.31,0.11,0.28,0.09,54.75,15.38,23.0,0.01,0.18,0.07,0.69,0.0,0.72,0.0
2.97,0.19,87.5,179.87,9.96,0.01,0.39,0.14,0.25,0.1,54.75,15.38,23.0,0.17,0.0,0.04,0.69,0.0,0.72,0.0
2.98,0.25,87.25,179.81,9.99,0.15,0.37,0.09,0.16,0.09,54.0,14.69,23.75,0.19,0.11,0.1,0.69,0.0,0.72,0.0
2.99,0.25,87.12,179.69,9.94,0.17,0.63,0.07,0.16,0.06,54.0,14.69,23.75,0.15,0.11,0.13,0.69,0.01,0.72,0.0
3.0,0.25,86.94,179.63,9.8,0.16,0.57,0.09,0.18,0.05,54.0,14.69,23.75,0.01,0.1,0.03,0.69,0.01,0.73,0.0
3.01,0.37,86.5,179.5,9.48,0.0,0.16,0.12,0.19,0.08,54.38,15.38,24.56,0.21,0.14,0.43,0.69,0.01,0.73,0.0
3.02,0.44,86.25,179.44,9.59,0.07,0.09,0.14,0.21,0.06,54.38,15.38,24.56,0.06,0.02,0.39,0.68,0.01,0.73,0.0
3.03,0.62,85.94,179.38,9.77,0.3,0.93,0.03,0.13,0.01,54.38,15.38,24.56,0.01,0.21,0.24,0.68,0.01,0.73,0.0
3.04,0.69,85.81,179.38,9.88,0.29,0.93,0.03,0.16,0.0,54.0,14.69,25.0,0.19,0.16,0.13,0.68,0.01,0.73,0.0
3.05,0.75,85.62,179.38,10.02,0.23,0.79,0.07,0.17,0.02,54.0,14.69,25.0,0.22,0.01,0.12,0.68,0.01,0.73,0.0
3.06,0.75,85.44,179.38,9.91,0.02,0.53,0.06,0.17,0.03,54.0,14.69,25.0,0.07,0.19,0.22,0.68,0.01,0.73,0.0
3.07,0.81,85.25,179.31,9.88,0.15,0.57,0.12,0.17,0.05,53.69,15.38,25.75,0.05,0.28,0.18,0.68,0.01,0.74,0.01
3.08,0.94,85.06,179.31,9.84,0.11,0.71,0.14,0.13,0.04,53.69,15.38,25.75,0.01,0.18,0.04,0.68,0.01,0.74,0.01
3.09,1.06,84.94,179.31,9.69,0.01,0.94,0.12,0.09,0.03,54.0,15.38,25.88,0.13,0.04,0.21,0.68,0.02,0.74,0.01
3.1,1.19,84.87,179.31,9.54,0.31,1.26,0.09,0.02,0.01,54.0,15.38,25.88,0.28,0.33,0.3,0.68,0.02,0.74,0.01
3.11,1.25,84.81,179.31,9.43,0.51,1.07,0.07,0.02,0.0,54.0,15.38,25.88,0.33,0.39,0.2,0.67,0.02,0.74,0.01
3.12,1.31,84.75,179.31,9.68,0.62,0.92,0.05,0.09,0.02,53.69,15.38,26.56,0.0,0.46,0.0,0.67,0.02,0.74,0.01
3.13,1.37,84.69,179.31,9.74,0.53,0.89,0.01,0.09,0.0,53.69,15.38,26.56,0.05,0.33,0.04,0.67,0.02,0.74,0.01
3.14,1.37,84.56,179.31,9.55,0.21,1.11,0.02,0.09,0.01,54.0,15.0,25.5,0.2,0.03,0.25,0.67,0.02,0.74,0.01
3.15,1.37,84.44,179.31,9.64,0.1,1.16,0.06,0.13,0.01,54.0,15.0,25.5,0.01,0.05,0.24,0.67,0.02,0.74,0.01
3.16,1.44,84.31,179.31,10.03,0.01,1.12,0.05,0.13,0.01,54.0,15.0,25.5,0.23,0.05,0.12,0.67,0.02,0.74,0.01
3.17,1.5,84.19,179.38,10.0,0.11,1.16,0.02,0.08,0.03,53.0,14.69,27.06,0.18,0.05,0.19,0.67,0.02,0.74,0.01
3.18,1.56,84.13,179.38,9.73,0.18,1.22,0.01,0.07,0.02,53.0,14.69,27.06,0.15,0.01,0.22,0.67,0.02,0.74,0.01
3.19,1.56,84.06,179.38,9.55,0.1,1.14,0.0,0.09,0.01,53.0,14.69,26.06,0.19,0.07,0.03,0.67,0.02,0.74,0.01
3.2,1.69,83.81,179.44,9.59,0.1,0.91,0.09,0.1,0.0,53.0,14.69,26.06,0.15,0.0,0.13,0.67,0.02,0.74,0.01
3.21,1.81,83.69,179.44,9.69,0.19,1.22,0.09,0.09,0.0,54.0,15.0,26.5,0.05,0.1,0.16,0.67,0.02,0.74,0.01
3.22,2.0,83.5,179.44,9.67,0.3,1.02,0.06,0.11,0.01,54.0,14.69,27.69,0.03,0.24,0.15,0.67,0.02,0.75,0.01
3.23,2.06,83.31,179.44,9.7,0.31,0.95,0.05,0.13,0.0,54.0,14.69,27.69,0.02,0.25,0.21,0.67,0.02,0.75,0.01
3.24,2.06,83.19,179.44,9.69,0.34,1.05,0.01,0.12,0.01,54.0,14.69,27.69,0.03,0.25,0.09,0.66,0.02,0.75,0.01
3.25,2.06,83.12,175.56,9.74,0.3,1.26,0.0,0.09,0.03,53.0,16.06,28.06,0.0,0.17,0.16,0.66,0.02,0.75,0.01
3.26,2.12,83.0,175.94,9.71,0.26,1.41,0.01,0.03,0.03,53.0,16.06,28.06,0.16,0.16,0.16,0.66,0.02,0.75,0.01
3.27,2.12,83.0,176.25,9.55,0.19,1.23,0.01,0.02,0.03,53.69,15.56,28.06,0.19,0.09,0.07,0.66,0.02,0.75,0.01
3.28,2.06,82.81,176.56,9.82,0.07,1.01,0.05,0.08,0.01,53.69,15.56,28.06,0.1,0.01,0.18,0.66,0.02,0.75,0.01
3.29,2.0,82.75,176.5,9.8,0.04,1.09,0.07,0.08,0.0,52.56,15.25,28.87,0.11,0.05,0.03,0.66,0.02,0.75,0.01
3.3,1.94,82.5,176.63,9.9,0.0,1.32,0.02,0.07,0.01,52.56,15.25,28.19,0.18,0.06,0.05,0.66,0.02,0.75,0.01
3.31,1.94,82.44,176.63,9.68,0.0,1.25,0.01,0.06,0.0,52.56,15.25,28.19,0.03,0.07,0.03,0.66,0.02,0.75,0.01
3.32,1.94,82.37,176.63,9.51,0.01,1.16,0.02,0.08,0.0,52.56,15.25,28.5,0.2,0.08,0.13,0.66,0.02,0.75,0.01
3.33,1.94,82.25,176.69,9.45,0.07,1.23,0.06,0.05,0.0,52.56,15.25,28.5,0.25,0.0,0.08,0.66,0.02,0.75,0.01
3.34,2.0,82.25,176.81,9.59,0.28,1.41,0.06,0.03,0.0,52.56,15.25,28.5,0.11,0.21,0.09,0.66,0.02,0.75,0.01
3.35,2.06,82.19,176.81,9.58,0.29,1.44,0.01,0.01,0.01,53.25,16.0,29.0,0.11,0.21,0.16,0.66,0.02,0.75,0.01
3.36,2.06,82.19,176.75,9.62,0.26,1.44,0.0,0.01,0.01,53.25,16.0,29.0,0.01,0.13,0.0,0.66,0.02,0.75,0.01
3.37,2.06,82.19,176.69,9.73,0.19,1.24,0.02,0.02,0.01,52.56,15.25,27.37,0.05,0.07,0.17,0.66,0.02,0.75,0.01
3.38,2.12,82.12,176.75,9.75,0.08,1.15,0.03,0.04,0.01,52.56,15.25,27.37,0.07,0.11,0.2,0.66,0.02,0.75,0.01
3.39,2.31,82.0,177.19,9.6,0.21,1.21,0.1,0.08,0.02,53.0,14.87,28.19,0.0,0.29,0.14,0.66,0.02,0.75,0.01
3.4,2.5,81.94,177.62,9.73,0.17,1.17,0.18,0.1,0.02,53.0,14.87,28.19,0.02,0.22,0.2,0.66,0.02,0.75,0.01
3.41,2.81,81.81,178.12,9.81,0.03,1.31,0.21,0.09,0.01,53.0,14.87,28.19,0.11,0.17,0.01,0.65,0.02,0.76,0.02
3.42,3.06,81.75,178.5,9.81,0.37,1.49,0.15,0.07,0.02,51.88,15.25,28.19,0.08,0.42,0.13,0.65,0.02,0.76,0.02
3.43,3.19,81.69,178.69,9.8,0.55,1.43,0.05,0.03,0.01,51.88,15.25,28.19,0.1,0.5,0.19,0.65,0.02,0.76,0.02
3.44,3.25,81.63,178.69,9.77,0.48,1.61,0.04,0.05,0.01,53.0,16.0,29.0,0.05,0.39,0.23,0.65,0.02,0.76,0.02
3.45,3.25,81.63,178.62,9.69,0.34,1.66,0.01,0.01,0.01,53.0,16.0,29.0,0.19,0.16,0.08,0.65,0.02,0.76,0.02
3.46,3.19,81.63,178.38,9.49,0.14,1.49,0.05,0.02,0.0,53.0,16.0,29.0,0.2,0.1,0.07,0.65,0.02,0.76,0.02
3.47,3.12,81.63,178.31,9.46,0.01,1.41,0.05,0.01,0.0,52.56,16.75,28.5,0.11,0.04,0.01,0.65,0.02,0.76,0.02
3.48,3.06,81.63,178.25,9.6,0.04,1.38,0.03,0.02,0.01,52.56,16.75,28.5,0.01,0.0,0.08,0.65,0.02,0.76,0.02
