0.01,-122.74,22.13,176.75,0.07,0.14,0.01,0.82,0.42,0.07,0.47,0.86,0.07,0.18,-122.5,55.19,175.0,0.13,0.57,0.02,0.84,0.05,0.52,0.41,0.79,0.19,0.42,-196.81,18.75,7.81,0.13,0.45,0.18,0.07,0.35,0.1,-0.17,0.04,-0.98,-0.13,-146.49,50.62,45.06,0.12,0.27,0.78,0.25,0.47,0.32,-0.28,0.45,-0.75,0.4
0.02,-122.74,22.19,176.75,0.08,0.07,0.02,1.03,0.28,0.01,0.47,0.86,0.07,0.18,-122.75,54.56,175.0,0.07,0.57,0.01,0.59,0.07,0.36,0.41,0.79,0.19,0.42,-197.19,19.19,8.0,0.12,0.42,0.03,0.24,0.15,0.05,-0.17,0.04,-0.97,-0.14,-146.64,50.52,45.09,0.11,0.26,0.75,0.25,0.5,0.34,-0.28,0.45,-0.75,0.4
0.03,-122.74,22.13,176.75,0.08,0.08,0.02,0.65,0.01,0.11,0.47,0.86,0.07,0.18,-122.87,53.94,175.06,0.01,0.56,0.01,0.53,0.07,0.22,0.41,0.79,0.18,0.42,-196.94,19.62,8.06,0.05,0.26,0.46,0.33,0.42,0.4,-0.18,0.04,-0.97,-0.13,-146.8,50.42,45.12,0.1,0.25,0.71,0.25,0.53,0.35,-0.28,0.45,-0.75,0.4
0.04,-122.68,22.31,176.87,0.14,0.26,0.02,0.42,0.23,0.33,0.47,0.86,0.07,0.18,-122.87,53.31,175.19,0.05,0.52,0.03,0.41,0.26,0.45,0.41,0.79,0.18,0.41,-196.37,20.0,7.94,0.04,0.24,0.52,0.11,0.57,0.8,-0.18,0.04,-0.97,-0.13,-146.95,50.33,45.15,0.09,0.24,0.68,0.25,0.56,0.37,-0.28,0.44,-0.75,0.39
0.05,-122.68,22.62,177.0,0.11,0.18,0.01,0.68,0.51,0.37,0.47,0.86,0.07,0.18,-122.75,52.75,175.38,0.08,0.5,0.03,0.32,0.18,0.5,0.41,0.79,0.18,0.41,-195.56,20.88,7.5,0.02,0.36,0.46,0.54,0.29,0.39,-0.19,0.04,-0.97,-0.12,-147.11,50.23,45.17,0.09,0.23,0.64,0.25,0.59,0.39,-0.28,0.44,-0.76,0.39
0.06,-122.68,22.81,177.12,0.11,0.14,0.03,0.6,0.51,0.27,0.47,0.86,0.07,0.19,-122.56,52.25,175.56,0.11,0.44,0.03,0.12,0.14,0.15,0.42,0.79,0.18,0.4,-195.31,21.31,7.31,0.01,0.31,0.42,0.63,0.11,0.84,-0.19,0.04,-0.97,-0.12,-147.26,50.14,45.2,0.08,0.22,0.61,0.25,0.62,0.41,-0.28,0.44,-0.76,0.39
0.07,-122.62,22.87,177.31,0.14,0.05,0.02,0.25,0.11,0.22,0.47,0.86,0.07,0.18,-122.56,51.69,175.62,0.01,0.51,0.03,0.37,0.09,0.02,0.42,0.8,0.18,0.4,-194.87,21.62,7.19,0.04,0.16,0.4,0.39,0.44,0.51,-0.19,0.04,-0.97,-0.12,-147.42,50.04,45.23,0.07,0.21,0.57,0.25,0.65,0.42,-0.28,0.44,-0.76,0.39
0.08,-122.56,22.81,177.38,0.04,0.06,0.05,0.56,0.06,0.21,0.47,0.86,0.08,0.18,-122.94,51.13,175.5,0.13,0.5,0.03,0.8,0.17,0.34,0.42,0.8,0.17,0.4,-194.56,21.75,7.12,0.08,0.13,0.2,0.28,0.87,0.15,-0.19,0.04,-0.97,-0.11,-147.57,49.94,45.26,0.06,0.2,0.54,0.25,0.68,0.44,-0.28,0.44,-0.76,0.39
0.09,-122.49,23.0,177.25,0.09,0.27,0.03,0.47,0.28,0.01,0.47,0.86,0.08,0.19,-123.38,50.69,175.38,0.15,0.39,0.03,0.81,0.09,0.43,0.41,0.8,0.17,0.39,-194.81,21.94,7.25,0.09,0.19,0.13,0.24,1.18,0.08,-0.2,0.04,-0.97,-0.11,-147.73,49.85,45.29,0.05,0.2,0.5,0.26,0.7,0.46,-0.28,0.44,-0.76,0.39
0.1,-122.43,23.25,176.87,0.16,0.04,0.06,0.51,0.44,0.01,0.47,0.86,0.07,0.19,-123.69,50.31,175.19,0.04,0.23,0.13,0.91,0.22,0.47,0.41,0.81,0.17,0.39,-195.12,22.19,7.5,0.03,0.23,0.32,0.3,0.22,0.13,-0.2,0.04,-0.97,-0.12,-147.88,49.75,45.32,0.05,0.19,0.47,0.26,0.73,0.48,-0.28,0.44,-0.76,0.39
0.11,-122.37,23.38,176.81,0.05,0.13,0.08,0.18,0.45,0.17,0.47,0.86,0.07,0.19,-124.0,50.06,175.0,0.05,0.22,0.18,0.77,0.51,0.64,0.41,0.81,0.16,0.39,-195.56,22.37,7.62,0.05,0.2,0.24,0.48,0.32,0.43,-0.2,0.04,-0.97,-0.12,-148.04,49.66,45.35,0.04,0.18,0.43,0.26,0.76,0.49,-0.28,0.44,-0.76,0.39
0.12,-122.18,23.75,176.94,0.11,0.04,0.1,0.38,0.44,0.04,0.47,0.86,0.08,0.19,-124.38,49.81,174.69,0.07,0.23,0.18,0.64,0.41,0.7,0.41,0.81,0.16,0.39,-195.87,22.5,7.94,0.16,0.18,0.42,0.2,0.34,0.08,-0.2,0.04,-0.97,-0.12,-148.19,49.56,45.38,0.03,0.17,0.4,0.26,0.79,0.51,-0.28,0.44,-0.76,0.39
0.13,-122.12,23.81,176.81,0.07,0.05,0.1,0.75,0.01,0.05,0.47,0.86,0.08,0.19,-124.87,49.5,174.38,0.06,0.21,0.22,0.63,0.21,0.39,0.4,0.81,0.15,0.39,-196.37,22.62,8.31,0.13,0.17,0.43,0.26,0.01,0.08,-0.2,0.04,-0.97,-0.13,-147.75,50.12,45.25,0.03,0.21,0.46,0.24,0.64,0.46,-0.28,0.44,-0.76,0.39
0.14,-122.06,23.81,176.75,0.14,0.15,0.11,0.25,0.08,0.3,0.47,0.86,0.08,0.19,-125.31,49.31,174.06,0.13,0.15,0.22,0.64,0.07,0.32,0.4,0.82,0.15,0.39,-196.87,22.75,8.63,0.11,0.14,0.31,0.05,0.1,0.06,-0.21,0.04,-0.97,-0.13,-147.58,50.7,45.08,0.02,0.25,0.51,0.23,0.49,0.41,-0.28,0.44,-0.76,0.39
0.15,-121.87,24.0,176.87,0.15,0.12,0.11,0.05,0.12,0.27,0.47,0.86,0.08,0.19,-125.94,49.13,173.62,0.21,0.04,0.19,0.19,0.18,0.69,0.39,0.82,0.14,0.39,-197.25,22.81,8.94,0.14,0.08,0.37,0.43,0.43,0.77,-0.21,0.05,-0.97,-0.13,-147.4,51.28,44.9,0.02,0.29,0.57,0.21,0.33,0.37,-0.29,0.44,-0.75,0.39
0.16,-121.74,24.12,177.0,0.02,0.03,0.05,0.41,0.02,0.23,0.47,0.86,0.08,0.19,-127.44,48.94,172.69,0.23,0.2,0.17,0.05,0.28,0.02,0.38,0.83,0.13,0.4,-197.69,22.87,9.19,0.09,0.11,0.25,0.77,0.09,0.67,-0.21,0.05,-0.97,-0.13,-147.23,51.86,44.73,0.01,0.33,0.62,0.2,0.18,0.32,-0.29,0.44,-0.75,0.39
0.17,-121.68,24.19,177.0,0.01,0.12,0.04,0.33,0.15,0.07,0.47,0.86,0.08,0.2,-128.25,48.63,172.25,0.23,0.26,0.14,0.26,0.12,0.24,0.37,0.83,0.12,0.4,-197.87,23.0,9.44,0.11,0.22,0.2,0.7,0.29,0.45,-0.21,0.05,-0.97,-0.14,-147.06,52.44,44.56,0.01,0.37,0.68,0.18,0.03,0.27,-0.3,0.44,-0.75,0.4
0.18,-121.68,24.31,177.0,0.12,0.15,0.02,0.04,0.1,0.25,0.47,0.86,0.08,0.2,-129.0,48.38,171.87,0.18,0.22,0.13,0.45,0.19,0.01,0.37,0.83,0.12,0.4,-198.19,23.25,9.81,0.2,0.29,0.34,0.09,0.3,0.02,-0.21,0.05,-0.97,-0.14,-145.81,54.0,43.56,0.05,0.2,0.72,0.64,0.37,0.05,-0.31,0.44,-0.74,0.4
0.19,-121.68,24.5,177.12,0.17,0.17,0.03,0.15,0.23,0.28,0.47,0.86,0.08,0.2,-129.63,48.13,171.56,0.13,0.17,0.14,0.31,0.52,0.38,0.36,0.84,0.11,0.4,-198.38,23.38,10.0,0.18,0.19,0.23,0.31,0.61,0.12,-0.21,0.05,-0.97,-0.14,-145.69,54.69,43.06,0.09,0.14,0.55,0.4,0.76,0.18,-0.31,0.44,-0.74,0.4
0.2,-121.68,24.75,177.31,0.16,0.08,0.01,0.07,0.12,0.1,0.47,0.86,0.08,0.2,-130.06,47.94,171.31,0.03,0.17,0.12,0.15,0.56,0.6,0.36,0.84,0.11,0.4,-198.56,23.5,10.25,0.16,0.04,0.01,0.73,0.83,0.23,-0.21,0.05,-0.97,-0.14,-145.12,55.12,42.75,0.04,0.02,0.07,0.17,0.71,0.08,-0.31,0.44,-0.74,0.41
0.21,-121.68,24.81,177.31,0.15,0.04,0.03,0.31,0.04,0.26,0.47,0.86,0.08,0.2,-130.06,47.69,171.31,0.14,0.29,0.11,0.19,0.53,0.03,0.36,0.84,0.11,0.39,-198.44,23.56,10.44,0.19,0.08,0.16,1.13,0.2,0.54,-0.21,0.06,-0.97,-0.14,-145.62,55.06,42.81,0.04,0.02,0.16,0.19,0.93,0.01,-0.32,0.44,-0.74,0.41
0.22,-121.74,24.87,177.12,0.16,0.03,0.09,0.44,0.37,0.6,0.47,0.86,0.08,0.2,-129.94,47.31,171.37,0.11,0.32,0.1,0.57,0.31,0.11,0.36,0.84,0.11,0.39,-198.5,23.44,10.56,0.14,0.18,0.07,0.79,0.81,0.15,-0.21,0.06,-0.97,-0.14,-145.94,54.88,43.06,0.05,0.03,0.04,0.16,0.91,0.1,-0.31,0.44,-0.74,0.4
0.23,-121.87,24.94,177.0,0.09,0.08,0.06,0.1,0.01,0.47,0.47,0.86,0.08,0.2,-129.87,47.0,171.44,0.09,0.15,0.07,0.29,0.05,0.5,0.36,0.84,0.11,0.39,-198.38,23.25,10.63,0.01,0.2,0.06,0.26,0.27,0.43,-0.21,0.06,-0.97,-0.14,-145.87,54.94,42.88,0.13,0.05,0.22,0.76,1.11,0.03,-0.32,0.44,-0.74,0.4
0.24,-122.0,25.0,176.94,0.06,0.06,0.04,0.47,0.48,0.22,0.47,0.86,0.08,0.2,-129.81,46.81,171.44,0.07,0.11,0.05,0.12,0.2,0.79,0.36,0.84,0.11,0.39,-198.13,23.0,10.44,0.18,0.04,0.21,1.01,0.54,0.02,-0.21,0.06,-0.97,-0.14,-146.0,55.31,42.19,0.26,0.07,0.51,0.25,0.19,0.48,-0.32,0.43,-0.74,0.4
0.25,-122.06,25.0,176.87,0.05,0.08,0.05,0.57,0.42,0.21,0.47,0.86,0.08,0.2,-129.87,46.69,171.44,0.06,0.12,0.05,0.12,0.35,0.74,0.36,0.84,0.11,0.39,-197.94,23.0,10.63,0.27,0.01,0.02,1.36,1.01,0.35,-0.21,0.06,-0.97,-0.13,-145.44,55.94,41.13,0.26,0.17,0.72,0.02,0.13,0.53,-0.33,0.43,-0.74,0.4
0.26,-122.12,25.19,176.87,0.04,0.18,0.02,0.07,0.13,0.29,0.47,0.86,0.08,0.2,-129.87,46.44,171.5,0.06,0.24,0.03,0.08,0.72,0.25,0.36,0.84,0.1,0.39,-198.94,22.94,11.88,0.29,0.13,0.62,0.1,0.25,0.08,-0.21,0.07,-0.96,-0.14,-145.12,56.63,40.19,0.24,0.26,0.72,0.02,0.31,0.21,-0.33,0.42,-0.74,0.4
0.27,-122.06,25.37,176.94,0.07,0.15,0.01,0.11,0.03,0.16,0.47,0.86,0.08,0.2,-129.81,46.19,171.56,0.05,0.26,0.02,0.39,0.61,0.43,0.36,0.84,0.1,0.38,-199.87,22.87,12.44,0.22,0.09,0.54,0.11,0.35,0.03,-0.21,0.07,-0.96,-0.15,-144.0,58.0,38.31,0.21,0.15,0.5,0.37,0.96,0.3,-0.35,0.41,-0.74,0.41
0.28,-121.87,25.5,176.87,0.09,0.06,0.09,1.05,0.82,0.5,0.47,0.86,0.08,0.21,-129.87,46.0,171.56,0.06,0.1,0.03,0.1,0.11,0.57,0.36,0.84,0.1,0.38,-200.38,22.81,12.88,0.19,0.07,0.39,0.73,0.91,0.23,-0.21,0.07,-0.96,-0.15,-144.31,58.25,37.81,0.16,0.05,0.17,1.1,0.7,0.12,-0.35,0.41,-0.74,0.4
0.29,-121.81,25.62,176.69,0.1,0.18,0.11,0.59,0.93,0.43,0.47,0.85,0.08,0.21,-130.06,45.94,171.5,0.07,0.04,0.02,0.15,0.34,0.57,0.36,0.84,0.1,0.38,-200.69,22.62,13.25,0.17,0.14,0.21,0.86,0.3,0.07,-0.21,0.08,-0.96,-0.15,-144.56,58.13,37.94,0.09,0.01,0.27,0.06,0.18,0.71,-0.35,0.41,-0.74,0.4
0.3,-121.56,26.0,176.63,0.06,0.12,0.04,0.63,0.41,0.28,0.47,0.85,0.08,0.21,-130.31,45.75,171.44,0.08,0.22,0.02,0.62,0.12,0.58,0.36,0.85,0.1,0.38,-200.62,22.31,13.31,0.04,0.3,0.09,0.08,0.01,0.23,-0.21,0.08,-0.96,-0.15,-145.44,57.56,38.63,0.12,0.19,0.73,0.26,0.63,0.73,-0.35,0.41,-0.74,0.4
0.31,-121.49,26.12,176.75,0.19,0.16,0.06,0.57,0.46,0.24,0.47,0.85,0.09,0.21,-130.75,45.44,171.37,0.15,0.33,0.02,0.83,0.15,0.67,0.36,0.85,0.1,0.38,-200.25,22.06,13.0,0.12,0.3,0.38,0.72,0.65,0.4,-0.21,0.08,-0.96,-0.15,-146.19,56.94,39.63,0.14,0.05,0.67,0.56,0.97,0.01,-0.34,0.42,-0.74,0.4
0.32,-121.37,26.31,176.87,0.12,0.2,0.07,0.53,0.14,0.16,0.47,0.85,0.09,0.21,-131.25,45.19,171.19,0.16,0.14,0.01,0.5,0.22,0.62,0.35,0.85,0.09,0.38,-200.0,21.87,12.75,0.09,0.18,0.22,1.12,0.83,1.31,-0.2,0.07,-0.96,-0.15,-146.62,56.63,40.38,0.06,0.06,0.41,0.6,1.2,0.41,-0.34,0.42,-0.74,0.39
0.33,-121.31,26.62,176.94,0.03,0.28,0.09,0.44,0.02,0.34,0.47,0.85,0.09,0.21,-131.44,45.19,171.19,0.01,0.02,0.02,0.2,0.02,0.03,0.35,0.85,0.09,0.38,-200.44,21.62,13.13,0.19,0.02,0.44,0.5,0.62,1.38,-0.2,0.08,-0.96,-0.15,-147.13,56.56,40.63,0.01,0.08,0.1,0.18,0.7,0.97,-0.34,0.42,-0.75,0.39
0.34,-121.18,26.94,176.87,0.01,0.25,0.09,0.48,0.12,0.05,0.47,0.85,0.09,0.22,-131.44,44.81,171.13,0.05,0.19,0.08,0.41,0.4,0.57,0.35,0.85,0.09,0.38,-200.87,21.5,13.44,0.08,0.03,0.37,0.14,0.3,0.02,-0.2,0.08,-0.96,-0.16,-147.13,56.63,40.75,0.06,0.23,0.15,0.61,0.85,0.26,-0.34,0.42,-0.74,0.39
0.35,-121.06,27.19,176.81,0.08,0.22,0.07,0.46,0.18,0.34,0.47,0.85,0.09,0.22,-131.75,44.69,171.0,0.06,0.07,0.08,0.38,0.65,0.19,0.35,0.85,0.09,0.38,-201.12,21.25,13.5,0.08,0.2,0.24,0.27,0.32,0.09,-0.2,0.08,-0.96,-0.16,-146.94,57.0,40.88,0.08,0.3,0.15,0.65,0.61,0.51,-0.34,0.42,-0.74,0.39
0.36,-121.06,27.44,176.69,0.04,0.21,0.03,0.61,0.47,0.09,0.47,0.85,0.09,0.22,-131.56,44.75,171.06,0.19,0.02,0.09,0.58,0.13,0.37,0.35,0.85,0.09,0.38,-201.31,20.94,13.38,0.19,0.21,0.13,0.68,0.18,1.72,-0.2,0.08,-0.96,-0.16,-147.69,56.94,42.0,0.19,0.13,0.8,0.3,0.16,0.23,-0.34,0.43,-0.74,0.39
0.37,-121.0,27.75,176.63,0.01,0.12,0.01,0.9,0.07,0.46,0.47,0.85,0.09,0.22,-130.87,44.75,171.44,0.24,0.02,0.09,0.5,0.08,0.37,0.36,0.85,0.1,0.37,-201.5,20.88,13.19,0.22,0.05,0.15,1.94,0.25,2.38,-0.2,0.08,-0.96,-0.16,-148.81,56.19,43.06,0.21,0.21,0.84,0.63,0.22,0.8,-0.33,0.43,-0.74,0.39
0.38,-121.0,27.94,176.56,0.06,0.13,0.01,1.25,0.02,0.33,0.47,0.85,0.09,0.22,-130.0,44.75,171.87,0.35,0.01,0.07,0.41,0.33,0.12,0.37,0.85,0.1,0.37,-201.81,21.12,13.06,0.2,0.34,0.2,2.09,0.29,1.37,-0.2,0.08,-0.96,-0.16,-150.06,54.94,45.06,0.27,0.01,0.57,1.27,1.06,0.62,-0.32,0.44,-0.75,0.38
0.39,-121.0,28.06,176.5,0.03,0.15,0.02,1.05,0.13,0.11,0.47,0.85,0.09,0.23,-128.81,44.75,172.37,0.42,0.04,0.08,0.56,0.31,0.22,0.38,0.84,0.11,0.37,-201.88,21.44,12.81,0.27,0.25,0.09,0.87,0.32,0.94,-0.2,0.07,-0.96,-0.16,-150.75,54.5,46.0,0.27,0.07,0.13,1.14,1.5,1.76,-0.32,0.44,-0.75,0.38
0.4,-121.0,28.25,176.63,0.13,0.18,0.02,0.58,0.11,0.02,0.47,0.85,0.1,0.23,-127.75,44.69,172.94,0.35,0.06,0.08,0.6,0.48,0.12,0.39,0.84,0.12,0.37,-201.62,21.69,12.25,0.43,0.1,0.37,0.06,0.28,1.41,-0.2,0.07,-0.96,-0.16,-150.44,54.5,45.94,0.08,0.2,0.77,1.48,0.35,2.0,-0.32,0.44,-0.75,0.38
0.41,-120.93,28.44,176.75,0.1,0.12,0.02,0.4,0.12,0.2,0.47,0.85,0.1,0.23,-127.38,44.69,173.13,0.09,0.05,0.06,0.64,0.23,0.28,0.39,0.84,0.12,0.36,-201.44,21.75,11.88,0.54,0.16,0.38,0.14,0.12,1.46,-0.2,0.06,-0.96,-0.16,-149.44,55.06,44.88,0.22,0.19,0.91,0.59,1.34,2.01,-0.32,0.44,-0.74,0.39
0.42,-120.87,28.31,176.75,0.08,0.23,0.06,0.94,0.1,0.89,0.47,0.85,0.1,0.23,-127.38,44.69,173.25,0.04,0.06,0.14,0.72,0.15,0.67,0.39,0.84,0.12,0.36,-201.0,22.5,10.44,0.44,0.33,0.31,0.8,0.14,1.33,-0.21,0.05,-0.96,-0.16,-148.25,55.5,44.0,0.39,0.25,0.39,1.09,1.08,0.92,-0.32,0.44,-0.74,0.39
0.43,-120.81,28.12,176.75,0.06,0.19,0.05,0.75,0.19,0.06,0.47,0.85,0.1,0.22,-127.12,44.75,173.44,0.04,0.07,0.16,0.87,0.02,0.74,0.39,0.84,0.12,0.36,-200.87,22.87,9.88,0.35,0.32,0.17,0.57,1.14,1.05,-0.21,0.05,-0.96,-0.16,-147.69,55.44,44.0,0.48,0.27,0.02,1.86,0.83,1.0,-0.32,0.44,-0.74,0.4
0.44,-120.74,28.06,176.87,0.13,0.01,0.05,0.64,0.22,0.14,0.47,0.85,0.1,0.22,-126.38,44.88,173.87,0.02,0.06,0.13,1.24,0.34,0.28,0.4,0.83,0.13,0.36,-201.12,23.56,9.38,0.04,0.32,0.38,0.17,0.43,1.46,-0.21,0.04,-0.96,-0.16,-147.44,55.06,44.44,0.65,0.23,0.09,1.97,2.05,1.36,-0.32,0.44,-0.74,0.4
0.45,-120.62,27.94,176.94,0.1,0.09,0.08,0.56,0.12,0.76,0.47,0.85,0.1,0.22,-126.12,45.0,174.06,0.1,0.14,0.14,1.18,0.08,0.23,0.4,0.83,0.13,0.36,-201.62,23.87,9.63,0.16,0.45,0.62,1.45,0.9,1.76,-0.22,0.04,-0.96,-0.17,-146.44,54.88,45.81,0.84,0.07,0.07,1.44,0.08,0.76,-0.31,0.45,-0.73,0.41
0.46,-120.43,27.31,176.87,0.03,0.38,0.08,0.89,0.09,0.91,0.48,0.85,0.09,0.22,-125.56,45.19,174.31,0.15,0.12,0.09,1.18,0.34,0.56,0.4,0.83,0.13,0.36,-202.38,24.25,10.25,0.2,0.63,0.96,1.5,1.07,1.24,-0.22,0.05,-0.96,-0.17,-146.56,54.25,47.31,0.95,0.14,0.9,1.96,1.81,0.93,-0.3,0.46,-0.73,0.41
0.47,-120.31,27.0,177.0,0.17,0.2,0.06,0.65,0.18,0.48,0.48,0.85,0.09,0.22,-125.12,45.31,174.56,0.1,0.14,0.07,0.4,0.22,0.75,0.41,0.83,0.14,0.36,-203.56,24.75,11.0,0.25,0.64,1.07,0.37,1.04,0.31,-0.23,0.05,-0.96,-0.18,-146.87,53.5,49.19,1.0,0.08,0.84,1.98,0.4,0.66,-0.29,0.47,-0.72,0.41
0.48,-120.0,27.19,177.12,0.04,0.35,0.2,1.34,0.2,0.75,0.48,0.84,0.1,0.22,-124.81,45.56,174.69,0.11,0.14,0.08,0.48,0.26,0.09,0.41,0.82,0.14,0.36,-204.69,25.19,11.88,0.36,0.47,0.7,0.23,1.0,0.21,-0.23,0.05,-0.95,-0.19,-147.13,52.88,51.06,0.98,0.11,0.74,1.35,1.31,0.68,-0.28,0.48,-0.72,0.41
0.49,-119.74,27.62,177.06,0.08,0.43,0.21,0.75,0.13,0.45,0.48,0.84,0.1,0.22,-124.31,45.63,174.94,0.29,0.04,0.12,1.19,0.03,0.52,0.41,0.82,0.14,0.36,-205.31,25.56,12.69,0.38,0.41,0.45,0.83,0.75,1.06,-0.24,0.06,-0.95,-0.19,-147.5,52.06,53.0,1.02,0.12,1.42,1.17,1.1,1.27,-0.26,0.49,-0.72,0.41
0.5,-119.49,28.19,177.06,0.16,0.55,0.18,0.46,0.11,0.16,0.48,0.84,0.1,0.22,-123.38,45.63,175.38,0.34,0.01,0.08,0.88,0.06,0.85,0.42,0.82,0.15,0.36,-205.81,25.94,13.25,0.33,0.44,0.33,0.79,0.5,1.32,-0.24,0.06,-0.95,-0.19,-148.38,50.69,55.25,1.06,0.09,1.49,1.47,1.68,0.66,-0.25,0.51,-0.72,0.41
0.51,-119.24,28.75,177.12,0.09,0.5,0.17,0.58,0.24,0.12,0.48,0.84,0.1,0.23,-122.13,45.94,175.94,0.12,0.13,0.09,0.68,0.21,1.26,0.43,0.81,0.16,0.36,-206.38,26.75,14.0,0.11,0.42,0.21,0.35,0.12,0.2,-0.25,0.06,-0.95,-0.19,-149.0,49.44,57.31,1.17,0.11,1.2,0.59,0.71,1.06,-0.24,0.52,-0.71,0.41
0.52,-119.0,29.31,177.12,0.08,0.48,0.18,0.69,0.2,0.06,0.49,0.84,0.11,0.23,-121.62,46.0,176.25,0.16,0.01,0.14,1.23,0.05,0.87,0.44,0.81,0.16,0.36,-206.44,27.06,14.38,0.31,0.26,0.09,0.04,0.41,0.34,-0.25,0.07,-0.95,-0.19,-149.38,48.5,59.25,1.18,0.04,0.96,0.51,0.43,0.74,-0.23,0.53,-0.71,0.41
0.53,-118.74,29.87,177.12,0.14,0.53,0.18,0.49,0.15,0.31,0.49,0.83,0.11,0.23,-119.81,46.37,177.06,0.18,0.28,0.04,1.21,0.15,1.28,0.45,0.8,0.18,0.35,-206.31,27.31,14.94,0.53,0.16,0.16,0.2,0.14,1.15,-0.26,0.07,-0.95,-0.19,-149.62,47.38,61.13,1.16,0.09,1.16,1.62,0.61,1.11,-0.21,0.54,-0.71,0.4
0.54,-118.24,31.19,177.25,0.18,0.64,0.18,1.08,0.08,0.54,0.49,0.83,0.12,0.24,-119.31,46.75,177.38,0.15,0.31,0.1,1.12,0.11,1.12,0.46,0.8,0.18,0.35,-205.75,27.81,17.44,0.97,0.23,0.28,0.61,0.42,0.78,-0.26,0.09,-0.94,-0.18,-150.19,45.44,64.81,1.15,0.12,0.86,1.01,0.12,0.05,-0.19,0.56,-0.7,0.4
0.55,-117.93,31.94,177.38,0.24,0.82,0.17,0.85,0.14,0.13,0.49,0.83,0.12,0.25,-119.0,46.94,177.5,0.27,0.35,0.07,1.18,0.29,0.71,0.46,0.79,0.18,0.35,-205.75,27.87,18.12,1.1,0.18,0.33,0.25,0.2,0.53,-0.27,0.1,-0.94,-0.18,-150.44,44.75,66.44,1.07,0.12,0.74,1.42,0.21,0.29,-0.18,0.57,-0.69,0.4
0.56,-117.49,33.81,177.5,0.14,0.8,0.02,0.89,0.47,0.19,0.49,0.82,0.13,0.26,-118.19,47.38,177.87,0.31,0.5,0.06,1.16,0.31,0.75,0.46,0.79,0.19,0.35,-205.75,27.94,19.56,1.27,0.27,0.27,0.84,0.58,0.6,-0.27,0.11,-0.94,-0.17,-151.12,43.25,69.69,0.89,0.32,0.65,0.37,2.72,0.8,-0.16,0.59,-0.69,0.39
0.57,-117.43,34.69,177.69,0.14,0.8,0.02,0.96,0.76,0.37,0.49,0.82,0.14,0.26,-117.37,47.94,178.19,0.28,0.59,0.06,0.45,0.1,0.54,0.47,0.78,0.2,0.35,-205.75,28.19,21.25,1.39,0.36,0.29,2.01,0.36,0.7,-0.27,0.12,-0.94,-0.17,-150.87,43.19,71.12,1.08,0.21,0.1,0.85,0.56,0.49,-0.15,0.6,-0.68,0.4
0.58,-117.43,35.63,177.81,0.04,1.04,0.05,0.63,0.71,0.03,0.49,0.82,0.14,0.27,-116.56,48.63,178.56,0.25,0.6,0.13,0.43,0.49,0.13,0.47,0.78,0.21,0.36,-205.69,28.5,23.19,1.5,0.44,0.32,1.43,0.34,0.73,-0.28,0.14,-0.94,-0.16,-150.0,43.38,72.56,1.1,0.26,0.04,1.75,0.01,0.08,-0.15,0.61,-0.67,0.41
0.59,-117.43,36.81,177.81,0.04,1.05,0.11,0.48,0.39,0.06,0.49,0.81,0.15,0.28,-115.81,49.31,179.0,0.23,0.54,0.12,0.91,0.01,0.5,0.48,0.77,0.21,0.36,-205.69,28.87,25.19,1.49,0.54,0.12,1.1,0.1,0.72,-0.28,0.15,-0.93,-0.16,-149.62,43.38,74.12,1.13,0.34,0.14,1.04,0.89,0.55,-0.14,0.62,-0.66,0.41
0.6,-117.62,38.0,177.87,0.05,1.01,0.15,0.5,0.09,0.33,0.48,0.81,0.15,0.29,-114.31,50.75,179.81,0.28,0.82,0.03,0.75,0.36,0.27,0.49,0.76,0.23,0.36,-205.37,29.37,26.94,1.43,0.5,0.05,1.29,0.37,0.84,-0.29,0.17,-0.93,-0.15,-149.19,43.44,75.69,1.03,0.31,0.1,0.52,2.77,0.38,-0.13,0.63,-0.65,0.41
0.61,-117.81,39.0,177.87,0.09,0.88,0.14,0.46,0.05,0.37,0.48,0.81,0.16,0.29,-113.75,51.63,179.81,0.09,0.73,0.12,0.99,0.58,0.72,0.49,0.75,0.24,0.37,-204.63,29.87,28.25,1.22,0.09,1.02,2.31,1.09,1.27,-0.29,0.18,-0.93,-0.14,-147.62,44.19,76.81,1.07,0.04,0.83,1.01,0.1,0.2,-0.12,0.63,-0.63,0.43
0.62,-117.93,40.0,177.87,0.15,0.87,0.11,0.48,0.12,0.37,0.48,0.81,0.16,0.3,-113.0,53.31,179.19,0.06,0.75,0.21,1.15,0.26,0.11,0.49,0.75,0.24,0.38,-202.94,30.56,29.0,1.19,0.01,1.3,2.01,1.08,1.18,-0.3,0.19,-0.93,-0.12,-145.81,45.44,77.5,0.65,0.16,1.33,0.6,4.26,3.03,-0.12,0.64,-0.62,0.44
0.63,-118.18,42.06,177.69,0.01,0.98,0.12,0.1,0.28,0.47,0.47,0.8,0.17,0.32,-112.62,54.19,178.81,0.14,0.81,0.12,0.89,0.51,0.55,0.49,0.74,0.24,0.38,-201.06,31.19,29.56,1.24,0.06,1.36,1.65,0.53,0.52,-0.3,0.19,-0.93,-0.1,-145.81,56.69,74.94,0.88,0.56,8.64,2.47,1.92,3.8,-0.2,0.62,-0.58,0.48
0.64,-118.37,43.19,177.81,0.01,0.99,0.17,0.15,0.4,0.53,0.47,0.8,0.17,0.33,-112.81,55.31,178.69,0.12,1.0,0.12,0.73,0.64,0.14,0.49,0.74,0.25,0.39,-199.44,31.75,30.31,1.27,0.02,0.33,2.24,3.32,0.1,-0.3,0.2,-0.93,-0.09,-135.31,67.56,74.94,0.4,0.75,10.07,2.48,3.93,10.32,-0.22,0.64,-0.48,0.56
0.65,-118.56,44.25,178.0,0.03,0.98,0.21,0.13,0.05,0.47,0.47,0.8,0.18,0.33,-112.88,56.44,178.56,0.17,1.04,0.09,0.46,0.26,0.02,0.48,0.74,0.25,0.4,-198.56,31.81,31.5,1.19,0.16,0.14,2.33,3.26,0.28,-0.3,0.22,-0.93,-0.08,-128.31,75.25,70.07,0.04,1.72,5.38,1.73,7.81,1.45,-0.25,0.63,-0.43,0.6
0.66,-122.18,45.38,178.25,0.06,0.96,0.24,0.2,0.25,0.54,0.44,0.81,0.17,0.34,-113.19,57.56,178.56,0.18,1.0,0.13,0.75,0.03,0.27,0.48,0.73,0.26,0.41,-198.25,31.62,32.63,0.98,0.11,0.03,2.43,1.44,1.76,-0.3,0.23,-0.92,-0.07,-126.62,76.87,70.07,1.1,1.14,0.18,3.38,3.15,1.82,-0.25,0.63,-0.41,0.61
0.67,-121.68,46.5,178.5,0.09,1.02,0.16,0.3,0.22,0.43,0.44,0.8,0.18,0.35,-113.37,58.81,178.44,0.18,1.19,0.18,0.15,0.4,0.07,0.47,0.73,0.26,0.42,-197.69,31.44,33.44,0.93,0.3,0.03,1.09,1.97,1.29,-0.3,0.23,-0.92,-0.06,-128.18,74.37,77.07,1.38,0.45,3.11,1.56,3.92,0.94,-0.21,0.65,-0.4,0.61
0.68,-121.43,47.81,178.62,0.02,1.24,0.1,1.19,0.06,0.34,0.44,0.8,0.19,0.36,-113.69,61.19,177.94,0.21,0.93,0.21,0.03,0.93,0.23,0.46,0.73,0.27,0.43,-198.06,30.75,35.06,1.19,0.19,1.03,1.69,3.49,0.51,-0.3,0.25,-0.92,-0.07,-131.5,70.25,83.19,1.11,0.81,3.92,1.47,0.61,1.96,-0.17,0.67,-0.4,0.6
0.69,-121.37,49.31,178.62,0.04,1.33,0.08,1.21,0.26,0.59,0.44,0.79,0.19,0.37,-113.69,62.31,177.62,0.09,1.02,0.19,0.23,1.08,0.62,0.46,0.72,0.27,0.44,-199.06,29.75,36.88,1.01,0.18,1.35,2.37,3.23,0.62,-0.29,0.26,-0.92,-0.07,-133.68,67.87,88.07,0.68,1.35,1.47,3.09,8.18,1.68,-0.14,0.69,-0.4,0.59
0.7,-121.18,50.56,178.69,0.09,1.09,0.08,0.83,0.4,0.66,0.44,0.79,0.2,0.38,-113.31,65.56,176.44,0.05,1.11,0.12,1.05,0.08,0.03,0.45,0.71,0.28,0.47,-200.25,28.69,38.31,0.71,0.22,1.3,2.71,2.43,1.12,-0.29,0.27,-0.92,-0.08,-132.06,68.81,92.82,0.63,1.42,1.47,3.77,4.3,2.42,-0.11,0.7,-0.35,0.61
0.71,-120.87,51.69,178.75,0.14,0.97,0.07,0.4,0.1,1.0,0.44,0.79,0.21,0.38,-113.31,66.75,175.94,0.05,1.12,0.16,1.59,0.29,0.2,0.44,0.71,0.28,0.48,-201.37,27.44,39.56,0.71,0.43,1.33,2.06,0.43,2.15,-0.28,0.28,-0.91,-0.09,-129.75,71.12,98.44,0.4,1.59,2.3,2.04,3.39,2.62,-0.08,0.72,-0.29,0.62
0.72,-120.56,52.75,178.81,0.19,1.01,0.07,0.69,0.73,0.73,0.44,0.78,0.21,0.39,-113.12,67.81,175.25,0.15,0.84,0.17,0.47,0.83,0.7,0.44,0.7,0.28,0.48,-202.44,25.94,40.81,0.86,0.65,1.37,1.81,0.01,2.21,-0.27,0.29,-0.91,-0.1,-128.37,72.25,106.01,0.26,1.99,1.04,2.95,1.14,0.22,-0.04,0.74,-0.23,0.64
0.73,-120.06,53.75,178.94,0.23,0.85,0.07,0.8,0.11,0.5,0.44,0.77,0.22,0.4,-112.69,68.75,174.44,0.19,0.86,0.11,0.3,1.15,0.64,0.43,0.7,0.28,0.49,-203.06,24.44,42.06,1.03,0.77,1.2,0.64,0.28,1.39,-0.26,0.3,-0.91,-0.11,-128.43,72.06,109.63,0.36,2.01,0.47,2.45,0.47,0.63,-0.02,0.74,-0.21,0.64
0.74,-119.18,54.75,179.44,0.42,0.9,0.07,0.96,0.4,0.73,0.45,0.77,0.23,0.4,-112.44,69.87,173.81,0.2,1.05,0.04,0.71,0.43,0.07,0.43,0.7,0.28,0.5,-204.19,22.81,43.81,1.32,0.57,1.6,1.25,2.19,0.27,-0.26,0.32,-0.9,-0.12,-129.37,70.56,115.44,0.75,2.09,1.2,0.94,1.06,0.08,0.02,0.76,-0.19,0.63
0.75,-118.12,55.75,179.94,0.52,0.91,0.06,1.62,0.81,0.84,0.45,0.76,0.24,0.4,-111.88,71.06,172.69,0.35,0.98,0.1,1.62,0.43,0.06,0.42,0.69,0.28,0.51,-205.5,21.19,46.0,1.64,0.27,1.69,1.48,2.27,0.1,-0.25,0.34,-0.9,-0.13,-130.62,68.19,120.26,0.86,2.21,1.36,0.27,0.3,0.07,0.05,0.77,-0.17,0.61
0.76,-117.31,56.69,179.56,0.4,0.81,0.05,1.92,0.82,0.74,0.46,0.75,0.24,0.41,-111.31,72.06,171.69,0.38,0.87,0.02,0.58,0.3,0.43,0.42,0.69,0.28,0.52,-206.75,19.75,48.44,1.87,0.2,1.54,1.48,1.96,0.11,-0.25,0.36,-0.89,-0.14,-131.75,65.69,124.82,1.2,2.3,0.81,0.03,1.91,1.8,0.08,0.78,-0.16,0.6
0.77,-116.81,57.44,179.31,0.17,0.62,0.04,1.41,0.33,0.4,0.46,0.75,0.25,0.41,-110.63,73.0,170.44,0.44,0.82,0.08,0.81,0.02,0.52,0.42,0.69,0.28,0.53,-207.56,18.44,50.81,1.94,0.26,1.23,1.14,1.85,0.15,-0.24,0.38,-0.88,-0.15,-131.93,63.63,129.63,1.31,2.24,0.44,1.27,1.54,2.81,0.11,0.79,-0.14,0.58
0.78,-116.68,58.06,179.19,0.07,0.62,0.03,1.35,0.02,0.11,0.46,0.75,0.25,0.42,-110.0,73.87,169.13,0.37,0.86,0.1,0.6,0.44,0.2,0.41,0.68,0.28,0.53,-208.25,17.31,53.13,1.98,0.3,1.08,0.4,2.09,0.27,-0.24,0.4,-0.87,-0.15,-131.56,61.75,134.13,1.2,2.22,0.33,0.68,0.85,2.1,0.14,0.8,-0.11,0.57
0.79,-116.43,58.75,179.06,0.11,0.59,0.06,0.84,0.27,0.26,0.46,0.74,0.25,0.42,-109.37,74.94,167.69,0.47,1.01,0.03,1.64,0.85,0.07,0.4,0.68,0.28,0.54,-208.5,16.37,55.44,2.04,0.4,0.61,0.2,3.27,0.44,-0.24,0.42,-0.87,-0.15,-131.37,60.0,138.01,1.02,1.91,0.14,1.99,0.61,0.64,0.17,0.81,-0.09,0.55
0.8,-116.12,59.44,178.75,0.17,0.6,0.09,0.5,0.49,0.4,0.45,0.74,0.25,0.43,-108.87,76.0,166.44,0.39,0.92,0.11,1.87,0.08,0.1,0.4,0.68,0.28,0.55,-206.13,16.5,59.19,1.74,0.62,0.93,0.42,0.48,1.17,-0.23,0.45,-0.85,-0.13,-130.56,58.56,141.88,1.21,1.88,0.24,1.55,2.43,0.89,0.2,0.82,-0.07,0.54
0.81,-115.56,60.06,178.12,0.15,0.53,0.25,0.55,0.04,0.68,0.45,0.74,0.25,0.43,-108.56,77.0,165.5,0.32,0.89,0.09,1.8,0.14,0.29,0.39,0.68,0.28,0.56,-204.56,16.87,60.88,1.84,0.5,0.62,0.63,0.36,2.03,-0.23,0.46,-0.85,-0.11,-128.56,57.25,146.26,1.69,1.82,0.55,1.33,4.44,3.07,0.24,0.82,-0.03,0.52
0.82,-114.24,60.88,176.69,0.39,0.35,0.24,0.36,0.06,0.15,0.46,0.73,0.25,0.44,-108.25,77.87,164.06,0.26,0.77,0.05,1.63,0.56,0.11,0.38,0.68,0.28,0.57,-202.13,17.81,63.56,1.81,0.14,0.66,0.43,0.8,1.3,-0.23,0.49,-0.84,-0.08,-125.68,54.0,151.57,1.31,1.46,0.47,0.49,0.16,1.35,0.3,0.82,0.01,0.49
0.83,-113.31,61.19,175.75,0.37,0.28,0.24,0.19,0.08,0.02,0.46,0.73,0.25,0.44,-107.81,78.44,162.06,0.25,0.58,0.18,1.47,0.56,0.08,0.37,0.68,0.27,0.58,-200.94,18.31,65.44,1.81,0.19,0.35,0.48,1.67,1.45,-0.23,0.5,-0.83,-0.07,-124.5,52.62,153.57,1.23,1.27,0.05,0.28,3.6,0.48,0.32,0.82,0.02,0.48
0.84,-111.93,61.75,174.19,0.17,0.29,0.26,0.95,0.87,1.01,0.46,0.72,0.25,0.45,-107.25,78.87,159.94,0.31,0.43,0.16,0.42,0.28,0.07,0.36,0.68,0.26,0.58,-200.0,18.56,67.37,1.85,0.12,0.13,0.87,1.93,1.62,-0.23,0.52,-0.82,-0.05,-119.56,50.69,159.82,1.07,1.36,1.04,0.92,1.41,0.11,0.38,0.81,0.08,0.44
0.85,-111.37,62.06,173.38,0.13,0.37,0.24,0.92,1.21,0.68,0.46,0.72,0.25,0.45,-106.63,79.25,157.81,0.39,0.46,0.16,0.44,0.04,0.23,0.35,0.68,0.26,0.59,-199.38,18.56,69.37,1.79,0.12,0.17,0.64,1.75,1.44,-0.23,0.53,-0.82,-0.05,-117.56,49.69,162.32,0.8,1.18,0.66,0.09,0.48,1.98,0.41,0.8,0.1,0.43
0.86,-110.87,62.44,172.62,0.25,0.42,0.12,0.03,0.8,0.49,0.46,0.72,0.25,0.46,-105.12,80.19,157.81,0.5,0.52,0.09,0.09,0.18,0.59,0.36,0.67,0.27,0.59,-199.31,18.44,71.44,1.69,0.25,0.23,0.26,0.16,0.59,-0.22,0.55,-0.81,-0.04,-115.81,48.69,164.38,0.75,1.08,0.79,2.14,3.82,1.51,0.43,0.79,0.11,0.41
0.87,-110.31,62.88,172.0,0.34,0.42,0.03,0.89,0.36,0.37,0.46,0.72,0.25,0.46,-104.56,80.56,155.49,0.38,0.44,0.07,0.1,0.66,0.72,0.35,0.67,0.26,0.6,-199.44,18.25,73.31,1.54,0.37,0.26,0.31,0.43,0.31,-0.22,0.56,-0.8,-0.04,-113.43,48.0,166.63,0.81,0.89,0.8,0.27,1.78,2.21,0.46,0.78,0.13,0.4
0.88,-109.81,63.31,171.69,0.38,0.33,0.15,1.77,0.15,0.34,0.46,0.72,0.25,0.46,-103.31,81.06,151.12,0.5,0.25,0.09,0.31,1.1,1.49,0.33,0.68,0.24,0.61,-199.44,18.06,76.87,1.43,0.22,0.08,0.07,1.37,0.23,-0.22,0.58,-0.78,-0.03,-111.81,47.06,168.26,0.61,1.03,0.44,0.24,0.88,1.26,0.48,0.78,0.14,0.38
0.89,-109.43,63.56,171.81,0.33,0.05,0.28,1.44,0.32,0.5,0.46,0.71,0.25,0.46,-102.75,81.12,150.05,0.36,0.06,0.02,0.67,1.37,1.89,0.33,0.68,0.24,0.61,-199.19,18.12,78.44,1.49,0.31,0.32,0.81,1.27,1.56,-0.22,0.6,-0.77,-0.03,-111.06,46.56,169.01,0.53,0.97,0.34,0.56,1.78,0.67,0.49,0.78,0.15,0.37
0.9,-109.18,63.63,172.0,0.31,0.05,0.23,0.35,0.66,0.68,0.46,0.71,0.26,0.46,-102.44,81.19,148.87,0.19,0.18,0.11,0.17,0.18,0.43,0.32,0.68,0.23,0.62,-199.56,17.81,80.25,1.53,0.45,0.3,0.96,1.21,2.11,-0.22,0.61,-0.76,-0.03,-109.87,45.56,170.19,0.48,0.99,0.67,0.89,2.82,0.47,0.5,0.77,0.16,0.36
0.91,-108.31,63.44,171.75,0.41,0.08,0.05,0.18,0.07,0.07,0.47,0.71,0.26,0.46,-102.0,81.44,145.74,0.29,0.48,0.15,0.63,0.13,0.08,0.31,0.68,0.22,0.62,-199.69,17.94,82.06,1.33,0.68,0.26,0.33,0.56,0.37,-0.23,0.62,-0.75,-0.03,-109.87,43.81,173.63,0.47,1.01,0.46,0.87,1.75,0.81,0.52,0.77,0.17,0.33
0.92,-107.56,63.31,171.56,0.51,0.19,0.18,0.02,0.2,0.38,0.47,0.71,0.26,0.46,-101.56,81.87,142.87,0.44,0.47,0.08,1.84,0.2,0.65,0.29,0.69,0.21,0.63,-199.5,18.44,83.75,1.28,0.58,0.4,1.48,0.01,0.23,-0.23,0.63,-0.74,-0.02,-110.12,42.81,174.44,0.3,0.94,0.15,0.03,6.02,0.83,0.52,0.77,0.17,0.32
0.93,-107.12,63.13,171.75,0.28,0.2,0.21,0.74,0.91,0.84,0.47,0.71,0.26,0.46,-101.38,82.19,142.37,0.33,0.15,0.22,1.38,0.25,1.32,0.29,0.69,0.21,0.64,-199.25,18.87,85.38,1.33,0.42,0.37,0.93,1.73,0.74,-0.23,0.64,-0.73,-0.01,-110.43,41.94,175.07,0.26,0.87,1.36,0.62,0.59,0.77,0.52,0.77,0.17,0.32
0.94,-107.06,63.06,172.0,0.1,0.21,0.16,0.68,1.16,0.8,0.48,0.71,0.26,0.45,-101.12,82.31,142.68,0.33,0.03,0.1,0.51,0.11,0.92,0.29,0.68,0.21,0.63,-198.5,19.69,87.0,1.34,0.51,0.97,0.81,1.01,1.17,-0.23,0.65,-0.72,0.0,-111.87,41.13,176.88,0.52,0.78,1.24,0.5,2.28,0.52,0.52,0.78,0.18,0.31
0.95,-106.87,63.25,172.0,0.4,0.22,0.15,0.21,0.23,0.48,0.48,0.7,0.26,0.46,-100.5,82.31,140.93,0.13,0.07,0.18,0.49,1.0,0.18,0.28,0.69,0.2,0.64,-197.37,20.81,88.69,1.31,0.51,1.12,1.47,0.88,0.89,-0.23,0.66,-0.71,0.02,-112.93,40.38,178.44,0.38,0.71,0.93,0.15,0.76,1.95,0.51,0.78,0.18,0.29
0.96,-106.37,63.5,171.87,0.46,0.19,0.19,0.53,0.16,0.34,0.48,0.7,0.27,0.46,-100.19,82.31,139.18,0.12,0.27,0.03,0.84,0.1,0.17,0.28,0.69,0.19,0.64,-196.19,21.94,90.31,1.33,0.44,0.63,2.01,0.87,1.14,-0.23,0.67,-0.7,0.04,-113.06,39.81,178.82,0.12,0.31,0.11,0.54,2.93,1.59,0.52,0.79,0.18,0.29
0.97,-105.99,63.56,172.0,0.32,0.02,0.27,0.33,0.87,0.23,0.48,0.7,0.27,0.46,-100.12,82.5,137.62,0.04,0.26,0.12,0.69,1.19,0.41,0.27,0.69,0.19,0.65,-195.5,22.5,92.0,1.34,0.44,0.45,0.85,0.48,1.32,-0.23,0.68,-0.69,0.05,-113.06,39.44,179.07,0.18,0.33,0.24,1.28,0.43,1.45,0.52,0.79,0.18,0.29
0.98,-105.93,63.5,172.44,0.03,0.18,0.18,0.79,1.25,0.26,0.48,0.7,0.27,0.45,-100.19,82.75,136.62,0.02,0.2,0.05,0.2,0.28,0.87,0.26,0.69,0.18,0.65,-195.56,22.62,93.69,1.31,0.52,0.01,1.53,0.4,1.08,-0.23,0.69,-0.68,0.05,-113.68,38.88,179.94,0.2,0.54,0.83,2.21,1.84,1.1,0.52,0.79,0.18,0.28
0.99,-106.18,63.31,172.81,0.11,0.14,0.07,1.11,1.32,0.26,0.48,0.7,0.27,0.45,-100.06,82.69,135.24,0.02,0.15,0.22,0.6,0.21,0.08,0.25,0.69,0.17,0.65,-195.75,22.37,95.31,1.25,0.54,0.15,2.28,1.34,1.39,-0.23,0.7,-0.67,0.05,-113.94,38.38,180.2,0.17,0.19,0.28,0.56,1.34,1.08,0.52,0.79,0.18,0.27
1.0,-107.18,63.5,173.13,0.48,0.21,0.04,0.97,0.39,0.65,0.48,0.7,0.27,0.45,-99.87,82.69,132.43,0.06,0.57,0.07,0.76,0.31,0.21,0.24,0.7,0.16,0.66,-196.25,22.0,97.0,1.27,0.7,0.36,1.13,0.47,0.93,-0.23,0.71,-0.66,0.05,-113.81,38.0,179.44,0.23,0.33,0.39,1.03,1.01,2.16,0.51,0.79,0.17,0.28
1.01,-108.12,63.81,173.69,0.48,0.28,0.04,1.26,0.34,0.87,0.47,0.7,0.27,0.45,-99.81,83.06,127.8,0.11,0.59,0.02,0.87,0.12,0.33,0.21,0.7,0.13,0.67,-197.19,21.25,98.81,1.37,0.82,0.57,0.16,3.44,0.24,-0.23,0.72,-0.65,0.04,-115.06,37.63,180.2,0.14,0.32,1.2,1.06,2.01,2.22,0.51,0.8,0.17,0.27
1.02,-109.06,64.0,174.19,0.59,0.15,0.04,0.34,0.12,0.3,0.47,0.71,0.27,0.46,-99.75,83.25,127.8,0.03,0.11,0.05,0.11,0.65,0.37,0.21,0.7,0.13,0.67,-197.62,21.06,100.62,1.27,0.73,0.13,0.33,4.12,0.01,-0.23,0.73,-0.64,0.04,-116.75,37.69,180.76,0.27,0.46,0.17,0.48,1.45,1.91,0.5,0.8,0.17,0.27
1.03,-110.24,64.06,174.75,0.77,0.22,0.14,0.02,0.2,0.57,0.46,0.71,0.27,0.46,-99.75,83.25,127.74,0.13,0.01,0.06,0.8,0.14,0.25,0.21,0.7,0.13,0.67,-196.87,21.87,102.0,0.86,0.49,1.15,0.8,3.64,0.41,-0.23,0.74,-0.63,0.06,-117.0,38.19,180.69,0.17,0.42,0.15,0.53,0.64,1.38,0.5,0.8,0.18,0.28
1.04,-111.06,63.81,175.0,0.54,0.28,0.22,1.51,0.02,1.42,0.46,0.71,0.27,0.46,-100.38,83.5,127.8,0.23,0.33,0.03,1.33,0.18,0.08,0.2,0.7,0.13,0.67,-195.38,23.38,103.19,0.73,0.41,1.5,0.5,2.4,0.76,-0.23,0.74,-0.62,0.08,-117.37,38.63,180.76,0.28,0.6,0.45,0.58,1.69,1.63,0.49,0.81,0.18,0.28
1.05,-111.62,63.5,175.19,0.33,0.17,0.06,1.45,0.08,1.3,0.46,0.72,0.27,0.45,-100.75,83.62,127.8,0.28,0.18,0.01,0.97,0.42,0.31,0.2,0.7,0.13,0.67,-192.62,26.12,104.94,0.48,0.29,2.49,1.72,1.91,0.46,-0.22,0.75,-0.61,0.11,-118.06,39.38,180.69,0.36,0.75,0.48,0.87,2.76,2.41,0.49,0.81,0.18,0.29
1.06,-112.18,63.69,175.56,0.29,0.26,0.03,0.59,0.44,0.8,0.46,0.72,0.27,0.46,-101.87,83.75,127.87,0.54,0.31,0.06,1.05,0.44,0.61,0.19,0.7,0.12,0.67,-189.94,28.62,106.0,0.47,0.31,2.22,0.05,0.14,0.15,-0.22,0.76,-0.6,0.15,-118.87,40.19,180.63,0.49,0.71,0.72,0.29,0.44,0.83,0.48,0.81,0.18,0.29
1.07,-112.87,63.94,175.87,0.45,0.18,0.07,0.9,0.25,0.01,0.45,0.72,0.27,0.46,-102.5,83.81,127.8,0.55,0.29,0.09,0.16,0.64,1.31,0.19,0.71,0.12,0.67,-186.12,32.06,108.5,0.73,0.44,1.5,1.56,1.76,0.49,-0.2,0.77,-0.57,0.19,-120.19,40.94,180.13,0.46,0.59,1.0,0.05,1.42,0.03,0.47,0.81,0.18,0.3
1.08,-113.62,64.0,176.19,0.45,0.05,0.09,1.2,0.01,0.27,0.45,0.72,0.27,0.46,-103.0,83.81,127.74,0.46,0.1,0.1,0.49,0.1,0.55,0.19,0.71,0.12,0.67,-184.31,33.56,110.0,0.73,0.38,1.52,0.99,1.98,0.22,-0.19,0.78,-0.56,0.22,-121.5,41.69,179.69,0.56,0.72,1.03,0.94,1.61,0.49,0.46,0.82,0.17,0.31
1.09,-114.81,63.87,176.94,0.4,0.13,0.05,0.39,0.23,0.17,0.45,0.72,0.27,0.46,-103.56,83.87,127.8,0.44,0.08,0.11,0.32,0.91,0.13,0.18,0.71,0.11,0.67,-182.69,34.88,111.44,0.78,0.44,1.09,1.15,1.76,0.65,-0.19,0.78,-0.54,0.23,-124.68,43.06,179.2,0.78,0.61,1.67,1.25,0.09,2.41,0.43,0.83,0.16,0.33
1.1,-115.81,63.81,177.69,0.57,0.15,0.06,0.54,0.38,0.05,0.44,0.72,0.27,0.46,-104.19,84.0,127.93,0.43,0.18,0.11,0.77,0.8,0.18,0.18,0.71,0.11,0.67,-181.5,35.69,112.94,0.85,0.52,0.55,2.21,0.19,0.43,-0.18,0.79,-0.53,0.25,-126.68,43.63,178.07,0.47,0.51,1.54,1.3,1.77,2.16,0.41,0.83,0.15,0.34
1.11,-117.37,63.69,178.81,0.21,0.16,0.09,0.65,0.74,0.17,0.44,0.73,0.27,0.46,-104.81,84.13,128.06,0.4,0.1,0.03,0.58,0.43,0.24,0.17,0.71,0.11,0.68,-180.69,36.0,114.37,0.78,0.42,0.6,2.31,0.86,0.03,-0.17,0.8,-0.52,0.26,-128.12,44.06,177.26,0.41,0.52,1.01,1.23,0.6,0.22,0.4,0.84,0.14,0.35
1.12,-118.0,63.38,179.31,0.31,0.3,0.06,0.72,0.93,0.16,0.44,0.73,0.27,0.45,-105.25,84.13,128.12,0.25,0.29,0.11,0.49,0.54,0.36,0.17,0.71,0.11,0.68,-179.06,37.06,115.56,0.47,0.07,1.26,1.17,0.67,0.54,-0.16,0.8,-0.5,0.27,-129.06,44.63,177.26,0.62,0.46,0.45,2.0,3.11,0.3,0.39,0.84,0.14,0.35
1.13,-118.24,62.88,179.56,0.06,0.48,0.01,0.04,1.07,0.42,0.44,0.73,0.26,0.45,-105.63,84.19,128.3,0.16,0.15,0.19,1.02,0.52,0.3,0.17,0.71,0.11,0.68,-177.12,38.31,116.44,0.48,0.15,1.1,1.15,2.27,1.26,-0.15,0.81,-0.49,0.29,-130.18,44.75,177.19,0.67,0.11,0.93,1.56,0.26,1.54,0.38,0.84,0.14,0.35
1.14,-118.18,62.5,179.5,0.08,0.26,0.03,0.02,0.34,0.68,0.44,0.73,0.26,0.45,-106.0,84.31,128.49,0.14,0.17,0.18,0.66,0.52,0.14,0.17,0.71,0.11,0.68,-175.5,39.19,117.19,0.51,0.14,0.71,0.98,2.25,1.13,-0.14,0.81,-0.48,0.31,-131.68,44.75,176.63,0.62,0.02,1.12,1.51,0.23,2.22,0.37,0.85,0.13,0.36
1.15,-118.12,62.5,179.5,0.06,0.01,0.02,0.25,0.06,1.2,0.44,0.73,0.26,0.45,-106.25,84.37,128.68,0.01,0.35,0.13,0.5,0.37,1.09,0.17,0.71,0.11,0.68,-174.38,39.63,117.87,0.52,0.08,0.22,1.17,2.49,0.8,-0.14,0.81,-0.47,0.31,-132.87,44.63,176.32,0.62,0.01,0.84,0.8,0.67,1.92,0.36,0.85,0.12,0.36
1.16,-118.18,62.5,179.5,0.04,0.02,0.06,0.03,0.62,2.03,0.44,0.73,0.26,0.45,-106.37,84.25,128.8,0.04,0.44,0.12,0.39,0.04,0.26,0.17,0.71,0.11,0.68,-172.56,39.94,119.06,0.75,0.14,0.22,1.05,1.59,1.54,-0.12,0.82,-0.46,0.32,-133.62,44.56,176.44,0.54,0.08,0.33,1.4,0.35,2.39,0.35,0.85,0.12,0.36
1.17,-118.31,62.44,179.69,0.1,0.03,0.11,0.41,0.51,1.38,0.44,0.73,0.26,0.45,-106.5,84.25,128.93,0.04,0.17,0.09,0.44,0.76,0.07,0.17,0.71,0.11,0.68,-171.87,39.75,119.69,0.74,0.11,0.38,0.15,0.68,0.23,-0.11,0.82,-0.45,0.33,-133.68,44.38,176.88,0.35,0.17,0.07,1.84,0.68,2.65,0.35,0.86,0.13,0.36
1.18,-118.68,62.5,179.81,0.15,0.08,0.18,0.34,0.36,0.37,0.44,0.74,0.26,0.45,-106.63,84.06,128.93,0.2,0.33,0.03,0.11,0.59,0.21,0.17,0.71,0.1,0.68,-171.94,38.69,120.13,0.43,0.15,0.56,1.1,0.13,0.87,-0.11,0.83,-0.45,0.32,-133.56,43.94,177.88,0.29,0.3,0.29,0.22,1.53,1.34,0.36,0.85,0.13,0.35
1.19,-119.49,62.56,179.06,0.46,0.01,0.14,0.26,0.19,0.1,0.43,0.74,0.26,0.45,-106.81,83.81,128.93,0.29,0.36,0.04,0.18,0.24,0.96,0.17,0.71,0.1,0.68,-171.62,38.38,120.25,0.49,0.32,0.31,2.39,0.2,0.45,-0.1,0.83,-0.45,0.32,-133.19,43.5,178.69,0.41,0.4,0.33,0.7,0.13,0.46,0.37,0.85,0.14,0.34
1.2,-120.56,62.56,178.25,0.48,0.04,0.09,0.38,0.01,0.33,0.42,0.75,0.25,0.46,-107.19,83.62,128.93,0.38,0.23,0.02,0.23,0.22,1.08,0.17,0.71,0.1,0.67,-170.38,38.63,120.44,0.55,0.68,0.05,2.65,0.65,0.5,-0.1,0.83,-0.44,0.33,-132.75,42.75,179.88,0.39,0.33,0.07,2.79,0.15,0.26,0.37,0.85,0.15,0.33
1.21,-121.18,62.69,177.69,0.24,0.09,0.11,0.5,0.34,0.23,0.41,0.75,0.24,0.46,-107.63,83.5,128.93,0.34,0.08,0.01,0.12,0.69,1.39,0.17,0.71,0.1,0.67,-169.13,38.88,120.44,0.46,0.68,0.21,1.06,0.62,1.17,-0.09,0.83,-0.44,0.33,-132.68,42.62,180.2,0.29,0.19,0.54,1.87,2.15,0.07,0.37,0.85,0.15,0.33
1.22,-121.56,62.75,177.38,0.15,0.04,0.04,0.67,0.08,0.06,0.41,0.75,0.24,0.46,-107.87,83.5,128.93,0.17,0.07,0.03,0.24,0.6,0.05,0.16,0.71,0.09,0.68,-168.13,39.0,120.19,0.34,0.64,0.29,1.25,0.35,0.52,-0.08,0.83,-0.44,0.34,-132.06,42.38,180.38,0.38,0.25,1.24,1.12,0.69,0.81,0.38,0.85,0.15,0.33
1.23,-121.68,62.62,177.5,0.1,0.15,0.16,1.18,0.09,0.17,0.41,0.75,0.24,0.46,-107.94,83.56,128.93,0.07,0.14,0.06,0.23,0.45,0.38,0.16,0.71,0.09,0.68,-167.37,38.88,120.0,0.77,0.61,0.78,1.56,1.43,1.07,-0.08,0.83,-0.44,0.34,-130.43,42.06,178.51,0.52,0.4,1.44,1.3,2.06,1.86,0.39,0.85,0.14,0.33
1.24,-121.62,62.25,177.94,0.13,0.35,0.28,1.27,0.32,0.33,0.41,0.75,0.24,0.46,-108.0,83.56,128.8,0.12,0.08,0.09,0.08,0.76,0.5,0.16,0.71,0.09,0.68,-166.88,38.19,120.13,0.95,0.52,1.29,0.06,0.23,0.59,-0.07,0.83,-0.44,0.34,-129.18,41.5,176.63,0.61,0.37,0.87,0.77,1.0,0.56,0.39,0.85,0.13,0.33
1.25,-121.68,61.37,178.56,0.11,0.4,0.17,0.53,0.16,0.62,0.41,0.75,0.24,0.45,-108.06,83.5,128.68,0.19,0.03,0.12,1.0,0.07,0.57,0.16,0.71,0.09,0.68,-167.19,36.75,120.06,0.89,0.44,1.78,0.83,1.12,0.58,-0.06,0.83,-0.44,0.32,-128.68,41.13,175.32,0.63,0.2,0.51,1.06,2.61,0.81,0.39,0.85,0.12,0.33
1.26,-121.93,61.13,178.56,0.2,0.18,0.07,0.45,0.56,0.85,0.41,0.76,0.24,0.45,-108.06,83.44,128.62,0.06,0.03,0.07,0.97,0.09,0.61,0.16,0.71,0.09,0.68,-167.37,35.69,119.69,0.41,0.6,1.17,0.74,2.04,0.24,-0.06,0.84,-0.45,0.32,-128.18,41.06,174.07,0.66,0.06,0.64,0.28,1.26,0.58,0.39,0.85,0.11,0.34
1.27,-122.81,60.44,178.06,0.15,0.38,0.11,0.03,0.07,0.49,0.41,0.76,0.23,0.45,-108.06,83.31,128.55,0.08,0.1,0.07,0.74,0.93,0.07,0.16,0.71,0.09,0.68,-166.62,35.81,119.25,0.07,0.7,0.03,0.25,0.43,2.16,-0.06,0.83,-0.45,0.32,-126.12,40.38,170.01,0.81,0.25,1.17,0.82,0.71,2.14,0.4,0.85,0.08,0.34
1.28,-123.25,60.19,177.56,0.07,0.17,0.26,0.03,0.42,0.53,0.4,0.77,0.22,0.45,-108.12,83.06,128.55,0.23,0.21,0.13,0.84,1.08,0.17,0.16,0.71,0.09,0.67,-165.56,36.38,118.87,0.02,0.65,0.18,0.17,2.09,1.26,-0.05,0.83,-0.45,0.33,-125.56,40.19,168.63,0.55,0.04,0.65,0.8,3.2,2.68,0.4,0.85,0.07,0.35
1.29,-123.43,60.12,177.31,0.03,0.14,0.21,0.12,0.73,0.07,0.4,0.77,0.22,0.45,-108.31,82.81,128.99,0.24,0.13,0.15,1.21,0.47,1.09,0.17,0.72,0.09,0.67,-165.0,36.56,117.44,0.32,0.5,0.26,1.21,2.43,0.91,-0.06,0.83,-0.45,0.33,-125.06,40.31,167.44,0.54,0.32,0.72,0.85,2.31,9.44,0.4,0.85,0.07,0.35
1.3,-123.49,59.88,177.06,0.17,0.29,0.09,0.7,0.48,0.32,0.4,0.77,0.22,0.45,-108.25,82.75,128.99,0.01,0.2,0.09,0.89,0.74,0.94,0.17,0.72,0.09,0.67,-165.06,36.56,116.62,0.39,0.41,0.21,0.3,2.4,0.56,-0.06,0.82,-0.46,0.33,-124.18,40.31,165.88,0.77,0.14,0.75,1.29,1.4,0.31,0.4,0.84,0.06,0.36
1.31,-123.18,59.56,177.12,0.24,0.33,0.09,1.06,0.71,0.32,0.4,0.77,0.22,0.45,-108.12,82.5,129.93,0.03,0.37,0.11,0.1,0.17,0.26,0.17,0.72,0.09,0.67,-165.88,35.63,115.06,0.14,0.44,0.54,3.52,5.33,0.86,-0.06,0.82,-0.48,0.32,-123.87,40.31,164.82,0.38,0.16,0.33,0.32,4.25,3.89,0.4,0.84,0.05,0.36
1.32,-122.81,59.13,177.31,0.28,0.47,0.08,1.14,1.31,0.05,0.41,0.77,0.22,0.44,-107.94,82.06,131.74,0.09,0.47,0.13,0.7,0.46,0.07,0.19,0.71,0.1,0.67,-166.25,35.0,115.19,0.53,0.02,0.86,1.79,3.59,0.64,-0.06,0.82,-0.48,0.31,-123.37,40.63,164.44,0.08,0.43,0.33,2.3,3.18,0.02,0.4,0.84,0.05,0.36
1.33,-122.49,57.88,177.44,0.05,0.6,0.1,0.72,1.19,0.36,0.41,0.77,0.22,0.43,-107.87,81.63,133.68,0.1,0.38,0.1,0.01,0.62,1.23,0.2,0.71,0.11,0.66,-165.94,34.25,115.75,0.99,0.48,0.57,3.04,4.04,0.64,-0.06,0.82,-0.47,0.31,-122.5,40.38,162.88,0.67,0.12,1.21,0.87,6.35,5.64,0.4,0.84,0.04,0.37
1.34,-122.93,57.44,177.12,0.12,0.36,0.09,0.11,0.34,0.28,0.41,0.78,0.21,0.43,-107.81,81.25,135.05,0.07,0.31,0.07,0.25,0.01,0.56,0.21,0.71,0.12,0.66,-163.19,35.31,116.25,0.79,1.03,0.91,0.18,0.88,1.86,-0.04,0.82,-0.46,0.33,-121.87,39.69,162.63,0.37,0.18,0.08,1.96,0.33,6.47,0.41,0.84,0.04,0.36
1.35,-122.81,56.44,177.12,0.16,0.55,0.07,1.46,0.23,0.09,0.41,0.78,0.21,0.43,-107.75,80.87,136.74,0.12,0.6,0.04,0.02,0.58,0.06,0.22,0.71,0.13,0.65,-160.69,36.69,116.5,0.35,0.69,0.87,2.53,1.15,3.28,-0.03,0.82,-0.45,0.35,-120.75,39.56,162.51,0.4,0.22,0.98,2.05,3.7,0.26,0.42,0.83,0.04,0.36
1.36,-122.43,55.88,177.5,0.07,0.46,0.12,0.6,0.53,0.12,0.42,0.78,0.21,0.42,-107.81,80.31,139.37,0.11,0.55,0.03,0.32,0.62,0.24,0.24,0.71,0.14,0.64,-159.94,37.06,116.56,0.41,0.41,0.26,2.42,1.28,4.49,-0.02,0.82,-0.44,0.35,-119.87,38.94,161.45,0.52,0.57,0.88,2.51,3.26,2.2,0.42,0.83,0.03,0.36
1.37,-122.25,55.31,177.81,0.04,0.52,0.13,0.06,0.75,0.19,0.42,0.78,0.21,0.41,-107.81,79.87,141.24,0.04,0.43,0.02,0.77,0.2,0.04,0.25,0.71,0.15,0.64,-159.56,36.69,116.62,0.42,0.15,0.69,3.76,3.12,5.45,-0.02,0.82,-0.44,0.35,-121.0,37.94,161.07,0.94,1.22,1.02,3.14,1.79,2.71,0.41,0.84,0.02,0.36
1.38,-122.0,54.63,178.12,0.04,0.67,0.21,0.38,0.95,0.58,0.42,0.78,0.21,0.41,-107.63,79.44,142.68,0.12,0.61,0.06,0.31,0.89,0.65,0.27,0.71,0.16,0.63,-159.87,36.19,116.69,0.28,0.29,0.09,2.34,0.16,1.4,-0.02,0.83,-0.44,0.35,-123.31,37.38,162.19,0.43,1.11,1.69,1.72,8.43,0.49,0.4,0.85,0.02,0.35
1.39,-121.87,53.94,178.44,0.08,0.59,0.21,0.04,1.1,0.5,0.43,0.78,0.21,0.4,-107.31,78.75,144.37,0.05,0.72,0.09,0.22,1.16,0.5,0.28,0.71,0.17,0.63,-160.44,36.38,116.5,0.82,0.07,0.7,2.11,1.29,2.64,-0.02,0.82,-0.45,0.35,-123.94,36.94,161.82,0.86,0.25,0.13,1.97,5.09,4.33,0.4,0.85,0.01,0.35
1.4,-122.06,53.44,178.56,0.21,0.43,0.21,0.04,0.83,0.03,0.43,0.78,0.21,0.4,-107.19,78.12,146.12,0.03,0.6,0.06,1.49,1.02,0.91,0.29,0.71,0.18,0.62,-160.19,37.31,115.69,0.81,0.4,1.02,2.5,2.72,0.86,-0.03,0.82,-0.45,0.35,-124.12,36.94,161.13,0.87,0.11,0.37,0.44,0.56,0.97,0.39,0.85,0.01,0.35
1.41,-122.43,52.88,178.62,0.28,0.62,0.2,0.26,0.36,0.05,0.43,0.79,0.2,0.4,-106.94,77.12,149.37,0.16,0.73,0.04,0.69,1.18,1.42,0.32,0.7,0.19,0.61,-158.37,39.19,115.25,0.13,0.31,1.76,0.24,1.63,1.42,-0.03,0.82,-0.44,0.37,-124.93,37.25,160.76,0.32,0.03,0.34,2.47,1.76,0.96,0.38,0.85,0.01,0.35
1.42,-122.93,52.19,178.56,0.33,0.59,0.19,0.11,0.29,0.11,0.42,0.79,0.2,0.39,-106.69,76.0,151.3,0.05,1.02,0.11,0.2,0.92,1.17,0.33,0.7,0.2,0.6,-156.37,40.88,115.75,0.23,0.06,1.38,2.4,2.56,3.4,-0.02,0.81,-0.43,0.39,-125.06,37.31,160.45,0.19,0.12,1.17,0.37,2.12,1.57,0.38,0.85,0.0,0.35
1.43,-123.56,51.63,178.5,0.32,0.51,0.2,0.2,0.12,0.02,0.42,0.8,0.2,0.39,-106.19,74.75,153.87,0.26,0.49,0.15,1.21,0.83,0.54,0.36,0.7,0.21,0.58,-155.75,41.31,116.62,0.47,0.2,0.21,1.56,4.95,2.93,-0.01,0.82,-0.42,0.4,-123.31,36.88,159.13,0.04,0.07,1.71,1.92,6.0,1.88,0.39,0.85,-0.0,0.36
1.44,-123.93,51.13,178.56,0.3,0.47,0.28,0.36,0.46,0.04,0.42,0.8,0.19,0.39,-106.0,74.31,154.93,0.04,0.35,0.11,0.22,0.95,0.54,0.36,0.7,0.22,0.57,-158.19,38.88,116.69,0.11,0.19,1.16,0.15,4.84,1.68,-0.02,0.82,-0.43,0.37,-121.75,36.13,158.13,0.03,0.18,0.15,2.98,4.31,0.68,0.4,0.84,-0.01,0.35
1.45,-124.43,50.63,178.56,0.37,0.45,0.3,0.22,0.68,0.24,0.42,0.8,0.19,0.38,-106.06,74.0,155.87,0.08,0.41,0.09,0.25,0.98,0.98,0.37,0.7,0.22,0.57,-158.81,38.56,116.56,0.29,0.19,0.19,0.26,3.41,0.65,-0.02,0.82,-0.44,0.37,-121.62,35.94,158.32,0.15,0.24,0.39,1.36,3.8,0.39,0.4,0.84,-0.01,0.35
1.46,-125.62,49.69,178.5,0.27,0.33,0.24,0.25,0.23,0.24,0.41,0.81,0.18,0.38,-106.44,73.69,156.74,0.31,0.37,0.02,0.23,0.54,0.33,0.37,0.7,0.22,0.57,-156.19,42.44,116.62,0.81,0.14,2.27,0.58,2.37,1.64,-0.02,0.82,-0.42,0.4,-121.75,35.88,159.26,0.19,0.07,0.13,0.94,0.88,0.07,0.41,0.84,-0.0,0.35
1.47,-125.68,49.5,178.62,0.08,0.12,0.12,0.41,0.76,0.04,0.41,0.81,0.18,0.38,-106.81,73.19,157.68,0.35,0.55,0.03,1.07,0.57,0.4,0.38,0.7,0.22,0.56,-154.69,44.44,116.5,0.64,0.15,1.3,0.54,2.61,2.05,-0.02,0.81,-0.4,0.42,-121.93,35.88,159.45,0.01,0.08,0.25,0.26,0.21,1.15,0.41,0.85,-0.0,0.35
1.48,-125.74,49.38,178.69,0.06,0.13,0.11,0.69,0.96,0.03,0.41,0.81,0.18,0.38,-107.19,72.56,158.68,0.26,0.56,0.04,0.22,0.6,0.51,0.38,0.7,0.23,0.56,-154.12,45.5,116.25,0.51,0.07,0.78,1.23,0.71,1.82,-0.02,0.81,-0.4,0.43,-122.87,36.31,160.26,0.02,0.01,0.24,0.21,0.14,1.64,0.4,0.85,0.0,0.35
