0.01,-369.13646281662824,43.413769712733206,167.8593265142907,0.2162214730287834,2.1350405720236587,0.45952032213849797,0.0639730395689529,0.6940437119145559,1.593843357141985,-0.9195009770954768,-0.11003532982512242,-0.36063156653373757,-0.1309581043222861,-153.17625937458672,84.82652997951988,4.601033538795325,0.07769044961027165,0.09725087523868578,0.07144505083386266,0.09378032826526804,0.057271870099674264,0.32570534459231965,-0.6485051674221863,0.1902337067613657,-0.7106636040063681,0.20020790885865666,-184.2382739452711,3.2059830839509704,11.47205521288125,0.1483717735962763,0.08519757403275703,0.5171842046901582,0.18139095873861108,0.06456278796079712,1.1206916417272965,-0.03006747245066325,0.10038316259669627,-0.9899519884500364,-0.029404577545148938,-161.49550950633002,15.23035774860229,17.621152151457682,0.009808420967589717,0.010045182955591645,0.017948167855396907,0.015243748241233554,0.10930446307922387,0.00288606274231581,-0.10985477242961263,0.1699935392740797,-0.9600162139745602,0.1799581537274124
0.02,-369.6791405884265,42.15449354422152,167.794445867881,0.2508927890056875,2.1647300548427553,0.42943994686099407,0.47731600678068437,0.8107214101390268,1.7681362845228927,-0.9221472534990751,-0.11445694116024331,-0.3490608039019556,-0.13189998611201934,-153.3471120965325,85.16948982793215,4.174943738300723,0.0767768182174984,0.16621939850787285,0.05678704174871412,0.038510766779816956,0.0744898089766119,0.36058319052940296,-0.6522072808170144,0.18591489385159632,-0.7102868158419948,0.1957853613373973,-183.47174980094022,3.2912489261157356,10.979732002766537,0.18359492383195614,0.08900194006627819,0.5926432696280984,0.26553868697608213,0.13680694872866914,1.6825377813525886,-0.029910062059156233,0.09580880425540765,-0.9916810349799395,-0.02377394893617271,-161.52888406381803,15.224540899914851,17.617128468903655,0.01122660857004485,0.012339318033326574,0.019251849973830105,0.018703260589937157,0.10831371030035242,0.003143194087618114,-0.10936738372988619,0.169993676663338,-0.9600251279529045,0.1799331552691941
0.03,-370.26888647509327,41.026158418893864,167.76925824729108,0.28424443386728665,2.1960262770041714,0.4044202721272246,0.8706543654722195,0.9246200720342601,1.9270342776838236,-0.9244021453992792,-0.11912246572848442,-0.3386061253164127,-0.1328044696174751,-153.51530596601137,85.50223141358131,3.7851901853300647,0.07592351293340592,0.23854898715883632,0.043685231794669356,-0.003876822923423531,0.09351109159618419,0.39525785576175754,-0.6558045970549823,0.18187602269593803,-0.7099050630981869,0.19167264591349176,-182.69637606944403,3.3731776809075087,10.490251690097482,0.21759623954519042,0.09257960097408964,0.6622625291246438,0.34887588632102534,0.21008278880152223,2.2114059164934807,-0.029720941066024627,0.09128014194480201,-0.9933243420114629,-0.018045332722258348,-161.56118599439944,15.21989757954341,17.611977836277738,0.012778850550336725,0.014598936350413925,0.02086026275282229,0.02218399590437109,0.10697327333372045,0.00490220780364332,-0.10887036130961929,0.1699945527029015,-0.9600336524471705,0.17990882625331026
0.04,-370.9298398204435,40.16625229938542,167.82078495603605,0.3154172379421033,2.228955198320054,0.38773964602872474,1.2247508414728725,1.0334909877158263,2.055926274235928,-0.9258345713664478,-0.12410111522333744,-0.3304236038283589,-0.13357533484490097,-153.66943794385622,85.77816890318928,3.482980772121958,0.07543110144195542,0.31719798938605037,0.03332412626250003,-0.023843730478622094,0.11470388801833278,0.43094192054670727,-0.6588643801999745,0.17849567214611012,-0.7096413386190792,0.1882842680571916,-181.90083567974244,3.452046369985012,10.01308401225202,0.2489936228779673,0.09579796414152278,0.7221618678771672,0.43015166555763623,0.28456683368225955,2.6791881484700335,-0.029513093113895505,0.08690319978248899,-0.9948057530693428,-0.012089388959033186,-161.59012092586994,15.216261207777274,17.604221455568812,0.014511492121225199,0.016808445693046358,0.022955233303783913,0.025694599103502955,0.10508001340605935,0.00866071703821316,-0.10833975461822686,0.16999626806309096,-0.9600407410678525,0.1798880269001614
0.05,-371.67439031081915,39.69043525947727,167.98184343274812,0.343515057792612,2.262322329801169,0.38170627922489,1.5240723268314231,1.135076032701228,2.142733294258995,-0.926085284306765,-0.1293808604636749,-0.32549122666129876,-0.13409513074287457,-153.79795907247328,85.95093395252854,3.317200575670403,0.07554134485085669,0.40464390131488337,0.02669301647127559,-0.013001337753981207,0.13815856221165493,0.468370889309178,-0.6609512656777793,0.1761285630232752,-0.7096188801761794,0.18600856112362257,-181.07765858676896,3.528655370446928,9.55864000640802,0.27669115792705806,0.09844486506322572,0.768922538043405,0.5077010485785939,0.3597288693659054,3.0620689217215054,-0.029305318376976332,0.08278688802566496,-0.9960593883207388,-0.005812507044205575,-161.61347747488767,15.213474873127486,17.592505454034235,0.016446858484980755,0.01894001864767926,0.025665957158071896,0.029276740430808933,0.10249743072099902,0.014816300977103836,-0.10775732399220309,0.16999885712978471,-0.9600452278426576,0.17987398568438548
0.06,-372.49971442547945,39.68356212650046,168.27818235142394,0.3676393957633258,2.2935216926176696,0.38740259270440525,1.758091331841907,1.2271598833419795,2.1789885560071123,-0.9248961296515947,-0.13485110952676896,-0.3245343691114872,-0.13422826096283685,-153.8897194995229,85.97628636035637,3.332102710484281,0.07643872137147223,0.5026310431879816,0.024527338129463616,0.03537200418755156,0.16364804524968432,0.5076528433110046,-0.6616442224650843,0.17508754782097646,-0.7099557154514863,0.1851874077085581,-180.22444749650447,3.6043468749648446,9.138199601319117,0.2999902322446192,0.10023735122014635,0.799790795833901,0.5794425254150584,0.4341684366787776,3.3421301136231008,-0.029121807741694313,0.07904095543419912,-0.9970337989652593,0.0008309162119485823,-161.62923925362148,15.21137123685192,17.575693546721908,0.018577676309299764,0.020949757970669166,0.029045201871912125,0.0329932320586302,0.09916958555732343,0.02359475479421437,-0.1071127320937002,0.17000226636272522,-0.9600459250919043,0.17987003777330732
0.07,-373.38626662338237,40.193709036102256,168.72601970376527,0.3869708082977704,2.318685675329755,0.4045780943450904,1.9220780623953415,1.3077198117317659,2.160606887033277,-0.9221286904765507,-0.14029974295789516,-0.3279748467408341,-0.13382902851139222,-153.93455358008674,85.81404192473137,3.5648830966808944,0.07825718329633026,0.6119748146995921,0.027261543134807716,0.125825808499307,0.19061150312025138,0.5482370741435593,-0.6605553553185683,0.17562666699939053,-0.7107595793570138,0.18609684834615328,-179.3444213398738,3.6809396873442353,8.763580067747302,0.3186472615745955,0.10085734737267094,0.8129178223764669,0.642999322043436,0.5055945994775171,3.5084990290459204,-0.02899103634063371,0.0757726696823296,-0.9976953763580537,0.007832606995975825,-161.6356986269737,15.209735494194812,17.552951083043876,0.020863556853149594,0.022777871467296776,0.03305288045688086,0.036910869348507735,0.09512622921936169,0.03498059366744045,-0.10640450911337208,0.17000633659540706,-0.9600417500739015,0.17987928115718158
0.08,-374.29854242764446,41.22980035640653,169.33014644608474,0.40088615477428907,2.333140146687506,0.4317075577751498,2.017244758173805,1.3751332190081005,2.088225051166143,-0.9177703412835444,-0.14542659370246963,-0.3359085707231913,-0.13275496048290822,-153.92388241177645,85.42995923244119,4.043246333760384,0.08109018505993784,0.7324379363472178,0.034997041858515675,0.2602713612078794,0.21816861379352406,0.5890066605893922,-0.657349835332932,0.1779258466697857,-0.7121234008531213,0.18892944205284104,-178.44618752848478,3.760578623498385,8.446549725376808,0.3328669540437341,0.10000967194498805,0.8076006308529527,0.6959442126906003,0.5709730915383464,3.557941718467295,-0.028943924054664585,0.07308223949843122,-0.998030549385746,0.015131701141188053,-161.6315669540362,15.208256071083358,17.523815796042985,0.023230266656835686,0.024353189851027395,0.037549149984487155,0.04107846361706713,0.09047778254271997,0.0486564824303687,-0.10563966316639335,0.17001079229526825,-0.9600318740585773,0.17990416663088651
0.09,-375.1881402292756,42.76302337882484,170.08271207644646,0.40908776914937567,2.332061118713103,0.466205123213217,2.0501746530647957,1.4283795565450574,1.9670226836315545,-0.9119272051092733,-0.1498733325522263,-0.3481136810685236,-0.13088495453358692,-153.85129987050257,84.79749922557548,4.7831516253483,0.0850024457575323,0.8626868132802415,0.04748899554962593,0.43759731153166764,0.2451721016492724,0.6284838197456405,-0.6517656412786321,0.1820780766930655,-0.7141215590284008,0.19377953853606786,-177.54275217541345,3.845508855939826,8.198044121400494,0.3432304057050346,0.09749263102244345,0.7844691933055055,0.7361371908679266,0.626842524080305,3.494853881398901,-0.029011278404920234,0.07105731772705665,-0.998046362455218,0.02262298010144435,-161.61607340784943,15.20647134674777,17.48824996885442,0.02557256426159859,0.025601507268932178,0.04229844113075221,0.04550087796110802,0.08539996129016972,0.06395878063814482,-0.10483203667973716,0.17001524083959266,-0.9600158832826037,0.1799460495478987
0.1,-375.9987888555079,44.73171036014933,170.96276984889914,0.41171328379473116,2.3111918591802914,0.5047587942311951,2.031598714611552,1.46717526806944,1.8060146524513845,-0.9048053495547915,-0.15326689315448075,-0.3640870503418693,-0.12814064567715805,-153.7130993254702,83.89934898612967,5.787001500813135,0.09004260240480311,1.000328277215524,0.0641555517008425,0.6534256851293326,0.2703031949845861,0.6651220844364502,-0.6436314021791149,0.188080248838872,-0.7168070698653408,0.20063294144588478,-176.64988559361834,3.937795886049222,8.027284945054312,0.3505697653005624,0.09326822745933752,0.7455599738983656,0.7620931722267744,0.6697714505936337,3.330661380382747,-0.029220618849929072,0.06976719930681399,-0.9977692116011719,0.030170899122204182,-161.5890424740978,15.203724327471358,17.446668394368498,0.027761142875331053,0.026456319067407547,0.046984815784201044,0.050110928702833665,0.08010958155011624,0.07985711393867224,-0.10399977276766151,0.1700191845701248,-0.9599939370677076,0.1800047431301244
0.11,-376.6726167579948,47.048894978679186,171.9366301898167,0.4093953580557671,2.267480917425442,0.5437312870975787,1.974728007722583,1.4919996879790747,1.6169190208980586,-0.8966833318723899,-0.15527037527813772,-0.38310335506875354,-0.1245080417752665,-153.50869388205132,82.72858871735083,7.042581984959868,0.09625606829990214,1.1420205355737894,0.08411226523127882,0.9000787890691664,0.2922082160352253,0.697641494042148,-0.6328804901080587,0.19582910285955357,-0.7202097676848317,0.2093626464796891,-175.78406050528778,4.039020010175039,7.940927624116953,0.35581233263685713,0.08751855819016968,0.6942276934385623,0.7732961242845842,0.6968931440973708,3.082700743771697,-0.029592575316098556,0.0692574728876388,-0.9972417465319708,0.03762746753525633,-161.55093981083505,15.199140175411008,17.399937161751925,0.029653625349202874,0.02686981216256209,0.05123769645301536,0.054742662822532144,0.0748350568703976,0.09496651687139404,-0.10316247905732197,0.17002204771230475,-0.9599669047135561,0.1800781238111763
0.12,-377.15664066480184,49.61146039856571,172.95904414174956,0.4032484504352272,2.199535983566737,0.5795670335818425,1.8934370673510557,1.503997366772542,1.412795055388001,-0.8878803324293421,-0.15563290829671764,-0.40428861145986644,-0.12005545218013625,-153.24088372110728,81.28937862550302,8.52305803716942,0.10369657376041497,1.2836493854618645,0.10623262080337875,1.1668271460017867,0.309667343826923,0.7253404338463627,-0.6195595750489855,0.20512375436902264,-0.7243354169786157,0.21973225019996562,-174.9602544320245,4.149978879832161,7.942367289656123,0.3598236037385691,0.08067736842107809,0.6348742573469669,0.7703800180138599,0.7064231986741895,2.7726929893727372,-0.030137149375077565,0.0695458778142693,-0.9965181737821548,0.044851510431927366,-161.50287817525304,15.191642649986381,17.34934017911965,0.031108770393847966,0.02682170540352113,0.054665395586037495,0.05911113569094103,0.06978641903837955,0.1076004951106888,-0.10233875435613023,0.17002321915556348,-0.9599364601435426,0.18016184714113873
0.13,-377.408413530513,52.30973879926653,173.9752070343912,0.39477321949717137,2.1078379565630847,0.609151796618206,1.8005935916242144,1.504771853425029,1.2066732243581284,-0.8787242414407461,-0.1542296513650662,-0.4266994104923803,-0.11494369880317541,-152.91592982496132,79.59705036416528,10.188249502082812,0.11243335415278269,1.4205613360923541,0.12923256304740446,1.4404686762952086,0.3217816829312458,0.7483025671524193,-0.6038301074352675,0.2156758958511814,-0.7291656076250214,0.23140808697719473,-174.18994026142025,4.27043138514933,8.031313158020753,0.363278616778374,0.07343011444916982,0.5725115625880466,0.7551288836058047,0.6980517483741019,2.424945762184615,-0.030850212583907462,0.07061997701670251,-0.9956584193261735,0.051726605422211636,-161.44657968463252,15.180023705625572,17.296513183072236,0.03200231793143989,0.02632390361757949,0.05689242466565889,0.06280474129848715,0.06512953242052094,0.11587161170368715,-0.10154462441829305,0.17002211060009312,-0.9599051122486272,0.18024923661891848
0.14,-377.40003997520705,55.03654530513942,174.92353540301738,0.3856867180052744,1.9947070524819954,0.6300876290330261,1.7067672252076662,1.496109058590473,1.0103649395057595,-0.8695233003566158,-0.15108533683886308,-0.4493996453173122,-0.10942572576135735,-152.54340383986894,77.67751081029546,11.987248110859788,0.1225497138052631,1.547845810788726,0.15177287321655022,1.7062453743974817,0.32816182695329565,0.7674315840716404,-0.5859616887824662,0.22712788044067111,-0.7346583166146702,0.24398011314526188,-173.4795679130716,4.398910119298507,8.203701048758376,0.36658327283120734,0.06668053996677441,0.5122138061278662,0.7302956478727465,0.6731209714377625,2.06442750690812,-0.03171067943228777,0.07243701576037062,-0.9947218244623826,0.05817512243371163,-161.38429638427124,15.163075272441436,17.243348304968688,0.03224240996445489,0.025419870559638125,0.05759600251626142,0.06529595997691327,0.06096779351545774,0.11784265235907329,-0.10079317464666365,0.17001822774142242,-0.9598761499744585,0.18033140593183225
0.15,-377.1201959290838,57.6948535444267,175.73912741338506,0.3777048992618555,1.8640494555061182,0.6408648095136852,1.6194615538715371,1.479681279292297,0.8335694429275141,-0.8605437201875826,-0.14637838258209623,-0.47152788502703424,-0.10383450860259963,-152.13579759680388,75.56591356595703,13.862204364130566,0.13412873517362586,1.660655605915872,0.17256881067692298,1.9490372949409391,0.32909693248982375,0.7842967696505101,-0.5663170747654874,0.23907762706041447,-0.7407491514937473,0.2569901764096568,-172.82976151615188,4.532620085427037,8.451960797472108,0.3698541125130302,0.0614853747628748,0.45854256822942313,0.6992812421447202,0.6345489554570972,1.7148672114303618,-0.03267881667824499,0.07492605846213772,-0.993761201544862,0.06416638636481692,-161.31869562589986,15.139784052131375,17.191875432795474,0.031782380387083184,0.024178887853128373,0.05653801105109578,0.0659748699868233,0.05733324057309687,0.11172627312861926,-0.10009538131808701,0.1700112500995449,-0.9598534848668313,0.18039766620078443
0.16,-376.57418299067984,60.2035870914125,176.3577585839372,0.3723158721414748,1.7209379531819988,0.6409260774811268,1.5429162675227908,1.4567906176039778,0.6833198714723241,-0.8519945327483197,-0.14042609788994057,-0.4923504368964918,-0.09856000786543909,-151.70789145002874,73.30463204937803,15.752875953308171,0.14722368095982577,1.7545475005077042,0.19049316048465553,2.154698883645044,0.32567695345800796,0.8008336082652611,-0.545329596223926,0.25110797589383643,-0.7473534261764464,0.2699649507933965,-172.23533357573817,4.667432152539998,8.765601988353174,0.372950730822441,0.05896152492402568,0.415035403434091,0.665736414067815,0.5865237356457939,1.397046210015581,-0.03369612050618939,0.07799224550014619,-0.9928180746597184,0.06971799764839891,-161.25271837243216,15.109580048852024,17.144129068879145,0.03062901084324982,0.022686577126614923,0.05359058632683156,0.06420709674260078,0.054188483419542736,0.09612481068186496,-0.09946190688826231,0.17000111297296724,-0.9598413802945903,0.18043625313233383
0.17,-375.78232000386214,62.50127468397806,176.72017741684968,0.37058199868785846,1.571096586314655,0.6306252790996159,1.4784292397556498,1.4282116166646077,0.5637545451948957,-0.8440199217767758,-0.13365418809743682,-0.5112972554253816,-0.09401759114214923,-151.27589971356832,70.94067042382802,17.601366392501944,0.16181429760947308,1.825815392211229,0.20465873682750454,2.3113497763056428,0.3198373978495356,0.8189821622345205,-0.5234749194154356,0.262817204758491,-0.7543692420074649,0.28244990843666595,-171.68608035648094,4.797974484392528,9.13203915930744,0.3755441604409443,0.06017308188380399,0.3838354877514504,0.6331486723764566,0.5340395914515425,1.1274485029311319,-0.034687092504880626,0.08152279959407793,-0.9919197330229231,0.07489053886209461,-161.18941701959602,15.072618969118432,17.102010867173856,0.028845149832403532,0.021033879371446955,0.048755579134148526,0.059414613267933944,0.05144083858402969,0.07029533978617061,-0.09890546408986624,0.1699880830311661,-0.9598440659237378,0.18043538430776482
0.18,-374.77713205831066,64.54757234266124,176.77635994524488,0.37299850642272053,1.420367292261063,0.6110884602624582,1.4250635045935574,1.394177246838602,0.47616979955989824,-0.8366984376896182,-0.1265555802507139,-0.5279799149918099,-0.0906117775606399,-150.8564376488314,68.5227493245801,19.356446012166124,0.17775590570047053,1.87178104802448,0.21447072356812755,2.4104315961317138,0.31430269266890765,0.8403517968912745,-0.5012400100515891,0.2738471632137898,-0.7616816187620228,0.29404051360000977,-171.1682046162435,4.917823631459163,9.537552021349903,0.3771997769178205,0.06600877891998287,0.365512670200762,0.6044670571330282,0.4823651520369682,0.9174037426328182,-0.035563061825330866,0.08539421584868308,-0.9910783955669746,0.07977692105242419,-161.13177600784564,15.030069050733008,17.06715844938503,0.026546752609761103,0.019306926010863763,0.04217921862069913,0.051174471184841835,0.048969549425517685,0.03441869281409444,-0.09844326769671874,0.16997281751512242,-0.9598652479210256,0.18038462489390752
0.19,-373.5998594162804,66.3228676135458,176.48930326780098,0.3794236723052883,1.2742284614129322,0.5839964180395001,1.3805491375521473,1.354518589497888,0.4193001488617455,-0.8300479004777057,-0.11964452112625437,-0.5421926717547286,-0.08870004363934629,-150.46538631825825,66.09836501237753,20.9769391897417,0.194734618453377,1.8910081780771177,0.21964655324688667,2.4473971097000726,0.3124205845421191,0.8659848706169034,-0.47909259831819023,0.2839059184438821,-0.7691675176799005,0.3044073698311731,-170.66613462354675,5.019795702824128,9.968267287945986,0.377454890830922,0.07706313380691425,0.35909338151854997,0.5818082829430044,0.43652254095813237,0.7727893608373966,-0.03622792891676645,0.08947991229267734,-0.9902924382784025,0.08448824988544382,-161.0825157298358,14.984365493374293,17.04083038581077,0.023895546221604717,0.01757990511915902,0.034163034284661775,0.03932739373544471,0.04666541165051989,-0.010154568801146072,-0.09809907655832696,0.16995639618290567,-0.9599075391499386,0.18027650255037883
0.2,-372.29678373239494,67.82632479280538,175.83793848084485,0.38908624392648244,1.137408279792867,0.5513225653992928,1.3421798502281965,1.308928065491392,0.38977191448781534,-0.8240345372556424,-0.11341182537156652,-0.5538990586571195,-0.08856139472585456,-150.1167597119618,63.71111505991902,22.43384482358974,0.21224574003302804,1.8834170803227261,0.22020759103966106,2.421979496844938,0.3178978284761006,0.8962630818708405,-0.45745418726641485,0.2927827710173385,-0.7767014415786072,0.31331311637398235,-170.16447812545368,5.0963333658562116,10.411054776257274,0.37587766021385594,0.09353549698025589,0.3622848865762039,0.5662799644824641,0.4008333884512481,0.6942725706747275,-0.03658537033518158,0.09365755681179083,-0.9895493501395592,0.08913830010884669,-161.04388015393832,14.939391311639294,17.023815491189687,0.021089203302582026,0.01591227925014274,0.025170769113919998,0.02408546644262752,0.04447974802697799,-0.06071275485656438,-0.09790437508166759,0.16994031530304035,-0.9599718482234038,0.18010827202893578
0.21,-370.9157721194836,69.07279470742822,174.8188387897771,0.400669173384721,1.0136033771206763,0.5150714211405202,1.307539020594374,1.2572792867620024,0.3826800255790985,-0.8185849324467249,-0.1082861322640547,-0.5632073761996012,-0.09037338254537654,-149.82169235211933,61.39851401884162,23.71107808572246,0.22961016008784188,1.8502956809698314,0.21644991657288712,2.3380622372961577,0.3344593390886356,0.9309602947882555,-0.43667881517388607,0.30035471691441573,-0.784161248112504,0.32062014293133523,-169.6498614439713,5.139975249064112,10.854249838802073,0.3721025196460045,0.11516046023108087,0.3718531264722422,0.557943609884785,0.3785644531506432,0.6779966215078044,-0.03654672740852307,0.09781535496395666,-0.9888298836475463,0.09382859159290266,-161.01741192093647,14.900542920422382,17.016372198403648,0.018350850052758706,0.014350782867619198,0.015829392835464296,0.006126278871113618,0.04247729973227918,-0.11308000129632163,-0.09789834450019803,0.1699264344173083,-0.9600567802524157,0.17988369076682162
0.22,-369.5033019942114,70.08901561794241,173.4465529998882,0.41246199350679297,0.9052968778618766,0.47706336065735694,1.2749536665535544,1.1999116386654558,0.3922359524247062,-0.8135994946507846,-0.10460442414857907,-0.5703388469107095,-0.09419962113361777,-149.5876613767326,59.190422114587776,24.804927180324135,0.24603546929745299,1.7942185685450747,0.20890127216470833,2.2032157907356105,0.3654580990459722,0.9694013122658098,-0.4170387150465879,0.30658460679825206,-0.7914338460304299,0.32628937207430914,-169.11244649226697,5.1438822248883,11.288143914584726,0.36584506143544865,0.14118082499305185,0.3840959228241786,0.5559181087852775,0.37168909642205505,0.7165709345438128,-0.03603862726455873,0.1018567708048097,-0.9881127513505307,0.0986357678302061,-161.00372452231767,14.87464308787448,17.018201143343184,0.01591901344478431,0.012935723998141736,0.006921142260455237,-0.01333991421650756,0.040886027708275666,-0.16163408912665067,-0.09812641983804737,0.1699168694519612,-0.9601581137152809,0.17961463341933612
0.23,-368.1020895701789,70.90950526949476,171.7525534673625,0.42256574308959355,0.813674760017032,0.43879754641831514,1.2436486787136332,1.1377881301979906,0.41242570229916337,-0.8089662188505734,-0.1025933738879719,-0.5755921881844146,-0.09998819355685733,-149.41803667967784,57.108117068908825,25.72247072749787,0.2607171306916042,1.7188906240075772,0.19826955738688704,2.027985013011683,0.41346614308925894,1.0106522329734384,-0.3987170396111878,0.31151217000533477,-0.798420492003245,0.3303712521035943,-168.54698014206951,5.10238277439193,11.705220302871625,0.35690430767902764,0.17037063803626162,0.3953452662434421,0.5585985826843534,0.3807706040449299,0.8002160013575144,-0.035009429721349974,0.10570341762697759,-0.9873791861018448,0.1036025333919876,-161.00228755749131,14.86967400627332,17.028451482053992,0.01403808706210091,0.011710344692780449,-0.0006367382813637941,-0.03254296603224177,0.040136323375414076,-0.1994720320183575,-0.09863740574898874,0.16991383012876163,-0.9602684251005681,0.17932235109323655
0.24,-366.74933612682986,71.57250805484382,169.78292120883032,0.42912533447781587,0.7386487548837717,0.40140169718356405,1.213644315466275,1.07247274999871,0.4376091563848749,-0.8045735722493,-0.10236169940067101,-0.5793080512376332,-0.1075800309224509,-149.31201796397252,55.16397463627424,26.479283986564436,0.2729632417152495,1.6289276274012203,0.18538630163649228,1.825009251111643,0.47988345291269846,1.0536615730639032,-0.38180710279749935,0.3152396661384823,-0.8050414105595859,0.33299067412059286,-167.95330019294252,5.011489731720043,12.100147828705811,0.34516199515843554,0.20111052849772976,0.40243259199000275,0.5639459065690541,0.40496601728132947,0.9179287575484757,-0.03343382880410344,0.10929613165466398,-0.9866167261015659,0.10873284951198227,-161.0112459582399,14.894319326165542,17.045759024238,0.012948489018845408,0.010731388940725072,-0.005827154401334726,-0.049176677667180785,0.04088250853181555,-0.21874037813422292,-0.09947931750266764,0.16991940544551035,-0.9603769338466285,0.1790381754726101
0.25,-365.4755457945777,72.11631386718187,167.5949990160024,0.43055756139528223,0.6789901491961066,0.3656543316633288,1.1854929257545788,1.0059393754003998,0.4629968317984005,-0.8003214645493331,-0.1039027289923761,-0.5818362586387107,-0.11672547385355181,-149.26496994152555,53.361689051539514,27.09677975775138,0.2823171757088394,1.5295820569394896,0.17114701865923324,1.6080470370473552,0.5646117703822021,1.097300519415594,-0.3663171681704989,0.31791424215294367,-0.8112394245343546,0.33432784466983045,-167.33629189894486,4.869335224244887,12.469575972063948,0.33058715624625723,0.23151083537843214,0.4030580850587073,0.5697959179103623,0.4421427676917714,1.058558236739671,-0.031315263231901855,0.1125944703680287,-0.9858217040907504,0.11399149816903091,-161.027296496189,14.957325093474005,17.06831211587184,0.012875219376712224,0.010078606283537706,-0.00758443924112931,-0.06048172670224966,0.044000490868428,-0.21113316425579381,-0.10069430259731683,0.1699353080128119,-0.960469632801935,0.17880348397586696
0.26,-364.3038515141262,72.57619861890852,165.25332797487724,0.42574177197863966,0.6325623825522425,0.3320514135462336,1.1599681664647752,0.94028483289396,0.48496113756608966,-0.7961295123158535,-0.10710575341852595,-0.5835080996448928,-0.12710675246395006,-149.26911032149903,51.69695050686695,27.599498078402892,0.2886487840770843,1.4264253225599446,0.1564498752149603,1.3909696720244809,0.6658471873903737,1.140305843393124,-0.35217965205629687,0.3197091448142982,-0.8169822772306723,0.3345972756790828,-166.70535238271574,4.676471400407091,12.811797103406528,0.31325060905043567,0.2595707294770142,0.39601896832687844,0.57414283425047,0.4890944802215329,1.2117078775113213,-0.02868609316878552,0.11557504056576814,-0.985000112821742,0.11930760708097937,-161.04564511348264,15.0667139225981,17.093939450779796,0.01401366074182583,0.009860752509584543,-0.004861308955429203,-0.06339140702558697,0.05055696084944128,-0.16854275238325853,-0.10231315977150923,0.1699625958046637,-0.9605297526170354,0.17866878312578996
0.27,-363.2497922330787,72.98215307087986,162.82523327902138,0.41414616607565646,0.5966241794543545,0.30088785879062624,1.1377965350127652,0.8774420035414108,0.5011695834085759,-0.7919421127813076,-0.1117743372890853,-0.584615158907241,-0.13836397830285935,-149.31444874017944,50.1584908194,28.012597312492858,0.2921890213667449,1.3250057347320878,0.14213482809958494,1.1867863217640144,0.7800410073989312,1.1811831861578659,-0.3392636032166791,0.32080575854593874,-0.8222634090062949,0.3340270114743071,-166.07347088789174,4.435992858685536,13.126351564777853,0.29334876698699097,0.2833555079971827,0.3812727773773582,0.5753618307407472,0.5418356624575761,1.3684061210780754,-0.025605692493394158,0.11822915360404396,-0.9841667832636867,0.12458135165213442,-161.0600669381492,15.228912521793545,17.12021283164878,0.01651221226963282,0.010215853508695532,0.003290844007595526,-0.054738389678236576,0.06174765465987496,-0.08382813922478832,-0.10435007700068509,0.17000139775723197,-0.9605385815700495,0.17869183481451437
0.28,-362.3214943409808,73.35747768956338,160.3764320135279,0.3958742483623058,0.5681666106365445,0.27233134210062476,1.1194767409566382,0.8189710573609574,0.5105547724420564,-0.7877301518632049,-0.11764949768594134,-0.5853953275823384,-0.15012233609601966,-149.38983265633593,48.72940455040577,28.359726147698286,0.293494922268985,1.2305063390651887,0.12892676499587272,1.00676407024011,0.9020599924925489,1.2181528976470217,-0.327389368879016,0.3213780132462554,-0.8271010956538306,0.33283999854541324,-165.45606287757883,4.15345239749019,13.413647816398878,0.2712304571873972,0.3011713108294071,0.35983839107314897,0.572347073299236,0.595948344014382,1.5215082801086037,-0.02215667601163271,0.12056029492386021,-0.9833431222930208,0.1296928300982392,-161.0630866665791,15.447877494736028,17.144557523627032,0.020452566167842173,0.011304178136783785,0.017632923028277014,-0.03151394819821833,0.07880510630869544,0.04835662878039952,-0.10679822941847443,0.17005067679853655,-0.9604766258206777,0.17893484229475345
0.29,-361.5202135104863,73.71823606937626,157.96700430679948,0.37162950881677814,0.5442448326271958,0.24647519429387835,1.1051966276222314,0.7659678305346282,0.5131529727303604,-0.7834894958835192,-0.12443550484021763,-0.5860258708479887,-0.16201837533967023,-149.4839436129002,47.38865298278781,28.66138522928946,0.29334913998994516,1.1474236682778454,0.11738759008439846,0.8597040310628264,1.0255467908360647,1.2492031969627602,-0.31634440945201736,0.32158013574856276,-0.8315359932736099,0.33123913311041037,-164.86969956440606,3.8365629122001184,13.674653348781112,0.24741596015168382,0.3117173890389312,0.3335646580048702,0.5645556648915655,0.6469514304197871,1.6658145864128708,-0.018439509328913774,0.12258177449691125,-0.9825539360473067,0.1345120351918067,-161.04628929690284,15.724324833000479,17.164363279107274,0.02582986468749713,0.013293512706038537,0.03864753978851185,0.008836656005575184,0.1028800517304056,0.23075206007573376,-0.10962680303948381,0.17010806933093317,-0.9603250508521447,0.17946082362129442
0.3,-360.8411878396564,74.07348313867382,155.64801507036802,0.3426088073435933,0.5222659255140465,0.2233654599113759,1.094841550217669,0.7190879435576716,0.5098518119823006,-0.7792367757282899,-0.13182602475221092,-0.586622792827891,-0.17372354252558153,-149.58611217583217,46.11266625684535,28.933827220113475,0.2926153787579919,1.0792814479291442,0.10788307919547795,0.7514250901031977,1.1434453088464385,1.2722669953892765,-0.3058992891908109,0.3215381736485227,-0.8356272287371281,0.32939699820174834,-164.3308535049766,3.494702219920206,13.910686343130457,0.22259662374963216,0.3141998860722371,0.3048158957694324,0.5519664169795252,0.6906676150584488,1.7979209198353832,-0.014565816288559158,0.12431475659373165,-0.9818240046566601,0.13890891735448904,-161.00075960128484,16.055180318049587,17.177090320175424,0.032536274771780095,0.01633776204767112,0.06645645478401929,0.06810692169148629,0.13490499900220243,0.4627951264386622,-0.11277988058844676,0.1701698428567822,-0.9600672963833746,0.18032941906551572
0.31,-360.2747407768044,74.42612223572296,153.4590066269423,0.31034479638767637,0.5001999963755271,0.20300400474564503,1.0880830307901468,0.6786533358934885,0.5020920285425324,-0.775003307503506,-0.1395284267594682,-0.587245307462896,-0.18496335593421728,-149.68687667510497,44.87697348641777,29.188498082858665,0.2920818050100435,1.0283900301497924,0.10056994337912054,0.684490062719211,1.2486250233035865,1.2854861329941696,-0.295822990843228,0.32134532413745176,-0.8394472429374747,0.32745062436497874,-163.85474736383728,3.138261867383532,14.123309945243623,0.1976075207346574,0.30839609053109107,0.2761297802746509,0.5349797144707478,0.7235676408307224,1.9158601808402038,-0.01065081277994021,0.1257867148433232,-0.9811750188267818,0.14276272773965853,-160.91763405712945,16.43336611239577,17.18036660571717,0.04035233410353576,0.020551314412516578,0.10075709858609018,0.14704136977494117,0.17545265618349884,0.7401350245542675,-0.11617751223678124,0.1702310122835363,-0.9596907095836452,0.18159248931781205
0.32,-359.80755559188674,74.77420328628232,151.42650713766935,0.2765237380841544,0.4766931586360463,0.18533467807435622,1.0845334760149785,0.6447897020862716,0.49156710477499604,-0.7708281943050894,-0.14728434026266177,-0.5879040270125478,-0.1955309655582544,-149.77828005490352,43.65780595591287,29.43198816977866,0.29232487002271423,0.9956662501945108,0.09540621364760896,0.6581898080753645,1.3345226388751261,1.2874963714444032,-0.2858969152248867,0.32106085282939134,-0.8430756706421888,0.3255008642592864,-163.45436274419637,2.7779034475837032,14.314307899871357,0.17337334230090218,0.29466297173302985,0.24989641462658946,0.5142919746629955,0.7430704535847531,2.0186291042450244,-0.006805432531586336,0.12703022196246544,-0.9806232928568751,0.14597008080645654,-160.7887330771086,16.84801775864736,17.172075647978737,0.048950456367294774,0.025982726928465778,0.14078895020692678,0.24510335129251365,0.22460485869374455,1.054457952640208,-0.11971921272430525,0.17028564953552508,-0.959188002101773,0.18328994071808882
0.33,-359.4240283110814,75.11245603324986,149.56362337592506,0.24280564814117472,0.45107519969149407,0.17022172182746406,1.08395190995053,0.6175425168097264,0.4799564512528901,-0.766751664959712,-0.15488494022924512,-0.5885715160560938,-0.20529429891871692,-149.85395489593105,42.43362754819511,29.666433544490523,0.2936165083171771,0.9805363327237132,0.09218401549063221,0.6687850172350437,1.3957194598953186,1.2776669918147292,-0.27592720484201544,0.32071221771053693,-0.8465926411512752,0.32361537264579143,-163.13964783371014,2.423803088476479,14.485707064748016,0.1508353216692698,0.273888850684304,0.22809278392991444,0.4907723088971427,0.7477718352063409,2.10570958693894,-0.003128848795720214,0.1280818616863526,-0.9801784395109114,0.14845140246491284,-160.6072265947495,17.285180134689664,17.150437734820837,0.05791404018952938,0.0325919697015486,0.18533798960502454,0.3603347201473794,0.281848704140277,1.3936923815513407,-0.12328998565687295,0.17032740974622038,-0.9585583140859154,0.18544623397571522
0.34,-359.10760049663537,75.43385768939481,147.8707168942377,0.2106690209107363,0.42326987215653994,0.15742875585482638,1.0864817632322847,0.5969354032863197,0.46871546059302766,-0.7628095589549859,-0.16217990421846837,-0.5891940539502134,-0.2141965279492423,-149.9090706918335,41.18654344702884,29.89028100388208,0.2958839422791227,0.9809494802936277,0.09057940597803726,0.7099928744514145,1.4283837157909363,1.2562486912079116,-0.2657552620259969,0.32029987001015287,-0.8500719862038122,0.32183391969636455,-162.91695219559358,2.0849709519419486,14.639809838628226,0.13087094189968673,0.24739375211129555,0.21209107081132392,0.4653569903224109,0.7375729709437717,2.17668009731426,0.0002978280845082034,0.12898100360585601,-0.9798430032006971,0.15015559092768746,-160.36827483713793,17.728956786439788,17.11409103332237,0.06677364492155682,0.04023561097292913,0.23278241552519283,0.48933768685704554,0.34601558049794967,1.7426251798182155,-0.12676864616665612,0.17035028018230566,-0.9578076733931823,0.1880679638642304
0.35,-358.8419801980866,75.73106256693077,146.33709620879347,0.18129526299966106,0.3936320410889318,0.14660471197131436,1.0928840685512822,0.5829616866834872,0.45893300744487475,-0.7590296149536495,-0.16907949941498082,-0.5897036900915205,-0.22225012846960812,-149.94021025273693,39.90352093631286,30.099305743045377,0.29872049930224553,0.9935249660969543,0.09021086911374925,0.7736894024510789,1.4305302974753027,1.224406339703217,-0.255266375014443,0.3198040778876339,-0.8535749130577232,0.32017484739265484,-162.78870400183445,1.7687231259580387,14.779205396683219,0.11421781294844231,0.21679229545375361,0.2025473437196385,0.43896877581858273,0.7136905689942428,2.2309824142224004,0.003415969829900081,0.12976826347145018,-0.9796129192079569,0.15106283461234812,-160.06958124347267,18.162990625614864,17.062181903615596,0.07505876911267335,0.048663785383724824,0.2811761281347359,0.6273961232681238,0.4152753472196788,2.0839049853732887,-0.13003767575640035,0.1703495353081628,-0.9569486820884235,0.19114272811861854
0.36,-358.6121759589984,75.99756852870445,144.9435833552957,0.15550121103901587,0.3627501405163833,0.1372818141007477,1.1047042868940014,0.5755272521361012,0.4512554581875371,-0.7554299047252907,-0.17554987967233546,-0.590029884963931,-0.2295252959422893,-149.94522069313877,38.57733214340907,30.28775636845183,0.3014409922256848,1.0138380832922274,0.09069707112610204,0.8507716311754924,1.4020875413680005,1.1841345351063377,-0.244396174620912,0.3191930188028035,-0.8571447330439987,0.3186417472698886,-162.75332603402043,1.4803587898305075,14.906739595278118,0.10141057183319956,0.18383972189792644,0.19937021157555884,0.4124650172812304,0.6785481328193091,2.267876338418675,0.0061914858941942525,0.13048364541679913,-0.9794785929140604,0.15118564026781048,-159.7117983499139,18.57206340812753,16.99447456173888,0.08236017970119136,0.05753143173233683,0.32836081312318555,0.7687355003695843,0.4871919300888112,2.3993509394602888,-0.13299329468637405,0.17032285373256875,-0.95599935726552,0.19463927487490243
0.37,-358.4052900955852,76.2285519562942,143.66573295346114,0.13372221852745877,0.3312573719040335,0.12888969604402356,1.1243042662768352,0.5743771398074985,0.4458678944884037,-0.7520194248158192,-0.18160238220358,-0.5901101798671688,-0.23613389643193025,-149.92306650869085,37.207114607940376,30.449505307065145,0.30317350139868093,1.0368244992712203,0.09170524655021149,0.9320898347971642,1.3447992312809727,1.1380780088969085,-0.23313435514279104,0.3184313214522136,-0.8608032173284257,0.3172297030370731,-162.80536913761475,1.2230623658094308,15.0254372762226,0.0927372562298634,0.15028295382312554,0.20176580711657663,0.38661547929447865,0.6355644012284045,2.2865851261282693,0.008614341487539387,0.13116453678435575,-0.9794263640712778,0.15056821257462347,-159.29873963995962,18.94356013039903,16.911486572913393,0.08839407713166104,0.06642415675471777,0.37209598799738963,0.9069023630132369,0.5588392276997147,2.671433731433228,-0.13555420401181795,0.1702715214525722,-0.9549812074356803,0.19850872332224467
0.38,-358.2110409769782,76.42135681110928,142.4774148832382,0.1160423905070796,0.29968796871318226,0.12078765556940785,1.1547162170710463,0.5790334365844756,0.4425206242290023,-0.7488005613242891,-0.18727826612763426,-0.5898994314773982,-0.2422104316482685,-149.87370185304616,35.79845767673399,30.57910120363287,0.3029769470902986,1.0572586729460978,0.0929836473070737,1.0093338851850666,1.262009838223829,1.0893006658289612,-0.22152494386383212,0.31748821667040517,-0.8645490317142844,0.31593061212871476,-162.93583444695548,0.9980171559054004,15.138385507129755,0.08821957766219053,0.11773393586374431,0.20835388200784644,0.3621047108456118,0.588862630032199,2.286604694583314,0.010695692647120811,0.1318438369446579,-0.9794401265928113,0.1492843546288092,-158.8373666969583,19.268576622198236,16.81464614548699,0.09305663218914642,0.07489649465783797,0.410198947220666,1.0352305202540066,0.6269697303825349,2.884764240226724,-0.1376677066209266,0.1702016126012341,-0.9539168231218492,0.2026865811220364
0.39,-358.0220092296848,76.57566580092156,141.354435309019,0.10226263164442737,0.2684008103378048,0.1123139326945821,1.1993157583642946,0.5887563751031714,0.4405913967992455,-0.7457728909494251,-0.19263079494513982,-0.5893771957286471,-0.24789167487516653,-149.79796865465707,34.36296526663577,30.672641929062976,0.2999700728929903,1.070249585131798,0.09437464820622113,1.0757592803527414,1.158376045435735,1.0410503218527212,-0.20966255568808162,0.31634448837992823,-0.8683584487706556,0.3147372165978194,-163.13265949818677,0.8046905604518547,15.24859846506517,0.0876189143340449,0.08757510289381829,0.21734746999966598,0.33954829510425943,0.5429237370492064,2.2681213136622613,0.01246312210847323,0.13254853237919337,-0.9795029040259171,0.1474340253402125,-158.33753700352614,19.54253523273373,16.706450679677175,0.09645680263424844,0.08251785157481781,0.4406892777108877,1.1473531863581647,0.688223506499977,3.0274207501954504,-0.13931251794485788,0.17012500596342886,-0.9528274321386156,0.2070953499305009
0.4,-357.833628378248,76.69340980956613,140.27786850087386,0.09199245962983041,0.23757783072759647,0.10284829988767179,1.2613422801454495,0.6025299011647075,0.4391758597836987,-0.7429375843034435,-0.19770679603748736,-0.5885528667561205,-0.2532967137946769,-149.69751156816343,32.91731041563179,30.728402998759023,0.2934543523274332,1.0716974551446927,0.09580897540193278,1.1266750130701155,1.039530192676165,0.9965477877657137,-0.19768452472102033,0.3149975125872589,-0.8721882030983881,0.3136456309930372,-163.38135007817186,0.6412349106981327,15.358889597410714,0.09046632941844725,0.06090026009230323,0.226782998624832,0.3195114971758598,0.5022047531081723,2.232462741558239,0.013954734263693999,0.13329898493047393,-0.9795982255016314,0.14513864350553343,-157.8115126468923,19.765272663388515,16.59058885406764,0.09891765171361382,0.08891964937451949,0.46193244873687206,1.2377161873255103,0.7393616382976934,3.091967663305313,-0.14049821935778675,0.170060065111953,-0.9517309142629486,0.21164764831819985
0.41,-357.6439630855778,76.77848392233744,139.2368026043809,0.08474916553719931,0.20729041218411712,0.0918831398497581,1.343316270022487,0.6190737577602479,0.4371960857176243,-0.7403015960063373,-0.2025298204065631,-0.5874681940531595,-0.25850909887448364,-149.57468630297274,31.481871218237718,30.747169680966294,0.28301331730404433,1.0586615537147588,0.09728526480995177,1.159668264470917,0.9117074946263893,0.9588081361767211,-0.18575945873296082,0.3134638494133185,-0.8759800483000055,0.31265639255370237,-163.6657386956195,0.5049429788931314,15.471771924706992,0.09611116254706756,0.038489856094376926,0.23477842498212834,0.30252145536453545,0.47074841874311424,2.1825004093307556,0.015213006329914501,0.13410908244716607,-0.9797111984525134,0.14253523332678766,-157.27324619842784,19.940645502394897,16.47197777084161,0.1009415078902161,0.09383650275981825,0.4727746223907516,1.3020452144738408,0.777506731345861,3.076060604381938,-0.14126179029071975,0.17003178415482714,-0.9506406380407159,0.21624989782662246
0.42,-357.4533342450449,76.83633291667455,138.23026888442604,0.0800483039333225,0.17761363462635407,0.07909797641670328,1.4464268254807577,0.6368878510116145,0.43351211426065395,-0.7378809282275777,-0.2070867447631535,-0.586196841648912,-0.2635625809521079,-149.4324360166378,30.079106433921574,30.73224379628757,0.2685749493726771,1.0295972939533093,0.09884158860729236,1.1745804355223646,0.7813465829397954,0.9304960913548866,-0.1740734555790686,0.3117791235479563,-0.8796663647390799,0.31177431424375446,-163.9688375755571,0.3927021726473653,15.589394952277209,0.10377981769051343,0.020816943496401733,0.239787277797904,0.28906622596639553,0.45181905982833903,2.1229209273152234,0.016279249790057175,0.13498721576118927,-0.9798292261618695,0.13976959967434935,-156.7374785851612,20.075753815487413,16.35666741511467,0.10314116024879848,0.09713480947697216,0.4726582983022067,1.3377202778334871,0.8003760340077933,2.9825889374007635,-0.14166193788361497,0.17007118504167654,-0.9495652345765132,0.22080665911095337
0.43,-357.2638581317074,76.87344909890228,137.2682217642422,0.07747260863635898,0.14875968125055958,0.06443202838953603,1.5699851541830268,0.6543305632094459,0.4270229376623794,-0.735702520597421,-0.21131914306317862,-0.5848407456659159,-0.2684315192271525,-149.27412480850404,28.73187279638324,30.689134879163383,0.25043035606208275,0.9844352014075209,0.10052571965181112,1.173266057952951,0.6546809693052215,0.9138220794963612,-0.1628157287340087,0.30999528335508403,-0.8831760786486794,0.31100757590552525,-164.27373482087694,0.3014035479121248,15.713512229823209,0.11263543372584821,0.008077966110093631,0.24081187773442525,0.2795753318849416,0.44760568263724687,2.0602901489687495,0.017189318215203052,0.13593781881339195,-0.9799423652451101,0.13698887953425012,-156.21870435819383,20.179912828603136,16.25157861730391,0.1061463332491416,0.0988239265392231,0.46170601636550573,1.3440148430709256,0.806498275072969,2.819368481535089,-0.14177205821091085,0.1702137699547095,-0.9485091730458892,0.22522564866031536
0.44,-357.0789674792824,76.8968009078793,136.37154506958024,0.07671170304332933,0.12120200734741463,0.04814843609756051,1.7110444967099276,0.6697214885142734,0.4167539313232198,-0.7338046425916609,-0.21512014682987007,-0.5835231985228934,-0.2730265379737653,-149.1033391283801,27.461885391974842,30.624992141355005,0.2292084048080001,0.9244987825721167,0.10236901408165765,1.1591738469012953,0.5373501858779712,0.910487379920431,-0.15216547524324972,0.30817570768893554,-0.8864401889550506,0.31036647698149006,-164.5644674726389,0.2282774842437184,15.845462967576443,0.12183097581031972,0.00024061429280644467,0.23754273457459468,0.274380385460636,0.4590284640834511,2.002846721704187,0.017970855990517242,0.13696301498323618,-0.9800433570201706,0.13433396756277033,-155.7300812513821,20.26351088379139,16.16406649803319,0.1105002478628406,0.09904812464064972,0.44075669246088933,1.322167242761895,0.7954059307325353,2.598449613884451,-0.14167265458455816,0.17049693316215486,-0.947473830696267,0.2294232985155325
0.45,-356.90297749447757,76.91319328549687,135.5711515768676,0.0775712099728207,0.09577005823839149,0.0308828201071821,1.8642664119997612,0.6814504756244512,0.4019380632264716,-0.7322359443274913,-0.21833695315440815,-0.5823788586261617,-0.27719553823544685,-148.9236835544701,26.288473163432272,30.547871346218884,0.20581162914055273,0.8522852026431366,0.10436645731286984,1.1367992292326925,0.4340652567459046,0.9216820238673868,-0.1422813933159516,0.30638893456127464,-0.8893963591429574,0.3098621404868527,-164.82680092165103,0.1711436104928527,15.986147692368824,0.13055262732240777,-0.002900075538989956,0.23040204954646967,0.27366229402488124,0.48567061736514183,1.9599902203922854,0.018642020173799075,0.13806385764753318,-0.9801273953905535,0.13193240569627537,-155.2823815807493,20.33688201339426,16.101334876207734,0.11656365510870104,0.09806145665901761,0.4113379743550818,1.2752675960954318,0.7677839959414301,2.335134405940043,-0.14144394680982272,0.17095644822714415,-0.9464586838041661,0.23333046454000608
0.46,-356.74075053171725,76.9285565299009,134.90630345699543,0.07995568478550102,0.0737049018086869,0.013668432140101662,2.0220762810990203,0.6880753351010132,0.3820977911040108,-0.7310535115516654,-0.2207786812616343,-0.5815412421045346,-0.280729830697731,-148.73859988833428,25.227701791365764,30.465946552902878,0.18132350624736598,0.771151252974404,0.10646375753875838,1.1110710982631529,0.34836033273785355,0.9481314651594396,-0.13329448793236923,0.30470194770272263,-0.8919923009450518,0.30950530190826653,-165.04884977783962,0.12857542963359292,16.135982125519977,0.13805551004375205,-0.0016658488191242298,0.2204840259307643,0.27739930007446556,0.5258403105491926,1.9414703803438902,0.01921135556288224,0.1392407856344545,-0.9801917115723123,0.12989235188536558,-154.8830985873068,20.40929791007042,16.069761255322934,0.12444259853194269,0.0961915541229869,0.37556212964092744,1.2079625899186837,0.7255390240080918,2.0467989519311285,-0.1411592659173917,0.17162240592495503,-0.9454622882875333,0.2368976305750685
0.47,-356.5974991573523,76.94716887231246,134.422308938591,0.08383417206969686,0.056674180843402526,-0.002069277772194942,2.1751089077872066,0.6883983030320214,0.3571252777469923,-0.7303203447969242,-0.2222289288795869,-0.5811286253271651,-0.2833749728194701,-148.55123126198362,24.29185563044802,30.38677031391776,0.15689991045860907,0.6849535299692409,0.10855123352958328,1.0867487823063926,0.2824523543389899,0.9901817128899577,-0.1253040328381848,0.3031739609689654,-0.8941879891555248,0.3093052057500965,-165.2214884895338,0.09998815936664568,16.29482324889878,0.14369738973098434,0.0035536801949057457,0.20940040960209283,0.28533182401040075,0.576750836448124,1.9563338594037565,0.01967843308630736,0.1404931720132491,-0.9802350629785205,0.12829819942412815,-154.53582385520514,20.488152738064645,16.07421770066487,0.13395177777010406,0.09380060125344333,0.3359448527988865,1.1260012293076234,0.6717436461467644,1.751607132600695,-0.1408796704959084,0.1725151641262549,-0.9444828638208322,0.24009881622768478
0.48,-356.4787479642715,76.97083580509847,134.16775036589462,0.08919935539557655,0.046748449151053896,-0.014554425199869566,2.312907465920001,0.6815213134044568,0.3273519484220662,-0.7301026355347421,-0.22246213903035825,-0.5812295577534089,-0.2848458179139026,-148.36434336525897,23.48921391162277,30.31666510436569,0.13365760750609026,0.5976872483221812,0.11046355000554335,1.067909463591745,0.23721653501422943,1.0479091234303644,-0.11837607896710546,0.30185148957094643,-0.8959569881134869,0.309268581446721,-165.33852081654464,0.08566112698735026,16.461873196781045,0.14697645032728457,0.012338851454377119,0.19905396391393895,0.2969548587343629,0.6347928742400518,2.011738624206426,0.02003493236878376,0.141818109260754,-0.9802572108212004,0.1272082906264097,-154.2399950726006,20.578382379785943,16.117482192327873,0.14461901688153098,0.09125120025364332,0.29516390544141297,1.0356663833696278,0.610426317028915,1.4671983683833478,-0.1406500645428013,0.17364191374547036,-0.9435185137460322,0.24293345153279458
0.49,-356.3904505864055,76.99807158883476,134.19138267439527,0.09603072525036369,0.04634070226631735,-0.021742472861415316,2.4248117511611413,0.6668888920424552,0.29360085167403305,-0.7304670926184151,-0.22126273205151253,-0.5818892812731111,-0.2848452263519703,-148.18030650016004,22.824035905903482,30.260301200125696,0.1125716068602603,0.5131564336122988,0.11198468723130553,1.057591130095192,0.21227058466903423,1.1212379642517962,-0.11254380401147954,0.3007652118316905,-0.8972872359748854,0.3093986694384362,-165.3966061022051,0.08670473382396998,16.63557606686101,0.14757623443364698,0.024265328954569437,0.1913727683878927,0.3115407628671914,0.695863871752135,2.1117930779645664,0.02026596201208643,0.14320875849830472,-0.9802584600171473,0.12665494090090051,-153.9910744612503,20.68213349992768,16.199824867562604,0.1557295030038366,0.08888188692651396,0.25579148333331303,0.943157627874103,0.5462127860584725,1.209442408316593,-0.1404969564995494,0.1749943790093484,-0.9425673236735721,0.24542570833187968
0.5,-356.33923273229175,77.0233502909266,134.53882707052836,0.10426919114553151,0.05810847993435086,-0.021442952323901195,2.500952442315128,0.6443315231954244,0.257221599055383,-0.7314784554820328,-0.21844582907913576,-0.5830983005097734,-0.28308575587412843,-148.00113377691855,22.296683177258775,30.22048605435197,0.09439235319717913,0.4346966750502463,0.11285881970304724,1.0576242204835444,0.20614775800227322,1.210042046943093,-0.10780917791583765,0.299928779376576,-0.8981815026617662,0.30969430256479324,-165.39497333060757,0.10497871514551982,16.813526975414007,0.14541568004536098,0.038917926958843725,0.1880421697902518,0.3281888741048331,0.7557199033521957,2.256601056258222,0.02035149778758465,0.14465265989931858,-0.9802393176357014,0.1266466589581596,-153.78116297587835,20.79867993506039,16.318827598243317,0.16640277122162833,0.08699317412491153,0.22004350765097236,0.8540044269359176,0.4838670654803418,0.9913686448683386,-0.14042788170268997,0.17654799124702972,-0.9416276716881513,0.24762109323033482
0.51,-356.332707890693,77.03651090905339,135.24918503835005,0.11380625098040642,0.08481572381672906,-0.011480376645256187,2.5332501503047844,0.6141167325677254,0.22011021672736544,-0.7331972497688448,-0.21387825065114233,-0.5847842193533076,-0.27931338969540237,-147.8285612026262,21.903840581112615,30.198160204449934,0.07959218749375982,0.3649655852473926,0.1128087373259843,1.068650854298069,0.21652969625774915,1.3141964564275732,-0.10414567381866846,0.299339427292439,-0.8986575020452037,0.31014910192541373,-165.3349824927096,0.14296565471702652,16.99241072390674,0.14069686540864884,0.0558952706161938,0.19026901730014503,0.34589405618545693,0.8103225867036787,2.4416853544538366,0.020267862995285463,0.14613034812621872,-0.9802003044246581,0.1271720762576821,-153.59999546824608,20.92457326599422,16.46946170963622,0.175692201769349,0.08584153144393736,0.18958652960469347,0.7725872207843252,0.42780522198302046,0.8223764133544986,-0.14043241692442548,0.17826263292055322,-0.9406989953695922,0.24958046189868635
0.52,-356.3797921447074,77.02241106758244,136.35171304668629,0.12448670560591134,0.12915199083598863,0.010113870786717754,2.5163035464530523,0.5769999274835913,0.1847141216308223,-0.7356777756726749,-0.20749832895019651,-0.5868077837117106,-0.273332010701764,-147.66414663454555,21.63883207504299,30.19256873667852,0.06834681460983177,0.30581342725192034,0.11156282676242164,1.0903022080580365,0.24050615855717755,1.4335379335276697,-0.10150192354043935,0.29898002874353174,-0.8987474472176687,0.31075090377345543,-165.21960821523757,0.20360349325820612,17.16798047797864,0.13393966321048442,0.07480862190107694,0.19860669626246857,0.36362254173837233,0.8561617483474243,2.6579246965060603,0.019989184617546653,0.14761446153115704,-0.9801419299852052,0.12820482935248223,-153.43620934202713,21.054007727698504,16.644415439503994,0.1826960431295624,0.08563639575602043,0.16543013502053255,0.7018251164616339,0.38165744082242076,0.7078049835388726,-0.14048464273108902,0.18008480365667132,-0.939783049315729,0.251371992539501
0.53,-356.4909309825046,76.96092477527473,137.86272296372937,0.13612122179881472,0.1935109431073085,0.04489077312845532,2.448051425485318,0.5342525384603212,0.1540186921977684,-0.7389662421412058,-0.19933295573099313,-0.5889638295797577,-0.26502698023508536,-147.50936024294114,21.492047721298864,30.201559674852618,0.06055207457298082,0.2582416612252038,0.10888931379481154,1.1214821161072295,0.2748313452347331,1.5676965875639988,-0.09980625255768817,0.29882213624374593,-0.8984967880726805,0.31148157838223467,-165.05292063139538,0.29008395135245085,17.335077772122883,0.1259924895372596,0.09527906072049137,0.2128613608035223,0.3803802326011019,0.8905408841555811,2.8920754429899653,0.01948874682190876,0.14906934994658125,-0.9800648180305256,0.12970859074967492,-153.2787419452834,21.179373574927695,16.83463476143976,0.18666905827915142,0.08653480718761772,0.147915616564366,0.6430596810014317,0.34793804418441954,0.6488928927354739,-0.14054685116221005,0.1819509021995822,-0.9388854610137307,0.2530620030741223
0.54,-356.6781475402039,76.82737027493839,139.78290223135207,0.14850418316044667,0.2797374515843159,0.09377115237538372,2.330116719576923,0.4876436620108648,0.13150756972574074,-0.7430988852484105,-0.18951021638689183,-0.5909875112303645,-0.2543859185233481,-147.36564143196466,21.451499161815594,30.221953701444445,0.05587085325792448,0.22244839132320626,0.10463337241313217,1.1606899899068663,0.3161544387804754,1.7157854493121223,-0.09897196169178163,0.29882953449609645,-0.897961950098686,0.312317416897857,-164.83962793531632,0.4056295792184853,17.48768769151075,0.11801213799603837,0.11693765879101364,0.23209024957595736,0.3952592788975008,0.911817410935057,3.1278578456925117,0.018740144967835517,0.15045107937432786,-0.9799699459152965,0.13164158776022666,-153.11819449428432,21.291965651436854,17.03001999356414,0.1871232659799798,0.08863007709802771,0.13679604541410614,0.5961353101528175,0.32785944665422007,0.6431016838191171,-0.1405742459743629,0.1837912840518205,-0.938017230655,0.25470572578526995
0.55,-356.9548311289537,76.59343347233867,142.09527419324672,0.1614325005452324,0.3888604490803531,0.15685313642601253,2.1677824914517476,0.43936432779666773,0.12108359589266089,-0.7480998802450902,-0.1782659656388137,-0.5925658140882193,-0.2415146663984362,-147.23440556591981,21.503506349039665,30.24993254583974,0.05380083812705053,0.19794814613770045,0.09875029594653571,1.2063106626992046,0.36121171815353137,1.875979178542849,-0.0989031077365193,0.2989618737925171,-0.8972070323924616,0.3132302323957047,-164.58473002452095,0.553268255367941,17.619020266095955,0.11141212144670269,0.13943227178155987,0.2546929171293145,0.40745631064383553,0.9195904513282904,3.347477378525873,0.01771813592323563,0.1517077555532332,-0.9798589442747525,0.1339601527672415,-152.9480051034776,21.38280468512059,17.220206677037286,0.18390525228993493,0.09193461602711335,0.13139088142939534,0.5596527540879879,0.32130220255814507,0.6847346512532471,-0.1405203344639356,0.1855347776163404,-0.9371957481892205,0.2563392088089786
0.56,-357.33520800430966,76.22862167525298,144.76403042732196,0.17472136991758605,0.5208340992071918,0.23326435673757437,1.9696001687633358,0.391900217740281,0.12693273887406106,-0.7539788847612525,-0.165942865813867,-0.593354023780687,-0.22664648006426286,-147.11699606789875,21.633497513699954,30.281403000433087,0.05375161178038866,0.1837423748046694,0.09132748522557639,1.2568046719515062,0.40697630713246724,2.045064492245132,-0.0995004379242244,0.2991780362354515,-0.8962995800362874,0.31418923237699875,-164.29331426933672,0.7356274405652731,17.721611316987495,0.10778519946531337,0.16244147423173153,0.27858733195445085,0.41626770381853645,0.9148215981839671,3.5333595403396854,0.016399104064493766,0.1527801869782931,-0.9797343901092619,0.13662101447538977,-152.7653008231496,21.44351834875583,17.395353530409125,0.17723802302328104,0.09636131089666682,0.1307890992451164,0.5313525664955497,0.32693284097910363,0.7657562107682154,-0.14034266000435702,0.1871133288292386,-0.9364449208447171,0.25797338548682536
0.57,-357.8334718218374,75.70224245748578,147.73445108365274,0.18821312044131022,0.6743120263123102,0.32108298501959653,1.7466775538547434,0.3478691470252553,0.15331244444815204,-0.760728105954495,-0.15298082243592726,-0.5929965748394236,-0.21014280367214602,-147.0145906699357,21.82688375052147,30.312305968994682,0.055119519560498535,0.178511247205795,0.08258982604297753,1.3107569365503349,0.45076825995814074,2.2180775793230394,-0.100667101438132,0.29943898985331663,-0.8953057229377572,0.31516356320770306,-163.97050014661735,0.954769022824502,17.78744057801892,0.1088089971672962,0.18569180676370312,0.30145557145560453,0.4210770694553543,0.8998626908026787,3.669840814720509,0.014761135319498792,0.15360297436774067,-0.9796000218549776,0.13958217233327092,-152.57134530427163,21.467218551053424,17.546863915738736,0.1677187901526623,0.1017110121442607,0.13406763106550895,0.508568929160498,0.34244420805985015,0.8767116571435335,-0.14000847258676902,0.18846639172162227,-0.9357941141175253,0.25959105154051815
0.58,-358.46259574791884,74.98585248763266,150.93408184187342,0.2017758427542097,0.846479659729813,0.41734646284623295,1.5117317466773363,0.3098414278928843,0.2042506851845198,-0.7683188658917405,-0.13989840493110134,-0.5911514982620324,-0.19248445393615618,-146.92808190679534,22.069949702215897,30.338852329019755,0.057350710485497024,0.1807994221921264,0.07288632213970395,1.366785633963296,0.4903311630205922,2.3881445761712565,-0.10231379188792938,0.2997099917066119,-0.8942851663863619,0.3161252200004917,-163.62151029964105,1.212078837619332,17.808068595668136,0.1161431927759232,0.20897128041755078,0.3210364017280098,0.42135307713624204,0.8783595477278878,3.7445902851386825,0.012783811351071959,0.1541060807975387,-0.9794608096276057,0.14280235909125114,-152.37155745841093,21.44930207201795,17.667979982586676,0.15627020780828463,0.10767447974828868,0.14048790321705104,0.4886849812824108,0.3648797308986215,1.0076523367744135,-0.13949988452728732,0.1895446759890873,-0.9352758052595876,0.2611470505928455
0.59,-359.2328967868387,74.05605909135019,154.275263011708,0.2152900906189485,1.0329703221948277,0.5181579125835152,1.2780195511141375,0.28015678669964095,0.28315396043785634,-0.7766977793772232,-0.1272656167787019,-0.5875174362345761,-0.17425266930586913,-146.85795856628826,22.35068366919058,30.357678771456214,0.05998610934514175,0.18917569100647477,0.06265958077820034,1.4233590338167807,0.5238811406582355,2.5466158482591896,-0.10436302220158378,0.2999620977507607,-0.893286670720628,0.31705182980843893,-163.25182116549885,1.5082151575813865,17.774795926827487,0.13132450968852089,0.23213279933499778,0.3354323674423838,0.4166710471988032,0.855008162095114,3.7496136220400094,0.010447950833780037,0.15421681814700217,-0.979322829456833,0.1462393057351295,-152.17513605320354,21.388095286028157,17.754208281894964,0.14404985924754166,0.11385495432324551,0.14963531294790405,0.46952313235486176,0.39099556401304825,1.1489816926942318,-0.1388180179349729,0.19031296347460158,-0.9349221212612309,0.26257147340896475
0.6,-360.15046981919636,72.89748509758866,157.659013842426,0.2286246804264359,1.2278917222715702,0.6188898119743858,1.0582739784114052,0.2607451921134521,0.3923423051859298,-0.7857828527356716,-0.11566918126104102,-0.5818618174232772,-0.15610019135381667,-146.8042146289506,22.659460985186037,30.36592733926429,0.06268604271267474,0.20235410848211347,0.052403076430223364,1.4785963867529872,0.5501319825755395,2.683540726441869,-0.1067522616724598,0.3001730158506202,-0.892344673354045,0.31792875792915876,-162.86733989932225,1.8431110515658982,17.678850493678258,0.15566366904250023,0.2550866268917172,0.3433886373370998,0.40676112174740703,0.8351587361344045,3.6817813775093793,0.007735553817881927,0.1538620716953669,-0.9791929182050619,0.14984719256276713,-151.99437260172462,21.285263212291593,17.80355812555133,0.13232938037586917,0.11981277353188864,0.1614770525387434,0.44961882930043845,0.41761544559357733,1.2921536034593377,-0.13798563110496123,0.19075187402871976,-0.9347607478353128,0.26377524287464615
0.61,-361.21564792364455,71.50563497964816,160.98016064226155,0.2416055784076479,1.4239882508731883,0.714473782615895,0.8637709060156507,0.25295639838174283,0.5325536550169839,-0.7954600221574043,-0.10567233776572409,-0.5740482634357575,-0.13871339726907306,-146.76630523394178,22.989501499834116,30.361261599424306,0.06523592827881604,0.21927097824290986,0.04261318345559062,1.530132701474665,0.5682977743481215,2.7884696456427593,-0.10943569468765557,0.300327393980229,-0.8914775399287513,0.31875011021311284,-162.47457127295664,2.216019112364607,17.511612994658655,0.1901471484869872,0.27778828681354467,0.3444960728204691,0.39157434999326696,0.8242878250827446,3.5429030983801475,0.004630121182545405,0.15297058460124432,-0.9790781268631422,0.1535736902726578,-151.84375985268207,21.145912029931118,17.816594515860388,0.12235902711901804,0.12512745574594258,0.17633161673019307,0.4283496657686741,0.4419428282741854,1.4301745163691382,-0.1370477271094576,0.19085860837138788,-0.9348109623544307,0.2646571727199812
0.62,-362.4216699910079,69.88934243187757,164.13345549376714,0.2539838173274822,1.6129575751597698,0.7997545846254756,0.7036162458158471,0.25740760282417224,0.7024808543174791,-0.8055808527058664,-0.09777201060045905,-0.5640607096215138,-0.12276753752672454,-146.74315817656623,23.33704771548279,30.341838922070917,0.06753683019870355,0.2391188945734314,0.0337431390293392,1.5751059481161334,0.5780716195112293,2.8515070840269354,-0.11238445301380186,0.30041666670786843,-0.890687641767488,0.3195184538279775,-162.08076887689552,2.625585055364613,17.26489375510659,0.2353464107430069,0.30023243623096685,0.3392794662431102,0.37135332989463754,0.827382839780849,3.339423415287723,0.001117386147045707,0.15147524649284375,-0.9789850444248049,0.15735686720339498,-151.73900266398914,20.978334464594447,17.796322347460915,0.11523500734989749,0.12946716193961916,0.19476295612431285,0.405917103659744,0.4618104607578519,1.557878982316757,-0.13606971531629877,0.19064676860994081,-0.9350806378126207,0.2651114857705639
0.63,-363.75374071733677,68.07245115259514,167.02027058468985,0.2654089768006624,1.7859258341619146,0.8698767921285987,0.5842899837261476,0.273867742770811,0.8984159604187271,-0.815962272599892,-0.09235703081831995,-0.5520212734700755,-0.10887831206248125,-146.7332382399893,23.70124954282762,30.30626135909645,0.06958542971710517,0.26134484945675995,0.026164650756059917,1.610285794598193,0.5795778645495958,2.864487016712988,-0.11558534555817661,0.30043859082340396,-0.8899631541133207,0.3202433468799668,-161.69408885055736,3.069939941383202,16.931272457165807,0.2913388960932153,0.32246141916802357,0.32915538579428416,0.3466984513486928,0.8483015915004259,3.081837800612859,-0.002813623372002677,0.14931544899221624,-0.978919128405726,0.1611221080247838,-151.69601757953095,20.793377699910415,17.747926453198026,0.11178547929954752,0.13265206023927545,0.2174262384033652,0.3832003575895567,0.47586177780594774,1.6719637639503806,-0.1351328308198535,0.19014535810734357,-0.9355649149941971,0.26503487228988776
0.64,-365.1886503284238,66.09439450164851,169.55529773710964,0.2754147889836885,1.9340648579148552,0.9206668860551828,0.509433577377509,0.30120353223760277,1.1140769887310324,-0.8263892218499754,-0.08967170359330975,-0.5381988145093114,-0.0975541641054647,-146.73465285150857,24.083783263560896,30.253526755870897,0.07144782167734,0.2856215462662054,0.02014078414139713,1.6323260165075133,0.5732999942864585,2.822107975171724,-0.11903829742884918,0.3003965889008581,-0.8892812289181192,0.3209389786294954,-161.32376301585865,3.5468090733651794,16.50450143021171,0.35764783024433455,0.3445906386109515,0.316273973486439,0.3186267587665049,0.8891838774002638,2.783915721333714,-0.007169371732499185,0.14643956636990682,-0.9788842266971316,0.16477922469341594,-151.72997800021497,20.603449706122024,17.67839383696101,0.11248734847453074,0.13469778655662876,0.24489656606671273,0.36151871229043847,0.4836633459639471,1.7707882752091246,-0.13432673091855613,0.18939701922865199,-0.9362468868559753,0.2643324566250841
0.65,-366.69508545899595,64.00940564817353,171.67257267722567,0.2834237097079442,2.049310583024426,0.9489740961697849,0.47983954160501235,0.33741030719507525,1.3406821840228629,-0.8366208654118217,-0.08978924394863946,-0.5230055402913484,-0.08915448904497099,-146.74528206927624,24.488263485984927,30.182996483505427,0.07323126804392477,0.31180031009499115,0.015811825932772687,1.6381048531480151,0.5599953913352169,2.7228517434760455,-0.12275285072070116,0.30029899275997246,-0.8886120388531448,0.32162135386251234,-160.98027815209406,4.0536465201451275,15.979955180507517,0.43320912511989756,0.36684528885929385,0.3032813394021298,0.2886188238803223,0.9500034286143947,2.461791073291818,-0.0119507276226431,0.1428075179473322,-0.9788824558604923,0.16822018277680587,-151.85443466554966,20.42121804632505,17.59604231051099,0.11742080454258605,0.13582771438616562,0.2775083026733483,0.3423488298339689,0.4857420475881923,1.8539865332221386,-0.13373949054852396,0.18845551216588505,-0.9371002009114165,0.26292244311019375
0.66,-368.2347131927152,61.884210723015556,173.3301195532194,0.288777427760332,2.125119127976156,0.952939742945811,0.4935957119564376,0.3797392580710085,1.5673165087890168,-0.846400576547026,-0.09259925429816196,-0.506979964194303,-0.08385911617351953,-146.7629141428634,24.919523132634772,30.094387037969444,0.07505752022110145,0.33985426801395424,0.013194220014540896,1.625111547189342,0.540612840346492,2.5695328204587975,-0.12674417599587995,0.30015824316290146,-0.8879231132863733,0.3223055080283148,-160.67550486942667,4.587812969321283,15.35509021899886,0.516371234920294,0.38959759564299545,0.29304536576552354,0.25864039022593055,1.0283492913445336,2.13295334079897,-0.01715234799999518,0.13839328632694206,-0.9789144794055681,0.17131817621021578,-152.08052336627114,20.25809275028462,17.50997648018505,0.12626281037036552,0.1364471796294477,0.31522510572449086,0.3270464415062191,0.483532610450601,1.921980283963139,-0.13344560859050195,0.18738240131611472,-0.9380930995166525,0.2607395791141456
0.67,-369.7640575702256,59.794226708604704,174.51260228704945,0.29079828080911285,2.1571779418344237,0.9321731434198944,0.5463420971549094,0.4249164663202276,1.781604662547373,-0.8554693236235082,-0.09781230607680937,-0.4907559643878963,-0.08165367453003682,-146.78537001407784,25.38284252344252,29.98778253308891,0.07704045462940767,0.3698226995713876,0.012191367884262077,1.5918280856805778,0.5162242401419568,2.3693896032053257,-0.13102910073261215,0.2999900639133904,-0.8871833866551356,0.32300321798206133,-160.42268911997394,5.146815873382553,14.629868009408302,0.6049287736380105,0.4133916898346141,0.28838017668591936,0.2311198268193168,1.1195046868248404,1.8151631799488097,-0.022762889230778637,0.1331872605624383,-0.9789800588858159,0.17392892298809962,-152.4162648332513,20.12261998583204,17.429490399898086,0.1383152341545603,0.13707839526336907,0.35755238522490895,0.3166159307966901,0.47922114111040887,1.9755125616542037,-0.13349308156072845,0.1862429255668403,-0.9391932023956411,0.2577377671790957
0.68,-371.23710626635943,57.8184899211954,175.23158254183724,0.2888800291430866,2.143973003764031,0.8878181772391441,0.6316106048752451,0.4694351476546575,1.9706622940486687,-0.8635814741658723,-0.10498276072449646,-0.4750195070620507,-0.08233372925157258,-146.81060541859856,25.88320873560304,29.863657407581815,0.07926998908460203,0.4017675379383696,0.012614072663355562,1.5380466892190352,0.48797339172764276,2.1337089143060295,-0.1356226248552828,0.29981259380069225,-0.8863664513408465,0.32372157935687973,-160.23622185841546,5.728621480978336,13.807094262243792,0.6961865142152293,0.43894427762968835,0.29179161218169575,0.2088672563776389,1.216846223478704,1.5253272653830532,-0.028766312147699164,0.1271983065277542,-0.9790786386914109,0.17589484584397433,-152.86596279691656,20.01894342892519,17.363438293069898,0.152558911270265,0.13826115246785772,0.4034961394107608,0.3115577702343365,0.4754830801940102,2.0153155137123036,-0.13389100814901211,0.18510110926247927,-0.9403723307680392,0.2538921544175489
0.69,-372.6084798213974,56.033760556821406,175.5232985743981,0.28259558575485894,2.087103915186215,0.8224981830108687,0.7412359184783313,0.5098933152158349,2.1222399382786836,-0.8705214402937631,-0.11354838792396972,-0.46045661453822145,-0.08552802461058297,-146.83678592652493,26.424678935069032,29.72289499758908,0.08180372974465454,0.43574774812563366,0.014207722394513051,1.4650718078279434,0.4570391287148489,1.877039233291149,-0.14053523277982,0.2996454337696842,-0.8854526498124424,0.32446265716034356,-160.1311402379616,6.332029271682461,12.89263812572325,0.7870499956404486,0.4671127802865224,0.30525515461613384,0.19493385698263657,1.3125283154453813,1.2783903212382342,-0.03514434324181517,0.12045547860130976,-0.9792097244404159,0.17705226541187147,-153.42971148000717,19.94551149524514,17.319601132211183,0.1677226712864623,0.14043093023184,0.45156661634545747,0.3118075351037018,0.4751354007114331,2.0419836174528743,-0.13459942571996683,0.18401433644820644,-0.9416108057677587,0.24920091957350923
0.7,-373.8368749984517,54.50844891044943,175.44424090266003,0.27179891769459213,1.9912544100573328,0.7401323767546489,0.8658442756500192,0.5433410328168607,2.2259146009373687,-0.8761191588967033,-0.12288254484179989,-0.44769809893430723,-0.09073821532023581,-146.8623364996129,27.009904881525813,29.566786971266552,0.08466699740858198,0.4718095132502306,0.016682974817591584,1.3757822516996665,0.4246090260871264,1.6160813499168083,-0.14577111280915417,0.299508553345878,-0.8844298523742155,0.32522418522130786,-160.12237307827448,6.957075099592373,11.895510342931878,0.8741420191901391,0.4988280141631572,0.33003319502987294,0.19242146402102983,1.398366205568545,1.0863221750164949,-0.041879870960876205,0.1130092718328819,-0.9793728898467852,0.1772410714453036,-154.10303108486355,19.894216527341758,17.30408647192588,0.18235698155682384,0.14379169641268272,0.49982374895825776,0.3167665611895595,0.48074468569143575,2.056062003577691,-0.1355230657305815,0.18302784748902995,-0.9429008004913808,0.24368687055210456
0.71,-374.8883869090858,53.297130772714944,175.0651246677703,0.25669537821869176,1.8637838022364945,0.6456290197490339,0.9954362069619204,0.5675912351315329,2.2741516650636977,-0.8802623055958466,-0.1323523515949658,-0.4372679133051721,-0.0973898040554249,-146.8859721975616,27.639855507542297,29.396999233435206,0.08786044741801025,0.5099853838044016,0.019746705930973045,1.2745582889128344,0.39186119513762646,1.3683583700110715,-0.15132729490765318,0.29942100223849555,-0.88329302433237,0.3260010193869447,-160.22380411213783,7.60540585505651,10.82779736972445,0.9539473820332655,0.5349948727495422,0.36654097310968015,0.20425798583476135,1.4668011311429778,0.9572852917586636,-0.048960775843061785,0.10493231873431859,-0.9795673430370816,0.17631578715110033,-154.876658538781,19.850142819998695,17.320809408514716,0.19490545627875144,0.14820449945281375,0.5459636188929979,0.32541393987534895,0.49424794767076907,2.058305405614164,-0.13651047373272082,0.1821698520119473,-0.9442483984779031,0.23739887926408648
0.72,-375.7392658131313,52.43639804948255,174.46405943832647,0.23786235946213813,1.7139944456542957,0.5444788042769068,1.1200698939412566,0.5814406077332313,2.263077781809024,-0.8829035014728954,-0.14137515899435132,-0.4295420433886885,-0.10488737989204108,-146.90672056179,28.31375756229549,29.215490848474477,0.09137296962123863,0.5502957933871437,0.023130223976688354,1.1670935130179876,0.3599533058387174,1.1507747823549124,-0.15719376125078768,0.29939939098549784,-0.882042917773195,0.3267868164654167,-160.4472725039898,8.280551459100948,9.70446846799176,1.0229877702658334,0.5763708457092012,0.41427612628618066,0.23295493692214683,1.5118228243028222,0.8950643598225573,-0.056383483255892625,0.09631950143368141,-0.9797910733975734,0.17415664767467606,-155.73652962480358,19.792071457181414,17.37111077313486,0.2037733116850802,0.15311416348880175,0.5874487500091361,0.336479712070548,0.5166471877404879,2.0500308746862945,-0.13735955140224507,0.1814480753479821,-0.9456740028571016,0.23041308865006555
0.73,-376.3777111045851,51.94259760651097,173.71975375176817,0.2162164620975164,1.5522066281610771,0.4422908273936878,1.2306198591428947,0.5847526313427981,2.192864470251903,-0.8840615337216602,-0.1494660661576167,-0.4247233508559475,-0.11266706862035078,-146.9239487460438,29.02926213265104,29.02437404324468,0.09519660293234761,0.5927492617107424,0.026612070276779805,1.0601086087245921,0.3300182359861088,0.9781821947927444,-0.1633546872615882,0.29945613741612637,-0.8806843266444406,0.3275753248171656,-160.80165233063707,8.988016242353442,8.543092001197548,1.0780241807629887,0.6234377833129966,0.471829222237081,0.2803642915155228,1.5297265440845882,0.8988269133554712,-0.06415545268672707,0.08728754946675334,-0.980039676913645,0.17067930632052072,-156.66399432376608,19.69384050603987,17.453571520594664,0.2073980054417539,0.157534248135989,0.6216864997281244,0.34864987623840166,0.5478291321544192,2.0334745777787666,-0.13783009599665952,0.1808485074449842,-0.9472107178852646,0.22283372882005106
0.74,-376.80445113399014,51.81168741826389,172.9054818755279,0.19293645734879541,1.3887943300215122,0.34432631312120854,1.3195384143657554,0.5783793031738005,2.0676916984722022,-0.8838165696000225,-0.1562711751796734,-0.4228350137387968,-0.12024022027277162,-146.93740896688877,29.782832965725323,28.8257068831302,0.09933970869293866,0.6373402655518583,0.030033099107046306,0.9609721728862303,0.30316306285083733,0.8620753331032986,-0.1697909990632567,0.29959752062130707,-0.8792242743727583,0.32836078686841674,-161.29214732752877,9.735127766739259,7.363507805219147,1.1162777788598015,0.676286090418775,0.5369872299444597,0.3474557676437875,1.5195892612507307,0.9632606085278799,-0.07229595594791498,0.07797422871225042,-0.9803050184145733,0.16584201931669593,-157.63630492920245,19.526590633733505,17.564077244638728,0.2043314144880637,0.16010442646168818,0.6462562519005141,0.360769959582074,0.5865394741019435,2.0120617794810327,-0.1376633481471077,0.18033694656769525,-0.9489003924251347,0.21479330466777138
0.75,-377.0320652882347,52.021079858357524,172.08433726181894,0.16935751770959429,1.2333043769528251,0.255087456831736,1.3815047936648888,0.5639358545699328,1.8953190135797415,-0.8823002543030087,-0.16158405121683198,-0.4237320390721069,-0.12722430309268137,-146.9473133829593,30.570336060357423,28.621217958181955,0.10383429292455372,0.6840450130488981,0.03330216579381944,0.8772253105589385,0.28046364647442706,0.8095414168242179,-0.1764842991570108,0.2998216362952061,-0.8776703272649945,0.3291372117975044,-161.91990427850166,10.530616826565582,6.187498413925256,1.1356545041364223,0.7345307614737276,0.6069279597124324,0.4341408658485205,1.483373343900382,1.0790953312769647,-0.08083484415667071,0.06853714477324038,-0.9805739301222225,0.15964958194032391,-158.62740119232757,19.261842749863778,17.696171547045385,0.19334378989785547,0.1592251533852987,0.6591753195699427,0.3720189303751576,0.6305131486435113,1.990507415195384,-0.13660791430522698,0.17986369712737818,-0.9507872213475019,0.20645188240640816
0.76,-377.0832120959029,52.533047248046216,171.3060587125392,0.1468517145896354,1.0937324774323376,0.17800925419878583,1.413834977236166,0.5434795674753848,1.6863356035993862,-0.8796822607759165,-0.1653456775619923,-0.42712764182294705,-0.13335925399471096,-146.95444316913657,31.387786832065164,28.41197573807635,0.10873358829343076,0.7328153912138395,0.036391828424111004,0.8160120603052964,0.2629446854224886,0.8225736638262076,-0.18342194020023256,0.3001164004895555,-0.8760290663887172,0.32989656646101206,-162.68199382272678,11.38394717523947,5.0384851197098515,1.1349555352497585,0.7972739156656046,0.6784853527256055,0.5391708924275963,1.4256202314183992,1.2339690852918153,-0.08980941333911736,0.05915206431310317,-0.9808271647026321,0.15215382315761894,-159.6089849999291,18.875261915702783,17.841709424758136,0.17355775323826045,0.15326378988055808,0.6591762720228761,0.38203601405773324,0.6767381063919298,1.9746848920055202,-0.13445072311498618,0.17937148393855737,-0.9529090852463795,0.19799521573973813
0.77,-376.9880791334872,53.2990945212359,170.60548804212516,0.12670677232059985,0.9759922622260502,0.11528338017555706,1.416559153386819,0.5191641195936161,1.4531914823866676,-0.8761551939237178,-0.16763039388809406,-0.4326296235575327,-0.13850972949011175,-146.96028628304794,32.232182932352416,28.198032645395898,0.11409757311158877,0.783570707381695,0.039324797752371195,0.7834389160511416,0.2515373276386344,0.8978316075587011,-0.19060272604142778,0.3004577956881487,-0.8743046915164937,0.33062617479778506,-163.57174440280082,12.304453016414739,3.9412531452845534,1.1140547888758427,0.8631198563920933,0.7484514394888376,0.6601281892877665,1.3527767665051538,1.4135446543687262,-0.09925977585741887,0.050010624004252574,-0.9810388154900002,0.14345099255084734,-160.55183212182192,18.350867107733485,17.991782609581186,0.14461613895708142,0.14081636771137246,0.6459515707402825,0.3909929261975926,0.7218148185698272,1.971231057108304,-0.1310509454820689,0.17880621818428272,-0.9552870760475998,0.18963154345201597
0.78,-376.7814397933217,54.26466823541937,170.00253327908163,0.11001296963644278,0.8835943591957105,0.06782061479202109,1.392145640637031,0.4929374106982329,1.209126619508176,-0.8719197139732441,-0.168621578065498,-0.4397813317265077,-0.14265543070816813,-146.96718611683363,33.102324465931794,27.978090177736735,0.11996702610591946,0.8361860818813662,0.042153130947662314,0.7839174707143627,0.24701176971369648,1.0268880616023908,-0.19804249627872156,0.3008085859093818,-0.8724977832742712,0.33130578312638087,-164.5793608795368,13.30036811600621,2.921690964770966,1.0740245802877506,0.9302400770876426,0.8138781567495711,0.7935146830386622,1.2722755805199073,1.6027437633580341,-0.10922327140524053,0.04131737141333147,-0.981176385496908,0.13367674431949755,-161.42724342313173,17.68535576468147,18.137844770099424,0.10688005217960396,0.12100127859694956,0.6203149767990273,0.39960960822046077,0.7623653779715281,1.9868889465277793,-0.12637411984204225,0.17812971363337535,-0.9579138903918738,0.18158707534177318
0.79,-376.49968971001067,55.37364617804032,169.50338450058138,0.09756733435197554,0.8175441354381688,0.035338116984313696,1.344932103201678,0.4663285836523528,0.9671112467156612,-0.8671713956408331,-0.16858122359327876,-0.44810216259670527,-0.1458726804804951,-146.9784724637503,33.99950979153341,27.749239753850585,0.1263300319662019,0.8904762695579223,0.04493327992354266,0.8195740384616391,0.24988806924709106,1.1969494646383132,-0.20577876205043663,0.3011177389152712,-0.8706043482292465,0.3319048381276526,-165.69272784084794,14.377842869168147,2.0065164363025767,1.0171901769593843,0.9964807786536205,0.8723510222549514,0.9349272709436838,1.191537161258064,1.7869525424188015,-0.11972847289527942,0.033286188935188366,-0.9812016304796065,0.12299954952034826,-162.2085081679052,16.89213268940588,18.272926666516405,0.06164322150282662,0.09375577690030222,0.5842382201153787,0.4091138994462863,0.7954404405451607,2.0276246657786405,-0.12052316318257876,0.17733296829463727,-0.9607420379694096,0.17410040743766522
0.8,-376.1781629141127,56.572197911938915,169.10266069148187,0.08980361573875395,0.7764593504645336,0.016544100935170464,1.2803854215748192,0.4403420692468155,0.7388939393569489,-0.862090318324524,-0.1678173188550197,-0.45712362513416555,-0.1483106962343076,-146.99854046339615,34.92800231410816,27.506830286528764,0.133087251362346,0.9461753056246501,0.04770105978098615,0.8898271488265448,0.2603340607656722,1.3919787607500091,-0.2138736122935884,0.3013207775757531,-0.8686153144919966,0.3323805380922791,-166.89829254554573,15.540049017789517,1.2229573537822163,0.9470940435614414,1.059504550723488,0.9222190816787817,1.0793017193488836,1.1170631018065225,1.9530718883671088,-0.13078934939754103,0.02613620870271758,-0.981072221932901,0.11161326628410212,-162.87224442372664,16.004575211231867,18.392808176974857,0.011337623929532617,0.060103185086192334,0.5407421917436329,0.4211484018664397,0.8188677960559976,2.0975940725074245,-0.11376261515934906,0.1764483645642234,-0.9636731376708599,0.16741626492943268
0.81,-375.8489261660045,57.81177991629512,168.7861448714505,0.08675501717728537,0.7568953476503307,0.009386170213864122,1.2043315034679452,0.4154543559408203,0.5342327434060792,-0.8568338344970586,-0.16665232466260374,-0.4664183956339236,-0.1501657527761121,-147.0328440179138,35.89519062994068,27.244499380062212,0.14002296082187723,1.0029157752125142,0.050451065910065485,0.9912268857875833,0.2780653637057289,1.5940967055787436,-0.22241427497827648,0.3013412355932245,-0.8665165858325243,0.33267715998877584,-168.18193660051946,16.786468650513278,0.5983515848014254,0.8683539785031934,1.116957843564276,0.9627726812139858,1.2212051903877892,1.0537569862150424,2.090326034887743,-0.14240017560120974,0.020087283495030937,-0.9807441783004484,0.09972935526957748,-163.39949403358764,15.078043578593537,18.49700757975894,-0.04030374495165659,0.02235749486174008,0.4936472983827956,0.43763394206261585,0.8314841758499472,2.1980762855702354,-0.1065324447466702,0.17555912955740288,-0.96654988197623,0.16177897577348532
0.82,-375.5391509273206,59.05118913840478,168.5337767045312,0.08805432870470631,0.7538433144341022,0.011329204170607177,1.1222766506585848,0.3916957232523841,0.36036241216529497,-0.8515324848162219,-0.16539527929975473,-0.47562120885825815,-0.15165592252968138,-147.0877769655768,36.911401726223104,26.954386091013482,0.14678814332603968,1.0602145692231337,0.053124594296198084,1.1176148152952126,0.30226758492077616,1.7851013717949553,-0.2315109644955294,0.3010933155453729,-0.8642896606147434,0.3327270411548195,-169.5297668261403,18.112454106096546,0.15962451534443114,0.7864085637002197,1.1666537589535102,0.9943596669017759,1.3551574843474095,1.0045567556762458,2.190782763993025,-0.15453180164933342,0.015354917400037488,-0.9801749049653024,0.08756894545397355,-163.77647975384502,14.190169579752741,18.58945645197604,-0.08816641648940324,-0.015768025219393758,0.4472123461733754,0.4606066314529048,0.8331988577719532,2.3265232127627837,-0.09944808287546862,0.17480456191351124,-0.9691524073539534,0.15742589986046324
0.83,-375.2700860645348,60.25771789495926,168.3226060443804,0.09297305461385509,0.7613423212877007,0.01963194292365402,1.0388992134952528,0.36879043768815783,0.2217259137723139,-0.8462886726355701,-0.16431926311569353,-0.4844415611120973,-0.15299845571950754,-147.1704261736726,37.989362761721154,26.627524712333358,0.15290062725983478,1.1174717899191189,0.05560867181177661,1.2606072943028956,0.33156210276464376,1.947937867293789,-0.24129192218104661,0.30048574509693093,-0.8619127704657987,0.33245341429385006,-170.92877512722532,19.509126595023247,-0.06741373233248776,0.7071584500374952,1.2067551524415674,1.0184255633426706,1.4759591626019497,0.9704007138006546,2.2495712555856606,-0.16712986912953945,0.012144323607497648,-0.9793265775050366,0.07535472248916064,-163.9949790439853,13.439035356911338,18.678749148715138,-0.12579642322213036,-0.049180065889827304,0.40571128319913824,0.49204925752829876,0.8248663912347309,2.475890497310601,-0.09328402259123855,0.1743798047795379,-0.9712007210318948,0.15458072772438944
0.84,-375.05660392211195,61.40752275560109,168.12946189086824,0.1004971320195456,0.7731295520911665,0.031596843421690855,0.9577435700096298,0.34632162878538253,0.11996982696843353,-0.8411775135121368,-0.1636452033596865,-0.4926689414335668,-0.1543911896111008,-147.2881939475162,39.143333582029086,26.254403415433973,0.1577657295058937,1.1739858713569644,0.057746751186561744,1.4103451995033995,0.36403297444859894,2.06797247181048,-0.25189577161756455,0.299426712191024,-0.8593625026952116,0.33177507172341936,-172.36733171204708,20.963653344829243,-0.059021501187111323,0.6365305536589483,1.2359380801973106,1.0374603287029485,1.5790014710688247,0.9504872979552595,2.264813278225986,-0.18011542806795616,0.010643097592659079,-0.9781695140791603,0.06330249838730952,-164.05232607587143,12.938991266573879,18.777888595584635,-0.14559946927767137,-0.07157882192331132,0.3730080638740673,0.5337362084105985,0.8079974034260787,2.634415567379651,-0.08893936595936063,0.1745293031047554,-0.9723644699801369,0.15344625947835167
0.85,-374.90725993907495,62.4853490193809,167.93315539717022,0.10943187506595642,0.7832528171950636,0.04477480715523029,0.8811110614509371,0.3238838407980298,0.05417558474732643,-0.8362492336046489,-0.16353233621251353,-0.5001717123382958,-0.15599874666574662,-147.44830188235218,40.38795032573198,25.825658637020382,0.16071849441794464,1.2289842460735825,0.05935930441973336,1.556407608438913,0.3973246959579918,2.1339669619721895,-0.26346141249407706,0.29782965146888024,-0.8566158684505907,0.3306125887674071,-173.83548749006638,22.4599079273564,0.2052128309255917,0.5800099787439391,1.2535132164903233,1.05483762194539,1.660531736850952,0.942738219171253,2.237313887774647,-0.1933881502369804,0.01101203815510926,-0.9766851316477891,0.05161237670984371,-163.95110516506472,12.814055664918843,18.903493804683574,-0.13921933900170702,-0.07580083668468506,0.35218923941310043,0.587108551076074,0.7843865789132285,2.7859866601534278,-0.08738515241396021,0.1755335218062708,-0.9722807039761965,0.15419615076939147
0.86,-374.82478284011376,63.483755555774714,167.71610757798703,0.11852383670848551,0.7865828628735669,0.05711414104888438,0.8101187444988692,0.3011922950943098,0.02127781132578972,-0.831532552453917,-0.16407507960133688,-0.5068909125536754,-0.15794376494534101,-147.65720398463316,41.73683720131772,25.332865193474394,0.16108492164268576,1.2816677510139727,0.06027022885179051,1.6887666581018734,0.42881087589055505,2.1386936462491613,-0.2761157469179052,0.29561957584490245,-0.8536527233099365,0.32889559267991314,-175.32507223012493,23.979478603686587,0.7407983605161933,0.5421961476914479,1.2594855267314384,1.0745432819192584,1.717851609508154,0.9443475560995419,2.170083965871591,-0.20683197482012952,0.013374005691583559,-0.9748680909719615,0.04045967564623549,-163.6986284935605,13.189085977221735,19.07448577989892,-0.09809754632019155,-0.05432833850089671,0.34530230694229036,0.6531936722702981,0.7557560087475791,2.911189405219098,-0.08959517793997011,0.17768902843745715,-0.970579414826953,0.15696526103434338
0.87,-374.80689524907353,64.40197407357299,167.46536480940821,0.12658405217094534,0.779182723911672,0.06705032579069986,0.7448840372602258,0.27813353159661547,0.016609014802793223,-0.827038591969874,-0.16530559802555514,-0.5128302293381377,-0.16030298538855312,-147.9199525191942,43.20106476911022,24.769373187744065,0.15825511406175444,1.3312673870605953,0.06033331090420989,1.7986659268665444,0.45582315207621976,2.079170045657307,-0.28995972160954775,0.29273960784532194,-0.85045838153882,0.3265703557230821,-176.82958430006192,25.502944518008984,1.5565500665447582,0.5264405233842753,1.2545407835698028,1.1008061513176577,1.7494352124851884,0.9523020308298044,2.067779951923708,-0.2203226334303123,0.01780133120762371,-0.9727273305375341,0.029986186869279754,-163.30629319893313,14.179197642379902,19.310323969767346,-0.01419051876397493,6.014918432117884e-05,0.353228694520677,0.7325761746500512,0.7234949273120163,2.989018905075996,-0.09646417146657779,0.18128270072831093,-0.9669155891894182,0.16183862433922405
0.88,-374.84735448805185,65.24452051664363,167.17303002518935,0.13259700827787488,0.75851250006711,0.07353909540986149,0.6847867907573143,0.25476084961788814,0.03450464509899949,-0.8227649697940987,-0.16720095225744153,-0.5180432990123572,-0.1631076660818369,-148.23957390204976,44.78755878331275,24.13113561056927,0.151757603080077,1.3771107199078596,0.059452965184979945,1.8793279809606815,0.47591719875668154,1.9565263567377487,-0.30505352963264826,0.2891573310175854,-0.8470262387848368,0.32360685980405396,-178.34387285708175,27.01128816537018,2.652773285650773,0.5346113767627658,1.239959360396469,1.1376623362228169,1.7549686977599697,0.9637875814282849,1.9361407917256686,-0.23373613256689946,0.02430301436769991,-0.9702858721597895,0.020292809096070667,-162.78889526921753,15.878213115362474,19.62892351264385,0.1192081412857985,0.09354761465235541,0.3756980494926446,0.8254082910279188,0.6885402263365369,2.999116864482844,-0.10871941528874494,0.18656165503023706,-0.9610053856547417,0.16883957357713214
0.89,-374.93710196331836,66.01966176626084,166.83618798786054,0.13580284267147544,0.7234695013722608,0.07604008257096974,0.6287587084152394,0.23125181875368261,0.06890267027757219,-0.818699841222305,-0.16969345107863412,-0.522619439151704,-0.16634752130382943,-148.61652177066236,46.49758814113038,23.41746414936093,0.141322731181871,1.4186905845319915,0.05759551037999531,1.926429202363644,0.4871396794114162,1.7755533321877484,-0.32140222623640663,0.2848704949156125,-0.8433602145128586,0.320004469599215,-179.86361645199398,28.487262518889224,4.019689877025692,0.5670085742623794,1.2174694372441055,1.188498784006287,1.7353259155730005,0.9764431380058797,1.781480634972915,-0.24695695067661697,0.0328135213304587,-0.967579503744982,0.011434877574977843,-162.16395238494525,18.34721287914761,20.044441687993025,0.3066203839649694,0.23051776040637836,0.4114293242958156,0.9314248094357386,0.6514032644320052,2.9242645841028967,-0.1268339569226963,0.19370147366472595,-0.9526629647810475,0.1779180848556941
0.9,-375.06541646126954,66.7378338250632,166.45643556663313,0.13574558567832848,0.6742845569608682,0.07446196880720417,0.5755558874240637,0.2078500937613292,0.11387878692207591,-0.8148257338432842,-0.17268271368773916,-0.5266689043285385,-0.16997721864934082,-149.04827685215898,48.325476935602005,22.631644317280507,0.12692466553744094,1.4557232681612045,0.05479049183730038,1.938314031465164,0.48825183003951633,1.5440099553722597,-0.338943292066555,0.279911468779619,-0.8394768109576789,0.31579548818431796,-181.3846133455533,29.9165031800799,5.6363789962549635,0.6224251564075195,1.189060327708312,1.2556307257806318,1.692497438850321,0.9884665075821125,1.6102673185069218,-0.2598845244265168,0.04318516481417565,-0.9646546249885727,0.003421400759316976,-161.45106317807964,21.604490118305506,20.565173021234397,0.5496125487837671,0.41286646415216793,0.4583669074415537,1.04991745102433,0.6123147497172362,2.752772446649046,-0.15095119806648508,0.20277626642978874,-0.9418336248767942,0.18894090950375073
0.91,-375.2209801925848,67.41010686069639,166.03914299123932,0.13228606878912247,0.6123116056778108,0.06908216185651883,0.5239843923309859,0.18481100978148104,0.16407377720757313,-0.8111230755311335,-0.1760480289669119,-0.5303087287658832,-0.17392439718706734,-149.5291548575863,50.257690387230724,21.781335572044625,0.10879619686407248,1.488181604812178,0.05112433690250161,1.9159511847539126,0.47886834512334775,1.2717911558156987,-0.35753773466558586,0.27434974223605324,-0.8354065626111793,0.3110461299960563,-182.90192818183212,31.288191665655358,7.470451272476899,0.6983309497875356,1.1567813250778383,1.3399690754076228,1.6294787849841,0.9986046589296065,1.428792037311935,-0.2724367161621692,0.055185751407170205,-0.9615656279485231,-0.003781123874325114,-160.6713091213152,25.61832852432853,21.19182523880484,0.8462118552419619,0.6394844383290971,0.5139689180636344,1.1796442224184687,0.5714330730210426,2.4803842764803403,-0.18083148607048716,0.21373478147106265,-0.9286184192829267,0.20168545779019648
0.92,-375.3927854905454,68.04678958824235,165.59257241489053,0.12558307582039824,0.539755418287177,0.060453836999439514,0.47306647676374214,0.16236367435366877,0.2149908147719729,-0.8075733795263487,-0.17965982225871763,-0.5336501091550276,-0.17809818004896114,-150.05036360656402,52.27243709178759,20.878681120724256,0.08741642376777628,1.5162928378485006,0.04672969995196344,1.8626591983120189,0.45948658915249146,0.9700601287660982,-0.37696620096591965,0.2682918120517242,-0.8311946383645163,0.3058547536777539,-184.40898535963373,32.595142669819666,9.478590343434835,0.7911418716114613,1.122553141015816,1.44082796509548,1.5501084934764877,1.0060697389884634,1.2429217550780163,-0.28454946199930825,0.06850259979243872,-0.9583721819064741,-0.010240436679712622,-159.84668809594814,30.303970566413096,21.916452194955937,1.1906196940491685,0.9060048787501657,0.5755011074198547,1.318696924790824,0.5290479488749006,2.111365903643809,-0.21583088549856,0.22638694050417588,-0.9132855666587032,0.2158395699743241
0.93,-375.5708342093304,68.65625436958213,165.12696747550845,0.11604956003076125,0.45938071918214546,0.04931089545811108,0.4221493176824642,0.1406944835409944,0.263160860577448,-0.8041621311841715,-0.18338935840336817,-0.5367880684637416,-0.18239726486782332,-150.6003234008523,54.339909390475654,19.94006116101403,0.06347608438318358,1.5404997023795406,0.0417732294662075,1.7836479417302433,0.431406140622554,0.6504365557280962,-0.3969313489629816,0.26187798077628166,-0.8269003758898791,0.30034747493373826,-185.8967467475025,33.83329378052552,11.608010916381613,0.8965369301458999,1.088018110086062,1.5559089652622868,1.4588437821468814,1.0104222913841463,1.0579243277511845,-0.2961726008697742,0.08275341630310594,-0.9551367225575671,-0.016046702953580565,-158.99955727747724,35.525857697087204,22.72228659424715,1.5733120879564744,1.2048889620209284,0.6402935537129445,1.4643959159553028,0.4857194296440043,1.6585588167920486,-0.2549200422452123,0.2404046066679221,-0.8962649202222188,0.2310091058533934
0.94,-375.74660940669406,69.24404856539203,164.65370144991866,0.10429200259175461,0.3742376972278725,0.03647817519451989,0.3709651082083475,0.11994951280433638,0.3061881462701624,-0.8008814489351059,-0.1871161772130883,-0.5397938755072188,-0.18671690371327307,-151.16523770925576,56.42324529709531,18.98544796209621,0.037826726300977886,1.561391777380762,0.036443186501957776,1.6854367720965109,0.3965617986839757,0.32430471191193355,-0.417067369744278,0.255275879597348,-0.8225955953179145,0.2946714979717903,-187.35313984781095,35.00069564993661,13.798805726155685,1.0097898285904683,1.0544504993825945,1.6814773517572081,1.3604773089020608,1.0114615679439647,0.8783622845209552,-0.3072627576304347,0.09750393020027465,-0.9519223267368461,-0.021298687840837115,-158.15205904066482,41.10564822660889,23.58463506216508,1.9815764817445038,1.5258831481660196,0.7059282698970751,1.613294241893964,0.442321767367169,1.14233440854173,-0.29674656963692747,0.25533892812818165,-0.8781236649338328,0.24673458258591863
0.95,-375.9133261634767,69.81234481130043,164.18453401227382,0.09104065159233654,0.28742699287199897,0.02279150480051113,0.31965144705536164,0.10024767363964973,0.3426951737738374,-0.797732466451957,-0.1907331331949919,-0.5427104688861717,-0.19095442013136718,-151.72987938874067,58.48023531161622,18.037363025374514,0.011418797137801555,1.5796197561876462,0.03093742732967279,1.5752170761938629,0.35730437117720587,0.002271948876745787,-0.43695696662830896,0.24867088821581443,-0.818361650484081,0.28898666359160746,-188.76289603864998,36.0962065956076,15.987076306535089,1.1260898376993085,1.0227375580218445,1.8127184475068487,1.259821827759203,1.0091562773453437,0.7080541414344065,-0.3177748888866925,0.11229154243321232,-0.9487910056524697,-0.026089779278448293,-157.32550664950932,46.83566479119639,24.47285898058682,2.4004685857245778,1.8568265688670926,0.7703435458315722,1.7613446293341308,0.39999551706752445,0.5885588808106046,-0.33973788472313166,0.27065418623743626,-0.8595241759529334,0.26251684925389557
