0.02,-112.8337799189106,74.3721812715861,176.55719583658376,-113.54521860520836,82.44445958035053,35.46054913111963,-188.87381650400732,3.274475770392753,17.6011231716636,-162.50959649583345,11.946054269706895,23.86703771604208
0.03,-112.90864723453858,74.36933277124618,176.66905853052216,-113.46219141075638,82.41668359719687,35.04868083820836,-188.7987111088642,3.181809105085839,17.537167283716684,-162.5276856548774,12.036034254762257,23.823318135006204
0.04,-112.8774050152984,74.36135489771279,176.56365179400234,-113.63953855174825,82.44499426104055,35.06860067404339,-188.74084999715652,3.240417259717461,17.47676639659419,-162.61572567851303,11.95816718451444,23.74271457518328
0.05,-112.73473004344793,74.30086831176517,176.50799873526856,-113.42807262624645,82.43113876149987,34.895413360108265,-188.7567598341936,3.3783895164096784,17.583090706554437,-162.65162609000444,11.898251679045451,23.77438716989121
0.06,-112.69942283499302,74.23743644891192,176.55727275233147,-113.3623962478958,82.3760528082454,34.83425202469647,-188.79660283573045,3.406717524552425,17.473727245173343,-162.8512616288578,12.07680551243051,23.94640884656304
0.07,-112.5228916190357,74.3739725318872,176.54987942937166,-113.37129286060885,82.2901603341151,34.92757349484983,-188.7016106399336,3.3306756607454258,17.45624781838359,-162.72253159678613,11.963410362091585,23.81235866925033
0.08,-112.7717334777174,74.35577022300444,176.40043622648923,-113.26768414951763,82.36023340740667,34.70818286593001,-188.7406922268525,3.2181964703319874,17.55074901430936,-162.71968261096802,11.914183664496145,23.87205299933559
0.09,-112.95316865888807,74.43179162213116,176.57319782187488,-113.38266788735234,82.32327257198752,34.8258907186705,-188.78511567040368,3.445349240812051,17.41518863640927,-162.69793958811286,11.936763828010886,23.6728613801674
0.1,-112.80041464253476,74.38653296141467,176.6686337401309,-113.5122653515586,82.28886085629041,34.90830691570131,-188.8603680219599,3.1749008029152894,17.37563964727452,-162.83674129992153,11.961673396661476,23.88240139165267
0.11,-112.68977542590449,74.33223190162883,176.69582940218123,-113.29943343400636,82.46287144800652,34.92134109721256,-188.8129887720052,3.306832183878828,17.431507843799366,-162.82684460514903,11.968042975176,23.79179594649324
0.12,-112.83604032317852,74.41744483390687,176.54282976376328,-113.42275185981782,82.3478070580976,34.72977940023198,-188.8176451441133,3.15363466102567,17.42666831001331,-162.95057795437123,11.86304189291015,23.82632946865539
0.13,-112.75145885331798,74.32824048546762,176.5722276101499,-113.4493514683979,82.4651590298422,34.76001220174075,-188.7829742913948,3.3877427091089776,17.304110996245765,-162.72120288785487,12.000955845131326,23.784837623219374
0.14,-112.76497957112502,74.24546286395093,176.74529446971087,-113.4575013696758,82.25645889837621,34.78096210201622,-189.00891765507143,3.418199838778428,17.525792098764526,-162.75811809752588,11.886374825905902,24.004835898762646
0.15,-112.67839827321782,74.3217138224152,176.47658130204545,-113.61590632491566,82.49648387636505,34.836915469769686,-189.0754798128556,3.28551909612562,17.473470322837358,-162.76196081683517,12.036905903389696,23.75328196300957
0.16,-112.67916349504146,74.30752676372448,176.55683350410683,-113.42850280445224,82.48060402877218,34.75102833408317,-188.8017008808874,3.294656356735495,17.444375392720037,-162.69307904447678,11.991850720312693,23.680072837056155
0.17,-112.8034677648558,74.26246172741858,176.54241333294416,-113.491664631911,82.56036796547937,34.67309507890994,-189.0413891537173,3.3870150725164168,17.47690144564802,-162.48664794154192,12.062154157285905,23.819503804710862
0.18,-112.91618262223358,74.3080555328624,176.73863496000865,-113.4614064223146,82.52415908455261,34.53398816174436,-188.9296908784772,3.2453095565619856,17.613337364310937,-162.49564420736192,12.060846356366154,23.63865364762544
0.19,-112.8499503814118,74.26312355877822,176.71622615214866,-113.5449850599053,82.05541849577868,34.23057595843232,-188.75495126981176,3.2930645611245484,17.49232764741472,-162.53796156233983,11.990671012638284,23.54966565328432
0.2,-112.66284450209278,74.30052042891835,176.61199586944682,-113.38372239905654,82.18507938100515,33.78274686719068,-188.79326366277465,3.255336047820527,17.58181654812775,-162.84897839882555,12.202549999545454,23.897693281048703
0.21,-112.96653319443897,74.37316003228248,176.40542462651624,-113.59831204084745,82.54018220040084,34.07178323973085,-188.87470522373027,3.1518363841759443,17.402174678749272,-162.79552773469015,12.036530721335264,23.56646443326871
0.22,-112.93880306640489,74.56807547895099,176.56452303673098,-113.4694048202451,82.08540405142419,33.522214806021395,-189.08254506517923,3.1692936919926025,17.427791128509675,-162.64858268678614,11.775348589658046,23.835400759564187
0.23,-112.84843089506984,74.18216654814485,176.5301695470743,-113.43015729603894,81.95741922334726,33.01225012899498,-188.97684960347107,3.2282018457940835,17.354372666816346,-162.6952261398573,12.159756828983074,23.77757062060356
0.24,-112.76335663175072,74.27765311476173,176.48070249529826,-113.51821390652194,82.08175213954698,32.99447546891928,-188.87486940255636,3.1025107836329333,17.29279822703113,-162.66997950846653,12.108646590448172,23.79589038191453
0.25,-112.625037851817,74.37400493897087,176.52317997552004,-113.61121353345992,81.96838063830626,32.81672348617258,-188.9607889951988,3.334497947302529,17.327249765243,-162.73257573785563,12.065775861448945,23.67982816380057
0.26,-112.90289651499808,74.33121886111861,176.4906874749016,-113.29087644426662,82.04829625193435,32.90274073585343,-189.22226393916372,3.316097408771499,17.435959548241623,-162.69109479920678,11.925344373745467,23.894113575999448
0.27,-112.90509597119691,74.29891785173436,176.44041483938952,-113.62956372290766,82.03408812748457,32.18353771606423,-189.0604431074267,3.123770152441781,17.42298507394333,-162.65978951677343,11.891864356533544,23.683158239189996
0.28,-112.8050292235918,74.25010816692296,176.43497296258502,-113.502994529841,81.97190558148691,31.332799421994405,-188.77363378262007,3.290612205236203,17.62936797357911,-162.7259076807077,11.963090215228744,23.789713807387454
0.29,-112.71458722601945,74.29985031993495,176.59110646864514,-113.65605505442927,81.87936847211158,30.861539489735677,-188.9330086441483,3.192864327998666,17.416511178520473,-162.84847392151406,11.97054763623911,23.748015113460315
0.3,-112.72697212106272,74.24152363822306,176.35216921406948,-113.7916447028174,81.96109065163657,30.54209511375587,-188.9465824234428,3.1431575820595845,17.410493632223805,-162.70074621095353,11.888339410829088,23.795762331245676
0.31,-112.9861388684774,74.14732110005143,176.46647388690576,-113.70930241955294,81.9451165913537,31.068444587077217,-189.08116902725476,3.243119179658835,17.31676206498456,-162.5792475904359,11.823730547097044,23.875068261717136
0.32,-112.92180074573844,74.11083330287748,176.46000780987603,-113.7865918865744,82.23140524644597,31.72210270645349,-188.95908267937244,3.257878283245931,17.479229325292156,-162.66345774194528,12.067497293562877,23.800793435252785
0.33,-113.10065769478652,74.00507386474222,176.53919879197508,-113.92692109590446,82.50297230335813,32.35522089475102,-188.8678208408757,3.300501342827973,17.531916765956137,-162.7157176834541,11.96127161330122,23.843722356154228
0.34,-112.98170453260404,73.91210340728279,176.55208894783905,-114.1129519872096,82.6466635826027,33.50788721795176,-188.91436814434493,3.269652453102102,17.495246332801035,-162.894224370244,12.061785057552136,23.993667544823847
0.35,-113.06061421389109,73.6968659854356,176.4454452983408,-114.13348519214792,83.35497551045003,33.34920489605486,-188.9284582581248,3.0097855663021487,17.148334528520397,-162.90293918916834,11.788450734673576,24.225346863708687
0.36,-113.02725595761314,73.47926304485459,176.4089571340272,-114.04897284668507,83.46261306909754,33.37449836539789,-189.075283115981,2.950934213065689,17.049123832181426,-162.7585636229894,11.734699791181376,24.079279295394112
0.37,-112.95967524749707,73.5557414843145,176.26200157641094,-114.11994888059068,83.92098991513586,33.38839672973431,-189.19227401872345,2.643646796639445,17.06784304532228,-162.4030482278248,11.686929550624049,24.297091692079302
0.38,-113.05580108134492,73.46010888443675,176.3776648372905,-114.14779386583696,84.57194649832023,33.09646407381977,-188.97124974422096,2.597346717022432,17.196002217387505,-162.43553745812378,11.841332931676977,24.434381806573708
0.39,-113.10174907912956,73.19071464501786,176.24281290712426,-114.21256386034813,85.26204654642137,33.05115402839431,-188.59523421980188,2.6428543810071856,16.958664050847354,-162.0309953444045,11.977828127782756,24.85746834573506
0.4,-113.04726569125656,72.96648525565207,176.29871450422698,-114.36553539888672,85.52811401454593,33.18819985984161,-188.29517427869055,2.5631025827534684,17.227437596072413,-161.61430562867722,12.2557209956481,25.206843135871587
0.41,-113.21707171381456,72.92599432209406,176.52985054271113,-114.2395057582706,85.94286997061319,33.23812301033515,-188.3886775249185,2.2747055103556506,17.24437683864653,-161.34813686901762,12.089300618426828,25.41737526534145
0.42,-112.91401667132403,72.4975439991306,176.51623526471005,-114.29654188671007,86.17048803622242,32.96350672409248,-187.8070493161379,2.0270903385113623,17.091060114984842,-161.09971086728666,12.228891099682846,25.92271492767005
0.43,-112.81222294743498,72.48007767393139,176.421000318354,-114.2792095813369,86.26662950402215,33.04113003871579,-187.1747176763046,1.8328153104706597,17.19926527780061,-160.33878466652797,12.343769713511213,26.43704106719334
0.44,-112.89729022571882,72.31042173881747,176.46486386031916,-114.33140002517844,85.69394272987597,33.066920392324995,-186.75595520209168,1.7200889885592645,16.875958816456613,-160.1850808808613,12.195596606913869,26.4716088712234
0.45,-112.94461920970784,71.82155021449977,176.3621794398005,-114.3452397174992,84.09164141892056,33.05970727560548,-186.63523550485,1.7155421373886033,17.175980492464593,-159.5812305810837,12.446996180124197,26.813315739175657
0.46,-112.96011727823986,71.96637881285424,176.21854318064072,-114.5531104733276,82.75537817720824,33.163094681077794,-185.94630898925348,1.7625172060605518,17.138117978770385,-158.76970112695142,12.25128106128608,27.02044463632277
0.47,-112.95040254624298,71.4859238838463,176.01435183444397,-114.43041790431522,80.53335251962729,33.10251761190749,-185.2841077065872,1.4669218941661986,16.944642568972945,-158.37612255181165,12.189016359202718,27.22432922672124
0.48,-113.00435304673012,71.34311845571591,175.97501074449326,-114.58960964591058,78.55903474717825,37.65765167972966,-184.0903106960315,1.502490727288926,16.767114353829864,-157.9650560677463,12.196658550172478,27.412146502139542
0.49,-113.27265993946462,70.9853980916243,175.87766543748927,-114.5892072957628,76.24438990168429,40.55210890644117,-183.6598038506,1.2361015183982824,16.56390842273619,-157.4285652927263,12.208474309808658,27.52332723094537
0.5,-113.38653450314372,70.71525644083636,175.87552775115694,-114.2650488395805,73.76968154797072,42.6421482270766,-182.55608300758627,1.336557833920379,16.263498036252543,-156.66393117753282,12.346189642214858,27.56317835414017
0.51,-113.30744087111974,70.71755831384574,175.95275742550857,-114.21286558159336,71.1108174033187,44.09715261853796,-181.5586256226232,1.2810442062920382,15.883237682772828,-156.2283648568053,12.07489837686395,27.620277300268818
0.52,-113.5896439700033,70.32424852265372,175.94380352003333,-113.79822705822404,67.2187798299218,45.39547837206416,-179.80506649469956,1.7959195764414382,15.003660935692103,-155.5502468898645,11.673106857204354,27.673091513790496
0.53,-113.72810441051917,69.76627990416303,175.83395956424673,-113.4054006468174,64.65074443435272,46.20730938423795,-179.0315621281195,2.124322890460014,14.6201597922942,-155.5259104999585,11.209601947097893,28.02821796984904
0.54,-113.69052350609506,68.57983993327923,175.7727285953641,-112.94962078987037,61.91465584678206,46.72430612855692,-178.36872194216497,2.237822611455294,14.172572258872044,-155.40239463104666,10.930013077696245,28.26830637454192
0.55,-114.31840649440714,66.95506974286518,176.05256391421045,-112.91779164545596,59.48489603456136,46.98061891571276,-177.562150957213,2.6750852015100097,13.972358323233609,-155.73579046886795,10.629203626810368,28.48520473867619
0.56,-114.46568124730588,64.2935192998147,175.87963142109584,-113.00996605236048,57.63289862156492,47.74799570046856,-176.7679646447811,3.1004423910051155,13.57249143621106,-156.17730769151478,10.266333342076264,29.031897072146663
0.57,-114.8686234633786,61.47624570509176,176.0012581607114,-113.43284953279937,55.67192233951798,48.21947834469025,-175.86777964841446,3.3831483582462347,13.104307675896417,-156.36349341354924,9.996772097914072,28.861170577423117
0.58,-115.38681160321627,58.760965300802255,176.00030417424466,-113.32945236272856,53.79462392434791,48.670843622100094,-175.40630822716884,3.723346380680169,12.966765462286112,-156.2671824398204,9.786542004777615,28.52405469629216
0.59,-115.67407772369828,55.985735443435054,175.92970593207477,-113.68082493823488,50.9870586624562,49.42732679803109,-174.97209594693535,3.773072948964367,13.067052109208191,-156.05042159489415,9.986206764259176,28.681460494410462
0.6,-116.51944135673064,53.19246114667957,176.0029931636337,-113.94965291236883,48.24393749357511,49.92887480028032,-174.48051990210288,4.147448848644885,13.177892918975546,-155.9349461819793,9.853070473546502,28.491268613685456
0.61,-117.25921436790333,51.01173772514809,175.66935859061513,-114.1058658490497,46.36855405815616,50.23907976606255,-174.60566673508418,4.152251248269903,13.139017881651556,-155.8880864720987,9.519435590355334,28.178766129819504
0.62,-117.68464231876575,49.520486795631584,175.91185608608896,-114.00672687525254,45.21200051893813,50.53126575061922,-174.76150389734815,4.330437057570787,13.460810449950577,-156.3015724232649,9.527237696084542,28.310221719242783
0.63,-118.06783649713206,47.93791598526177,175.89306607781748,-113.94779824936364,44.329993716786376,50.52846998749067,-175.52098834607645,4.350380787421873,13.888766162431242,-156.64857462679132,9.267951744258363,28.4479369120718
0.64,-118.11878170455688,46.48512110017328,176.1635519482012,-113.9946126582678,42.39957005125124,51.13714574441303,-176.21875275244707,4.634793950976828,13.785719112828094,-157.3091048085671,8.699200617568097,28.83349808290532
0.65,-118.13525921309235,45.2772238578487,176.3466284751893,-113.85790359794926,40.95530930204633,51.42578222242465,-176.6472020309481,4.664436011120652,13.61074660466863,-157.47528484626403,8.746736610146652,28.833428015646213
0.66,-118.20451587989032,43.65652159896731,176.42371815659098,-113.7768996665528,39.4423518438385,52.07518658218193,-176.8194649431753,4.746137829149839,13.61719907819833,-157.0173317347468,8.882964292959548,29.21605490875948
0.67,-118.36621552500682,42.40641824859032,176.61084568452347,-113.59650245159092,38.71012201720762,52.427298296915474,-176.436644169846,4.724052223253856,13.292357424009834,-156.9301394662907,9.12187733003787,28.84701659720688
0.68,-118.25680564594153,41.45265785104928,176.84721223668973,-113.7648746283894,38.002419687381206,52.83657355403083,-175.99793619796122,4.761143686862559,13.4339399688879,-156.8010735500581,9.17200380221074,28.977948215555976
0.69,-118.1659692767386,39.17634196859937,176.95176415489598,-113.61455346939456,36.23708398199502,53.55297797530561,-175.3866128156983,4.6322352243154326,13.561814641442355,-157.32153802650976,9.288188871345032,29.22458193574124
0.7,-117.8816374641022,38.02389806485933,177.0374572940008,-113.35884896269091,35.30477323896243,53.2523746503927,-175.4635087591676,4.395704807644714,13.75147217282522,-158.16728033830887,9.160953326011532,29.65918337444728
0.71,-117.7721395868764,36.59177416728223,177.1538240745567,-113.14292864285537,34.88253096881857,53.298530547366845,-175.5573145807844,4.383487849225586,13.591443062304236,-158.63045470860584,9.124562263941334,29.740204631559628
0.72,-117.9865290622112,34.990951973311965,177.5283318331229,-113.01303740555704,34.73903546817653,53.67144406372527,-175.87545249053366,4.000650214036472,13.440299679775253,-159.28997308766083,8.926463767049494,29.772256313143924
0.73,-118.06362194700172,36.23403838069176,177.96801336819186,-112.97396498510864,34.41055794849312,53.72503904345037,-176.2255370191514,4.144429000443111,13.397281006292268,-159.83835928938245,8.71146791972043,29.80419738417256
0.74,-118.09048919802136,38.586993944688544,178.9630284336138,-112.89486644226548,34.12243439261394,54.018708982942265,-175.7218309481869,4.336674389991733,13.437521854828208,-160.84985296601394,8.590205470080342,29.643657298162594
0.75,-118.14428608671116,40.99960148501618,179.73455820319376,-112.933983360079,33.98217987886236,53.893403772645016,-175.49793140289202,4.207058543106244,13.347789609509046,-161.57779519467823,8.472265227796292,29.75941329307134
0.76,-118.0157161629486,43.49684590036794,179.27407116715003,-112.58544058604151,33.66320615796628,53.97211352521682,-174.84077208050724,4.06578181364229,13.39081244966742,-162.4643613960027,8.518035702527643,29.76460098915827
0.77,-114.9660167271676,46.65811690196409,177.90525453187706,-112.8241029965613,33.70835702485719,53.91711538676373,-174.70973176881873,3.938333947965029,13.327219411918644,-163.34135556625912,8.220741447585104,30.17612908540236
0.78,-113.7704794270342,48.533922178900085,176.9881958530451,-112.5934790522503,33.6782217663493,54.00657445164875,-174.75470495460462,4.0036142805497015,13.200528340467686,-164.33814332068482,8.25096540305119,30.218198822344373
0.79,-113.31797857758082,50.57017187735719,176.54139350377068,-112.63729416926944,33.565537783626795,54.09520110076387,-175.1605307460041,3.945553738471269,13.101480999031986,-164.99067192181263,7.811056368959803,30.464115031833188
0.8,-113.6524569273232,52.310996480278014,176.1173288072867,-112.45442334958337,33.28356179658399,54.18131647812552,-175.42232852479387,3.8399522187341626,13.000875129792275,-165.02325686793114,7.566435604114485,30.603978611358407
0.81,-113.96072015745418,53.92584065628024,176.0417560376679,-112.54180030456897,33.272031622922825,54.27089408957068,-175.38402656306567,3.5440394388264345,12.768400869905602,-165.58983806607134,7.906830823927559,30.60471568002865
0.82,-113.92026989809004,55.42603531824606,175.89094828929825,-112.4210817668077,33.24618506496169,54.01219377180392,-175.1286126903605,3.848288407792156,12.767231413283108,-165.97726381293234,7.701065949704865,30.865378722765488
0.83,-114.27574626171224,56.66095487234477,175.54086151555177,-112.4325206502224,33.303335813062155,54.52909764985896,-174.48689974112284,3.673870741429639,12.616729258633388,-166.37854073828134,7.355160578092093,31.1276194565952
0.84,-114.23209028358524,57.956371347336166,175.3171600364108,-112.4075033746748,33.145210394998344,54.00316596128754,-174.17252269897185,3.8197610346933057,12.346308789526518,-166.31068013458253,7.585918180474317,31.112000109725276
0.85,-114.25627425382854,58.71880077493985,175.06246068422928,-112.52877937805796,33.0551130112905,53.9866506565366,-173.94308137753887,4.063429205373137,12.06241691240905,-166.21988561586346,7.749428010687948,31.61437535631382
0.86,-113.75219080480454,60.802612809923936,173.8996211353934,-112.4730263457034,32.35018588521637,54.167685103372655,-174.1701590544618,4.064001981263083,11.268185245091658,-164.93115367468863,8.276395834854862,32.46589522890214
0.87,-113.40566407486494,61.21375985961858,173.5469279750651,-112.4071897474468,32.79979307370409,54.32716314334771,-173.99236043042566,3.827855001458785,10.80045920104308,-164.1336310376524,8.2209183901077,33.06075088871506
0.88,-113.04845593956496,61.89879315898103,172.75626053514927,-112.91456393069642,33.06337403863617,54.48091357232569,-174.1686334306822,3.7709056378430255,10.17353871397687,-163.4355477674291,7.829672631864255,33.85443160223922
0.89,-112.874443848479,62.12953083259476,172.38787069726325,-112.70149425851444,32.37026347752396,54.688620597204256,-173.54908969631586,3.5942568024506416,9.340564315526125,-162.25880345685056,7.797729750452616,34.53170919920018
0.9,-112.79670794078096,62.62525608919852,172.07712908440314,-112.9603034165147,32.03003669633747,54.60320498976156,-172.57942143893874,4.024793508898563,8.313730759144125,-161.8099500984493,7.691209780849458,34.96985327484565
0.91,-112.59004361141892,62.579665495409074,172.01304253520684,-113.00047202157296,31.78055375862368,54.730372414372326,-170.5761632570409,4.340229057824261,7.586313295263206,-162.35810617580017,7.262888440376396,35.46332957533464
0.92,-112.38341219263368,62.851626576548334,171.70709351103227,-112.98623404535154,31.24150251683743,54.700834829851296,-169.61082250877644,4.675999639365486,7.012356147254185,-163.36907296604937,6.611068806722508,35.87891133622915
0.93,-112.44848771383748,63.40887919641354,171.775546192571,-113.1222746919329,30.952608212185385,54.52880357525481,-169.84768537051448,5.033544557164033,6.850107614736356,-164.1894857830555,5.83106510864896,36.08434289766899
0.94,-112.29269141929016,63.7825704896716,171.49052768525155,-113.14025584340357,30.37004642674957,54.58606214804925,-171.06543540593313,5.125278579048393,7.294938133761663,-164.57422161944373,5.5673832069532185,36.250499807802896
0.95,-112.41788136987206,64.00026642918837,171.14519134654455,-113.1591918545816,30.18371226983105,54.50762420324428,-171.86536366233022,4.880652172061771,7.600462360143396,-165.22814932706552,5.159220319332167,36.540695808986825
0.96,-112.34469568504068,64.34982950119696,171.20958982819272,-113.4008957398374,29.57501111079472,54.62600050278166,-172.75074884361536,4.777111296741904,7.82869311418538,-165.06773410249068,5.196710876793576,36.61795775053072
0.97,-112.62443603234873,64.5893546169371,171.3575925074904,-113.29583058026058,28.747523959453105,54.304139214969766,-172.1096805811528,4.4901742762716506,8.146775630410398,-164.8126341324011,5.065306409936068,36.32037622326172
0.98,-112.55049047185123,64.78347288437587,171.3984065258284,-113.412854310425,28.31413599515728,54.0623417763345,-170.90584406033628,4.4992052288908,8.389071864513145,-164.87480238286292,5.288490250120897,36.56762268397249
0.99,-112.7704334858117,65.18522954074267,171.41651424484093,-113.63290563269196,28.09202712503518,53.87663030143364,-169.74592290469002,4.575408124646445,8.600849135796908,-164.7586979404508,5.008978065817801,36.91179427032643
1.0,-112.79026601468313,65.54772996874557,171.06020612540922,-113.77494793390171,28.222713319664688,53.999619194816766,-169.7194810838719,4.557545832792004,8.685540683705902,-164.32603881195374,5.119786942552804,37.44035708000614
1.01,-112.97197916211344,66.06843212079501,171.06275125386483,-113.84942050932344,28.1132007689028,53.98563222565907,-170.0800833403717,4.5262554967985285,8.425150007883701,-164.33188533950857,4.782931146392448,38.03544516624278
1.02,-113.13100008078533,66.14595265420573,171.23709078021847,-113.73953365485056,27.45155857188288,53.90552428897826,-170.70632179409256,4.157406575583434,8.724385357634562,-164.32657543021034,4.639138308963451,38.07174457393807
1.03,-113.63456329838972,66.06829143434,171.38619917680347,-113.86018962834036,27.28211987385293,53.661295527495405,-169.98119903918862,3.9949065609444343,8.916644289693433,-164.01012732120904,4.47769136906803,37.90045371852716
1.04,-113.83082105997524,65.83200161582168,171.88173486976623,-113.89611599223812,27.40159817988421,53.36248923947813,-169.71600231512383,3.7232382380414606,8.813382095458646,-163.77658865754873,4.4211961321654245,37.99815115774821
1.05,-114.14729510847091,65.27010891142466,172.6199119216851,-113.88194648847735,27.37963499884156,53.32820492655468,-169.20953657152552,3.984023485871988,8.999195875800506,-163.69914456725226,4.152597480599843,37.837128510431086
1.06,-114.50167097755411,64.60791193573047,172.75055928062844,-114.09308032342592,27.50868977725475,53.3054771448627,-169.44829832794505,3.73959841301691,9.077602492354211,-162.98648006523467,4.318976061577674,37.8736111445076
1.07,-114.76212816114298,64.23259381400027,173.2125739447813,-114.04263774955042,27.920805694045843,53.20288322932901,-168.95245134760674,3.711620526701225,8.558447249790799,-162.66001943104447,4.481062977620655,38.730151222475605
1.08,-114.78611639407892,63.39831542342462,173.4389112271443,-114.45314939953178,28.32823884906568,53.27171008461057,-168.64541222111222,3.759749341483464,8.7159746312191,-162.71230343467877,4.442862940122251,39.11294708298782
1.09,-114.94764869481496,63.38933827936231,173.56435497535645,-114.3687309621908,29.153985823830062,53.17388898618432,-168.33623336735235,3.847743994459838,8.15061732562202,-162.7036673734335,4.422817271132916,39.90828149618201
1.1,-115.10536533289996,62.51530597421681,173.9756245382044,-114.43576266848191,29.71597306753809,52.73375611104708,-168.4547180831353,3.788474491607532,7.660968559152754,-161.9553915567408,4.676893196009902,40.507872239400434
1.11,-115.23173903294168,61.66854138001943,174.5783810809281,-114.31474954196644,30.288875174076814,52.676242099111576,-168.88589850749378,3.688713455918211,7.305702715620503,-161.52317184491935,4.85892929781245,41.38104913468088
1.12,-115.46080046128516,60.852676685331474,175.33441396707738,-114.37975300119506,31.12674555580689,52.57692056822379,-169.7651074720468,3.3298828944349728,7.317760891310655,-160.66921858658984,5.152231318710387,41.90195417132336
1.13,-115.76940381857402,59.794650812120864,176.36418798332647,-114.25405625684948,32.2482394002013,52.28795355094842,-169.5885761763453,3.0742838494571822,6.727887467780139,-160.180220071881,5.497499309878864,42.70499974044299
1.14,-116.4210074643465,58.27214573260849,176.87730475180354,-114.30136268125426,33.10984026894982,51.82738901995651,-168.88237914452606,2.750439112844385,6.235034509201975,-159.58377194073313,5.872604768162775,43.40334065193428
1.15,-116.6712577500342,56.15350114952871,177.9138988421651,-114.1321687843732,33.944801873954574,51.34364260581776,-168.25218753920657,2.5625256514884063,5.586756510446859,-159.13786847334,5.702639325670577,44.17796065026036
1.16,-117.0487058206618,54.22197886038074,178.68710094025195,-114.10653380782976,35.04457294588361,51.13981947234486,-168.1585822537468,2.106235135246343,5.008498507153581,-158.68170318332608,5.960074323739857,44.72153533949723
1.17,-117.93453858778064,52.10764948377639,179.29082842789654,-113.96649481444936,35.85998485025943,50.96089085645621,-167.86729369080695,1.90949352430914,4.630398587040576,-158.33960281926244,6.210074274041087,45.43754762432681
1.18,-118.36095364872196,50.04597411562771,180.02523176440175,-114.09176161819067,36.55539733411582,50.85811411063021,-168.07945197969673,1.5243762590321388,4.084017490364731,-157.64951134898897,6.599627383439885,46.20840277955272
1.19,-118.86300353362974,48.66421327473187,179.45759827990707,-113.92473894688275,37.69938889832891,50.42901938092624,-168.43387283082836,1.069038091279469,3.6010182375042725,-157.51338829507594,6.988692942998943,46.776362907349096
1.2,-119.99274965333156,47.08401011465852,178.80398471858342,-113.92424555220174,39.95950622447941,50.027349809488285,-168.7537973543353,0.5220813694689037,2.426756323012769,-156.63228810698988,7.627656326311467,48.86268384076363
1.21,-117.42066344197652,44.53869550842744,178.504919656885,-113.61072124457296,41.37539281506704,49.77654032410104,-169.17953334107654,0.2044031864112766,1.8694625416483488,-156.1807719084197,8.15012464384489,49.71264154473735
1.22,-117.28023537417118,44.58286676166775,178.15114349862878,-113.8410465476513,42.64652059188896,49.726551771471975,-169.68163410595153,0.1368408324967839,1.1127539051497335,-156.0384069879746,8.278822209384499,50.86641117522284
1.23,-120.90726486570972,45.25130029459435,178.05661131179,-113.70379495988836,44.03042499745148,49.7627578000133,-170.0602304581914,0.6694940418896123,0.7910451414137847,-155.74387266332218,8.565565849207113,51.551708101153
1.24,-120.82847492748888,46.24057904890247,177.56770165977807,-113.82920933166297,45.06692390680869,49.31964982033213,-170.47709679950108,1.0019075001491826,0.502423612476528,-155.43472379334673,9.091127985826006,52.55230588375411
1.25,-121.10308326399591,47.4051117556749,177.41343736396686,-113.40578805853444,46.66622044855104,49.155187511665126,-171.08265717411908,1.6586321208291197,0.3358249138418416,-155.05807796618373,9.838047872818494,53.60639891897024
1.26,-120.75425612246477,48.46162102290592,177.23173286127664,-113.50139353710009,48.093650955731256,48.83942974387486,-171.48066980969685,2.1652270994190155,0.3274529130631318,-154.9341753874168,10.40479165125069,55.140317610067335
1.27,-120.66404540023484,49.463998321135136,177.45411061506755,-113.44147500778078,49.261630521162274,48.289312609043,-171.94885123401102,2.447785801461391,0.2359888615917166,-154.90552279394632,10.891783435112856,56.45764502655701
1.28,-120.46623123935971,50.58475374077419,177.0353102222284,-113.43396881824208,50.76362841005525,47.819633802051335,-172.77904354229565,3.1578317279822303,0.3233054175954448,-154.28661010885153,11.66687912086466,57.61250322946644
1.29,-120.3670821308009,51.7467643998261,177.14464578611484,-113.6636586730874,52.42053768621011,47.713008937004645,-173.4434648782555,3.7243019268100106,0.2609179432021616,-153.66860894685297,12.421010808113005,58.92730220189892
1.3,-120.1810992690599,52.965898287735406,177.07585566347583,-113.87344298694444,53.615018279505605,47.2366233973152,-173.89129140786437,4.594688045721539,0.2214302860791661,-153.27738174138585,13.118275199348268,60.46147117894715
1.31,-119.94489264629529,54.1982035372202,176.69419563211156,-113.90410842869834,55.19468303919219,47.05208753570587,-174.22261739187442,5.262440836625185,0.168763088286812,-152.693813471115,13.62279799965778,62.13644468161443
1.32,-119.98037525846225,55.321233491959575,176.60529896089358,-113.73657985830113,56.451246355641295,46.30493484679749,-174.8046920199414,5.877112527853248,0.2449626989588235,-152.21799975712182,14.490932044773986,63.617688548820304
1.33,-119.85369896991148,56.06287658935477,176.53589695444865,-113.87243296772952,57.825409267013086,45.62896080522597,-175.1523183219702,6.574321673109572,0.27973447644165,-152.03856006979123,15.345064527287196,65.40463458826903
1.34,-119.58543117568176,57.31677694809496,176.49211565717962,-113.90280701899144,59.25524726775902,45.054820297676365,-175.73256960566255,7.243023194619354,0.4835229108878901,-151.6913384883165,15.781154360846656,67.01263701477139
1.35,-119.53307754051038,57.968053526281295,176.74875453685874,-113.79820053361289,60.55556098630408,44.44785207086495,-176.36064258709936,7.908158315229529,1.139132383795466,-151.22780439793158,16.88938156982451,69.43913495002535
1.36,-119.46959655101124,58.96909780532952,176.3744453831532,-114.3386598548925,61.78834412740823,43.88698736112752,-176.82522437533825,8.719261424692478,1.718366236289114,-150.90694198258143,17.661737991168007,71.59810956104532
1.37,-119.74806836632769,60.89673499732638,175.95161792855143,-114.07591779465388,64.0614622660359,42.59168680896594,-178.83574280189066,9.730136331252636,3.541346934168902,-151.13943418842547,19.01513043235449,76.55727004842562
1.38,-119.7860729208132,61.91678016074143,175.91531806338202,-114.00919138162718,65.2372521939835,41.94544035654313,-180.37072376363804,10.259746210848546,4.941273324479528,-150.72173684300702,19.82411387484124,78.9235832073892
1.39,-119.8838786826638,62.81247246335954,175.53126660344526,-114.12917013994588,66.19042197388784,40.91189129727544,-181.4859197591739,10.953414643757167,6.696522269594091,-150.1750411318578,20.929893579136746,81.42949586985429
1.4,-119.77882818515938,63.6696908046146,175.45150973596438,-113.90628135151212,67.16070429917752,40.05213338104454,-182.6921973655013,11.771950200501918,8.170104575626532,-149.67466276780695,21.431396934642187,82.5085425067273
1.41,-119.94323308656492,64.43610252429814,175.13700075457723,-113.88772146353638,68.62820528859368,39.0047819093216,-183.69313563528956,12.49889895655467,9.63090296061588,-148.8584113027084,22.468385982695093,84.55204489186409
1.42,-120.21994694118058,65.17151436411271,174.93951542031166,-113.61852355447785,69.50451825955994,37.931573547382925,-184.07672962867744,13.051553572952852,11.108759706321896,-148.19397428963282,23.341362952321983,86.8107416597577
1.43,-120.23338462957632,65.87584427467617,174.45910458612997,-113.55460413609802,70.46799534496742,36.96692896691516,-184.80834754852867,13.72781975723883,12.408790473616213,-147.6593530266787,24.401312707977397,88.99798984827399
1.44,-120.56767209311266,66.538283263591,174.17525025840555,-113.82096428596284,71.53416897842878,35.85453886536632,-185.09027570934967,14.539408875910812,13.780158411632804,-146.67229128732308,25.306453562414667,91.00945797796236
1.45,-120.63329866016102,66.9369978582075,174.0394986599252,-113.75537761502392,72.60243624919282,34.65767132392399,-185.58589654030123,15.220161419981553,15.242527259403042,-145.68305209645644,26.413147430071497,92.86123036249008
1.46,-120.51974475585072,67.55119936036058,173.80302462396375,-113.80924840936764,72.94027783500253,33.97158502617645,-186.0596387109636,15.934918845500954,16.55277200265769,-144.93021283776713,27.35390704446166,94.59439196128396
1.47,-120.50304025526512,67.79552505553649,173.46101681772913,-113.81886331806366,73.96517748799468,32.49481158325466,-186.81836739191567,16.57506778013756,18.063727168514745,-144.12658306418993,28.334038246378302,96.3780165176037
1.48,-120.3226489237098,68.48740880941969,173.40943704343192,-113.79880237801704,74.70051110193833,31.223540236010077,-187.6275247426588,17.527863341928406,19.74882406341592,-142.9605946033913,29.04812121349809,98.07616497712652
1.49,-120.54978274382113,68.9402716092598,173.14766593745637,-113.67403976181296,75.53436113671171,29.97260029236781,-187.70997954528016,18.132525065788887,21.23647982437932,-142.05175369334347,29.989633511523376,100.23887255269
1.5,-120.46984164841813,69.39865975582859,172.78717673262398,-113.9102938093814,76.16123400785209,28.758309941093756,-187.99617092336692,18.81678716681253,22.563532915695024,-141.5743530616805,30.56429911019873,102.01244351366226
1.51,-120.43236307925883,69.71850363145158,172.2904957649098,-113.92874373143344,76.95813861993652,27.341555991718696,-188.2360123623159,19.1199356572717,23.887645178510343,-141.02441392215275,30.642239960433923,103.87208664555337
1.52,-120.8227440460071,70.29534419165479,171.98112768850504,-113.97355225829892,77.67472132912175,25.468823215120945,-188.78478673365555,19.44643526948077,25.52998452468544,-140.52695448296444,31.319864980471586,105.62892884942664
1.53,-120.76252580678516,70.68693565771498,171.4378512081406,-114.28486907343026,78.3116992250368,23.847770060225287,-189.79467958128703,20.28556728457177,27.288107858131863,-139.54891899058725,32.064774465445936,107.77767592295436
1.54,-121.19894156841148,71.3790999253943,170.76765159412673,-114.5052024792996,79.51114122608378,20.36269173290597,-190.74156206238104,21.075515257754475,30.87550505379207,-138.1716131364027,32.71943242009179,112.40002442835988
1.55,-121.2532317586325,71.89341113943856,170.14924687329255,-114.54707138154652,80.13540983169118,18.065102026855392,-191.38744085494127,21.155814991365883,32.461918921719615,-137.04313365885235,33.14966555618866,114.52625029168168
1.56,-121.58085265400844,72.27385647040602,169.81123273413408,-114.70507734078797,80.48179842130001,15.458082255611142,-192.00302596780764,21.226447115290064,34.46977226273337,-136.55545319399178,33.54804476002679,116.47765773492284
1.57,-121.72605755682564,72.531067584091,169.52137203654254,-114.51532867510066,81.2338885902623,12.695783040562803,-192.3529552475478,21.814641466037845,36.42487472501885,-135.63230714243363,33.75836075062804,118.46865394704672
1.58,-121.80530080234657,72.90307677265281,169.0065040359546,-114.75728976888897,81.44652316343583,9.87815355962563,-192.7366202367348,22.203841589859977,38.219397987957024,-134.89020925869468,33.82012487758658,120.228556475435
1.59,-122.20106163595554,73.23872328029601,168.52986037018664,-114.96952762404662,81.7011280797047,7.533001383284453,-192.8424805016804,22.618588778764316,40.19447014783647,-133.81818836690863,34.40971692100808,121.85512771280024
1.6,-122.4140436826311,73.34986383811248,168.40239107875786,-114.89681309841856,82.23582220812885,7.309653028429344,-193.24395581100887,23.192836803354773,42.21752189694615,-132.24338921062576,35.30247585495467,123.40452691357112
1.61,-122.46878360757152,73.45826871815048,168.1030856977955,-114.9832331558102,82.4513454128321,7.556239311709375,-193.31968091714515,23.749649705441875,44.55888919501172,-130.74013285704442,35.79795358155523,124.78576677805935
1.62,-122.6956627602998,73.55056309456246,167.50842048029912,-115.04716257365769,82.68742458373977,4.688438023592407,-193.4089293586954,24.70950395822231,45.94473386101643,-129.867126760035,36.25393340983785,126.0188380046026
1.63,-123.08312158039026,73.61047439414098,167.3112697822988,-115.32181587770444,82.9201193673358,2.274216519198977,-192.75403951731383,25.24386081512606,47.48375252950743,-129.2242833202347,36.545920498984565,126.86521902442512
1.64,-123.2525477782555,74.18150491650596,166.9420400646216,-115.30791061479268,83.28853929799206,2.242081336941836,-191.6978595111637,26.499653808032168,49.04863624707437,-129.02855294510013,36.74182687949448,127.80416912123748
1.65,-123.67521265543996,74.49155138735456,166.60806947564691,-115.3265156587309,83.55509364003507,2.378262813191518,-190.8525065132812,27.43194383155819,50.42330302294825,-128.0941883603796,37.11169341212344,128.69088663999722
1.66,-123.63147673413808,74.59245807414399,166.3878762073215,-115.4780633775168,83.53847032837085,2.3690740902872114,-189.96346486222416,28.445926127728328,52.20020855595152,-127.5623675301452,37.76200898547608,129.41544214261566
1.67,-123.94646782956602,74.74235405064644,165.4860279278726,-115.59410853270268,83.83977101512427,2.386997230449821,-189.21492290031983,29.28060199863393,53.62098988929926,-127.14984078079549,38.21765998757527,129.9074202259388
1.68,-124.16721404420052,74.97661487646374,165.19666198145387,-115.53935694602538,83.76689621050097,2.6963557903901747,-188.6999551375718,30.207578199946084,55.40791255233889,-126.8321386149374,38.50611712095243,130.36016217925956
1.69,-124.47911293587808,75.00316568395,164.62951813309095,-115.59203713622048,83.90968116568948,2.553202320807228,-187.5185355099785,31.07272102112164,57.52540660885186,-126.5167244220627,39.117018942626615,130.8062515836082
1.7,-124.36410506171543,75.13788302623733,164.0211135625345,-115.64705064708932,84.41181890467567,2.9043594403942823,-186.74712257908135,31.99321090801559,59.20279457041726,-126.7110377996984,39.036542932294026,130.8339018150673
1.71,-124.93070347503786,75.28735186272732,162.42568405633298,-115.81748057158538,84.42768433776517,3.0433911726487706,-184.76102040584232,33.364309400480124,62.45223266309945,-127.50357830841182,39.18541498911191,131.16110662439354
1.72,-125.01431516088113,75.50260253197132,161.4540645363219,-116.03103321138256,84.54912472461622,3.3138775024397686,-183.29375666290977,34.29052488497909,63.775629843622816,-128.04415396944685,39.11881461046732,131.56243758447394
1.73,-124.96718639461233,75.62844606388008,160.5349771911305,-116.2184183698357,84.59119245900169,3.2447908567160506,-182.1148135302724,34.759117640886224,65.16818676402326,-128.18523724073904,39.1219529535881,131.77592042287205
1.74,-124.99611218898006,75.50506388348535,160.11347338732324,-116.12645991102922,85.09555705933242,3.5504862378769566,-181.7314537042849,34.85416874913146,66.73659671548351,-128.38855985054374,39.040795721048354,131.745636834958
1.75,-125.06224765284372,75.5635250100528,159.60558254813813,-115.84324559359924,84.94781409891941,3.5925174203748678,-181.08586527859825,35.13008024707831,68.72506736760475,-129.17039034198805,39.16327098606678,132.1459489356697
1.76,-125.0193648056204,75.57687981038741,159.22016494559892,-115.845987030354,85.19612538011634,3.7526045534574872,-180.23211921477863,35.239208474240435,70.67516117144976,-129.72415198043134,39.12665676545419,132.16737597298396
1.77,-124.94168572124634,75.8334390763564,158.73612168795404,-115.55765852766136,84.95235381239068,4.05989114213546,-179.08707398605986,35.88199007288766,72.25430196419333,-129.55737322594925,38.97816473569126,132.518133711292
1.78,-124.6589297157216,76.04016915598669,157.8793775483861,-115.68926023507998,85.33655860944545,3.950596251734983,-178.48968343778498,36.374921366020914,73.99993595856033,-129.20123864046084,39.68261354351982,132.47024942483142
1.79,-124.76959114717948,76.31526086147623,157.36134738674423,-115.38840536521384,85.10307772406681,3.931335347140814,-178.00180052019132,36.85161949304221,75.69984280615881,-128.3599176646118,40.0413672173669,132.65566109764274
1.8,-124.1787354276636,76.4641807110147,157.49351207997546,-115.35119372366856,85.26817684673787,4.13078682385062,-176.61495991690967,37.7824102849448,77.0177309353589,-128.09243788194863,40.82707794760011,132.60308810309397
1.81,-123.67549726217467,76.60718959633012,157.9938099278544,-114.95497368422582,84.97000964681314,4.14379398427711,-174.70949967163293,39.237861170444624,78.17545090777905,-128.06548389225233,41.51468174444474,132.76619987266838
1.82,-123.21165167399478,76.3483144479974,158.46117914558482,-114.77448647119829,85.30652098146662,4.11324343901687,-172.83815367979622,40.17450254045042,79.41564464442074,-127.8520220242912,41.24031686062442,132.50426617390414
1.83,-122.72165531757216,76.51563459163397,159.10963601529969,-114.86049110777262,85.09847906459522,3.965477696576809,-172.11299418780638,40.67661815188775,80.70137618783593,-127.65563411573444,41.24738813811249,132.40910374208036
1.84,-122.3865967910473,76.31951634253114,159.53654109981517,-114.5265728226367,84.9329883928826,4.116951725358764,-171.41709331758335,40.92041472105432,82.0026015803281,-127.8988337032188,42.009124233542295,132.16398479205066
1.85,-122.08554855121024,76.33292470391025,160.04480035734068,-114.58342522667036,84.67372940370359,4.212548094442634,-170.64931859069983,40.77741926235201,83.18371149123966,-128.1968469731834,41.69202404245684,132.04189132929946
1.86,-121.80696649866962,76.11486572075535,160.54806166700251,-114.36024547609372,84.77623186494893,4.074264020490872,-169.60299603033994,40.91226525478357,84.29118641820462,-128.6149765580656,41.90390916187163,131.8217830037614
1.87,-121.50579377533508,75.80044411102617,161.30508914634672,-113.86783647840872,84.5861808819781,4.372031732007543,-168.8878158016903,41.140005496719766,85.44150861822828,-128.7701337829725,41.66501635524476,131.29482992004566
1.88,-120.86174155455303,75.62923212305776,162.2679964519319,-113.21494637818355,83.99655546352653,4.215268845224308,-167.1425587867599,41.482866537049865,87.3858782463084,-129.5657486981091,42.01048820676708,130.45170764678798
1.89,-120.2575337136308,75.60806832828337,163.13847466289465,-113.0568175063871,84.21635568052803,4.317435522729041,-166.2812549850972,41.75560930948803,88.12216218176555,-130.40938085762227,41.71363724491829,130.29064499868753
1.9,-120.08849945100792,75.60754868420631,163.72468784724092,-112.6988141130602,84.05261777858837,4.256698406538532,-166.12304398995195,41.85315236638343,89.01917443748803,-130.5984772092129,41.39498551419342,130.18392333919425
1.91,-119.45880438248706,75.39464323868098,164.22391476754757,-112.06606910343665,83.37766057528516,4.293627648466599,-165.69905833920845,41.47240103255744,89.7061379557178,-130.4180536900999,41.229268707501134,129.8576126157601
1.92,-119.07309649365008,75.03573780458056,165.24103314348795,-111.46657325988494,82.86436871127759,4.306454033853027,-165.25197070554844,41.36199321435462,89.19209175198431,-130.8682201360793,40.90234539223541,130.17739230613307
1.93,-118.61315441166292,74.90139784866027,165.98494506911285,-111.09450789706878,82.92810369295097,4.058736111670405,-164.61832981634814,41.68947310773629,88.94695730044333,-132.30327761641308,40.39002139603763,129.78207938376252
1.94,-118.23706671083843,74.53146397888888,167.00794540791162,-111.11271397567964,83.04759801488692,4.488465028252594,-162.79268774381947,42.64578600787637,88.61052010065701,-133.00275390273188,39.69285461132351,129.4347564467325
1.95,-117.56750063602782,74.58594961478737,167.3825388985443,-110.74502493598202,82.2381407030167,6.991245268345753,-161.8171420287875,43.01640025031016,88.57125106372207,-132.50263933162148,39.917494720887206,129.19440276749498
1.96,-116.92038748692325,74.19980749400919,168.1588005361963,-110.62948845084529,82.14586583456017,7.468069317264327,-161.82280052209197,42.81602382482978,88.91096766781408,-131.35995262131726,40.43308795061905,129.4478083704877
1.97,-116.57151876300976,74.16295676120343,168.63736998267063,-110.35132569388514,81.97590609152286,6.365140908766915,-161.60688635806335,42.927888847033074,89.11703341113824,-131.5338976446876,41.10182588234923,129.2604299557882
1.98,-115.82830522844608,73.95315221788465,169.5261906995509,-110.07855036923851,81.90175029167794,5.140248066329586,-160.68585503459366,43.58358926855409,89.28206216637498,-131.68005158358775,41.05408147380088,128.80701405474565
1.99,-115.501826982255,73.576128641452,169.8930784436699,-110.07603473770564,81.68505634703448,6.048773478179925,-159.91816945465243,44.11413336065859,89.60580207250571,-131.53225751508515,41.03027682570583,128.61604330649465
2.0,-114.93055236349868,73.3349546302656,170.59296917010562,-109.6805071539562,81.38697620706759,6.924625321580172,-159.08408084387264,44.20280351508957,89.97181625603386,-131.38079744197174,41.05854329895288,128.71729179976973
2.01,-114.62189948139785,73.23391971545811,171.10666768565846,-109.41678009509336,81.18325152292087,6.697817559990562,-159.4168637932384,43.99709690710095,90.25331485291458,-130.8864410989284,41.395927078800696,128.9536330252935
2.02,-114.03380713248016,73.11533912911547,171.62939973609812,-109.55735575614176,81.03637737846284,6.254749779086285,-159.49565575021376,43.78371978711194,90.45248066496406,-131.25053519754542,41.10559331460116,129.22854711194165
2.03,-113.7473241882724,72.94639771433403,172.01933000828538,-109.59495996840188,81.12190294700602,6.333211439980083,-159.46946755754377,44.154358458684,90.45611867079828,-131.61183460778057,40.7550331670706,129.13572068152408
2.04,-113.94845964506732,72.928893743167,172.03118861625163,-109.39685401387491,80.96225297930306,7.971473217550945,-159.3479415193686,43.81364169966045,90.7986966566948,-131.2450609053884,40.89547933729396,129.27698605945815
2.05,-113.48425023716126,72.29252472054513,172.66247715249258,-109.2542091250648,80.67485774644321,9.53157533289062,-159.2076135607149,44.18034573374644,91.67037252033673,-128.70571280228117,42.1869171334469,130.22465210469105
2.06,-113.48124824058766,71.87801534411052,172.83609385712614,-109.85620603737762,80.57799824324961,9.940972513653415,-158.73861381637172,44.22132253207823,92.42821741678908,-128.1099986323505,42.94243978184049,130.94263690555422
2.07,-113.4576178940692,71.92433786889931,173.1405588238972,-109.65385849382366,80.39011604628884,11.45304036272647,-158.07710275820915,44.99106098382556,92.54836664719616,-128.54699390483097,42.7514511412929,130.61471655754784
2.08,-113.32452526208324,72.05802891572141,173.40605832731362,-109.5933406714564,80.1441506386468,11.857932859505912,-157.13751049201514,45.7335059119092,93.03356979797066,-128.89090501914183,42.83532881694648,130.540830768843
2.09,-113.0690679338756,72.21146171701903,173.3394044742204,-109.41224588374298,80.23581312725956,12.540825512687125,-156.2917372413613,46.19882328922319,93.3093143835618,-129.09504156872805,42.244398364815,130.2617478229963
2.1,-113.28306949330516,71.93886531038338,173.83109428980524,-109.2536092733844,79.92692170846415,13.538756580659694,-156.07179791262294,46.05252249813412,93.87952991609473,-129.24179133320422,42.57830121931961,129.9616054588427
2.11,-113.42682293210702,71.65779621698194,173.99005487171763,-109.20718146441855,79.71488078380807,13.774942640296263,-155.83913943237,46.18447014748472,93.85335403040224,-129.84076345812537,42.713460443861344,129.6020355098006
2.12,-113.26508424108248,71.74770519466556,174.028837959868,-108.97110700795068,79.69598313186981,14.05835627090071,-155.34197955997476,45.97551811408376,94.23414935696896,-130.3068286518613,42.97056776801337,128.99347565586626
2.13,-113.3632833218544,71.61740020178823,173.93259248528062,-108.72911136579116,79.87010601886807,14.525287572577678,-155.433345348202,45.95621571128317,94.50684223880342,-130.87255277716895,42.78352855654186,128.48662536955902
2.14,-113.08999441919607,71.50663045951198,173.90310020383475,-108.79590250253776,79.42773616229357,14.58829631886212,-155.1747478762399,45.92442648237335,94.99751948235962,-131.26384650268264,42.63098539355856,128.42698969013486
2.15,-113.26558621674027,71.41606349114326,173.83758253013846,-108.53118697194948,79.30083667187947,14.623018614846854,-155.02610020994672,46.121154375597165,95.39882019397906,-131.3675752903058,42.877199404106975,128.54681338724717
2.16,-112.6978184374434,71.36145454739744,174.21363668869486,-108.20870638617154,79.06791219063342,14.75480479676266,-154.8685702022334,46.450383463543645,95.3603442853097,-132.00663466660205,42.784357763303824,128.10751891485052
2.17,-112.1912105905463,71.20833207931248,174.53771678246048,-108.14905816294171,79.06539654119808,15.45793071315417,-154.49152118670114,46.05471502625276,95.3395608960356,-133.05625694368743,42.53391907485804,127.52833526368887
2.18,-111.9448149390901,71.2719599716228,174.97229100399895,-107.96611991220996,78.745712414545,15.36039413386529,-155.1215161636324,45.56845108708588,95.70072567401913,-133.9468947666715,41.67299889950669,127.22826344609813
2.19,-111.59342601990798,70.99730390119485,174.97884771656828,-108.2697949891266,78.61242007366991,15.738047174118488,-155.362087657928,44.869130795046814,96.19999338355994,-133.9374303725308,41.67065475363009,127.40421012539304
2.2,-111.45708129755278,71.13829643013086,175.0849212919452,-108.21691884082708,78.3349114628864,15.21337310897244,-155.37692536217455,44.79822974094464,96.46592462988076,-133.65682563160004,42.07243067635341,127.46062128454228
2.21,-111.30202149641372,70.76290532104993,175.16413227541844,-108.30878834963512,78.38351115419232,15.206465249117093,-155.0558245580772,45.26825792759726,96.57766640096628,-133.4418824399983,42.39897301323375,127.4596876825807
2.22,-111.20045542827673,70.73147311450217,175.63206201690534,-108.45062310980988,77.96530127699833,15.299687667096356,-153.83538685943518,46.0633904800684,96.7223941025986,-134.47708530677556,41.76203459447126,127.23587648717964
2.23,-111.40170268100889,70.83926784869189,175.78571800650926,-108.41440334374336,77.87706902977287,15.253585276438058,-154.20842480198553,45.65444289175503,96.51082397630522,-134.8307622606633,41.17950043071121,127.34278270093913
2.24,-111.25537763664413,70.58367448522168,175.8447102938781,-108.4569094402663,78.15841191191492,15.393903483280644,-154.98420366177658,45.14481394347376,96.62965674925331,-134.97691889462445,40.80933582007893,127.4116812729877
2.25,-111.51284201582013,70.28935974070674,175.7356768351986,-108.69072641210022,78.09156188945084,15.247554848422723,-156.03929685528735,44.50988071218641,96.70326019563744,-135.36451563937453,40.62930004198483,127.47004462984376
2.26,-111.5349351513121,70.29003865754453,175.72658896907487,-108.59011563015945,77.83344721386284,15.083263338860894,-155.95857343916236,44.70603980005376,96.63800301925168,-135.56970974807015,40.1813836396452,127.37040941067178
2.27,-111.5215397646937,70.22990801362698,175.5033029686362,-108.68612398181573,78.019382755575,14.665703417253711,-155.6715289857291,44.59216359172311,96.33963140465228,-135.39706038874527,39.95267975545446,127.8138034343158
2.28,-111.59823267563668,70.31765226115732,175.48794515690133,-108.56446435715428,77.77557401299156,14.61314820583884,-155.64448621512707,45.09262354420812,96.37402135188084,-134.7079411008717,40.07415584425641,127.92742306007348
2.29,-111.33630820674756,70.34548405524015,175.67321016669598,-108.85627716368737,77.92082753560251,14.582846228903408,-156.19884535566385,44.67820319338114,95.79650269560756,-134.41500269090227,40.25779004361107,128.14407292100066
2.3,-111.61147403298706,70.43120047149876,175.84532194402803,-108.9378903125336,77.98846508375466,14.043365222497656,-156.6969807318791,44.624770547869616,96.05585992306726,-135.19968559552262,40.09920366379428,128.2515209181667
2.31,-111.64085411000868,70.34644745930105,175.51639294720823,-108.89235597761083,78.21199791719319,13.591322014265316,-157.04225033508223,44.17501435576136,95.85822921653764,-135.55301041957142,39.45141749522882,128.35865861584065
2.32,-111.88454097879014,70.34866107453597,175.47729916873303,-108.87863231040087,77.9896920603056,13.521676905864071,-157.4079588425728,44.09946027345176,95.80134749166636,-135.95272231950264,39.03693615127698,128.3807678999539
2.33,-111.95958821335714,70.32213562812092,175.49110129927843,-108.98487857600485,77.93447070523159,12.878621435153594,-157.7221502980229,43.79202035557207,95.43354432100485,-135.8453798754538,38.56531287253366,128.71124672957822
2.34,-112.0782422111557,70.4380481043295,175.6616376368003,-109.2918826391766,78.34060713999358,12.164019162826124,-157.87714261059716,43.70755460337372,95.30031696844324,-135.36129426056343,38.579452136669865,128.86428055934826
2.35,-112.15775098275812,70.42576385230065,175.37733941015455,-109.21672864161222,78.51295938124136,12.158516371227565,-157.7844982570008,43.89014332856781,95.21051685458455,-134.85854675904022,38.49355140077203,129.2396225929144
2.36,-112.2122859016856,70.28197493566518,175.2128084692284,-109.30609675204045,78.3521545504047,12.11960423357396,-157.6943570826103,43.995952241500746,95.16992333905937,-135.42850875187398,38.45309103984452,129.22027094777096
2.37,-112.53105296513176,70.4219750707014,175.2588409194655,-109.30320765959654,78.18716878967507,11.986724304885024,-157.75523355929647,44.21162778303872,94.89454646600436,-136.07106232879735,37.78126126937104,129.0906332171673
2.38,-112.57559179702704,70.33803677077096,175.2230273460499,-109.05279876243846,78.4018684535901,11.813628939375285,-158.09586214335798,43.70413725078692,94.73289205750424,-136.44066255458117,37.510257603192834,129.09776253009096
2.39,-112.82140224467724,70.34729960126724,175.1544572150283,-108.94434160555332,78.39102777279233,11.958071985135325,-159.33177240457545,42.95474665321351,94.49274274278984,-136.21610295576113,37.09721170204766,129.47567091518164
2.4,-112.8203961494731,70.43703113274651,174.87173060746943,-108.8997748368574,78.01768760376228,11.848277673389251,-159.71861700909355,42.84458776169375,94.54755375469117,-135.7852142113187,37.30370719664688,129.7410248105235
2.41,-112.48823874768436,70.37643209541318,175.05339684532092,-108.8266484000451,78.22831409418139,11.377545294168751,-159.54366873530128,43.25171595636545,94.17411937112716,-136.1827251938529,37.161749388168765,129.87180183495587
2.42,-112.58251875652316,70.24837425728522,174.94587578032005,-108.7081646300901,78.30757397593307,11.207837949753817,-159.45232986244164,43.113765018994265,94.21056032817845,-136.24671265487893,37.13154490476067,130.0610209802857
2.43,-112.61151355286113,70.34353307952426,174.8682267052228,-108.6759314532847,78.14806377553283,11.133665552886104,-159.57902278843915,43.06709959120716,94.21150592525242,-136.2651108193212,36.80524157793752,130.05297129636335
2.44,-112.64458049243508,70.40369295497024,175.1205142355367,-108.46066470827202,77.93067534634918,11.02481587733438,-159.9419659695348,42.820343237665845,94.36373936942572,-136.57557968504173,36.76283493871807,130.30130849641745
2.45,-112.53993773233528,70.26288496596361,174.99528030641747,-108.47241933384392,78.09417525969535,11.013035794408204,-160.24065896859676,42.67527320119667,94.3033590644893,-136.44369454898612,36.45478302052804,130.58675915615413
2.46,-112.46535779528692,70.3395022534094,175.26605019837712,-108.6080087475188,78.18886757953194,11.044344040594028,-160.3848279155757,42.55499576670151,94.18194977094558,-136.79972894118683,36.48009865270842,130.58371248071757
2.47,-112.49609623983577,70.49374205127127,175.27776521037143,-108.70418446779172,78.12947183075845,10.628166394608172,-160.62911823146575,42.130487040732106,94.62400656307751,-137.16786852565068,35.969790888453055,130.51952635309976
2.48,-112.46193480515832,70.27878410688223,174.78418693291252,-108.61824849930986,78.282083048065,10.565059940042808,-160.9698142805285,41.8204220806897,94.39067469088468,-137.59069850088912,35.75761747180776,130.56276360980203
2.49,-112.45858691948372,70.25891729912622,174.77410847874148,-108.69843416723089,78.37577660653966,10.32462860873111,-161.2183444486258,41.505176983693424,94.3087004847997,-137.33753261441694,35.42696362863938,130.816909406519
2.5,-112.60134428245138,70.6520989666402,175.04210057166043,-108.58371393578614,78.28271347994676,10.247845540910737,-161.43562925125823,41.33863460811392,94.47783535002291,-137.16787063265662,35.62467292758392,130.82610736666678
2.51,-112.59858990715978,70.7009910898002,174.84668744043904,-108.52668639354238,78.54880491013077,9.88703859254367,-161.80934925348691,41.39495998518148,94.15705578484985,-137.30444039844318,35.55058492787247,131.25663501311544
2.52,-112.55737621098493,70.817322368794,174.731254427682,-108.63039436417806,78.33724349609741,9.791394066890902,-161.6128965660829,41.3700024300298,94.02730106687558,-137.42705034836737,35.40258780798251,131.27388700804445
2.53,-112.43539483053426,70.735901299558,174.61626334833136,-108.46863366021498,78.41999590239988,9.559832726053948,-161.76581820448922,41.08135624175413,93.8146895451656,-137.78034973890792,34.91953655669464,131.38157293585354
2.54,-112.551019519944,71.06314806547434,174.71072749883822,-108.57807347153005,78.31159224043276,9.330118974498838,-161.94587240148056,40.93120411518517,93.6521690035466,-137.62459713745818,34.912818263691655,131.52449989613578
2.55,-112.64169662624394,70.86588751145334,174.764525952455,-108.83742912441298,78.64033998395814,9.186449600167354,-162.58007490546018,40.52397453870774,93.62536151280196,-137.0621049882622,35.04996107742853,131.87078465878358
2.56,-112.52609595101734,71.10503665125611,174.41595667691794,-108.78608125538648,78.74019815884961,8.711915145734059,-162.97446158999765,39.96980676737521,93.79870305758838,-135.86793856212844,35.21329750658509,132.87620591844305
2.57,-112.6975762404366,71.05329262087234,174.740030195529,-108.88511569113624,78.61018937845309,8.87358109281312,-162.99565039684958,40.02313766349779,93.37895612482104,-136.14336692742472,35.124420341659174,132.84374511264366
2.58,-112.538576566247,70.88360425239861,174.42624300589924,-109.05096825751548,78.80222987277467,8.535133412575087,-163.0934171481596,39.90475344464208,93.2742706659305,-136.57725763327542,34.7375258132544,132.97288472988438
2.59,-112.7676849771312,71.19152421581019,174.46242742196682,-109.26621188379436,78.63195313087657,8.512727022538623,-163.08346477876765,39.85549856388422,93.22724505195558,-135.7554431861294,34.3927863557764,133.2300075102713
2.6,-112.7147694687796,71.12752039852009,174.49923043911244,-109.23838643891982,78.63841761607286,8.434576484217272,-163.60517952231345,39.6987455042584,92.92571614201078,-134.86956752870498,35.2552999725359,133.6462360263824
2.61,-112.96156677416197,70.99403353418788,174.42652160443572,-109.31438153272082,78.68156140932872,8.366225589792743,-163.78198629528518,39.45806115979412,92.90394457043476,-134.87176343680747,35.32528977459817,133.77388164285082
2.62,-112.95114410149448,71.16164708797683,174.55629407958676,-109.53498627964348,78.79725737039281,8.269147924263079,-163.78919613996013,39.57596031012356,92.6580177665482,-134.8773268446226,35.26876109538246,133.6791122926424
2.63,-113.09740282323294,71.19372288478246,174.3233101061475,-109.47121594419832,78.93688800512192,8.20231544878672,-163.5606214723921,39.39808230305838,92.61506137789068,-135.74064730037904,35.0894030333881,133.5502007077619
2.64,-112.87799174058844,71.30361310972987,174.18914385077431,-109.44586910369333,78.87477400979552,8.444391614193568,-164.03139283876615,39.07172314275989,92.78562566781096,-136.1272963930214,34.53693178543028,133.81699028875454
2.65,-113.21725491208052,71.08412466941378,174.29947853237724,-109.2595301943294,78.77399262573716,8.583796329545935,-164.09664756107586,39.074617823578286,92.99203354775982,-135.97309276427106,34.73151930963789,133.59753149076815
2.66,-113.22346829267218,71.20238070540776,174.33646471350735,-109.3189487774586,78.6322549107339,8.69462918010809,-164.2555977006925,38.78419205001866,92.787308742276,-136.24020984616072,34.655474293853345,133.93422484957483
2.67,-113.1603274119207,71.2218540544481,174.3312507592486,-109.3925800994366,78.57521443629594,8.611115883138002,-164.4337969395387,38.66924540327897,92.93600218639772,-136.68174742826469,34.409840304502765,133.5855286317683
2.68,-113.27182764459452,71.11058421138,174.1771738578743,-109.429179445349,78.55411286051391,8.567931024145661,-164.46190469915527,38.44613670894034,92.89751176040708,-137.15022767081388,34.3402736805821,133.49958197446844
2.69,-113.16492389494375,71.39701976869463,174.12494599472782,-109.05476008322748,78.64179463989265,8.415526406502785,-164.83460941784736,38.0403205962085,92.9543080716376,-137.71732665085386,34.00751198751728,133.50705732502274
2.7,-113.18615473988125,71.29674535834235,174.06977468421206,-109.00269363176513,78.7691261634745,8.53591400958206,-165.19423032461742,37.69378149714587,93.13118325807436,-138.04189904654478,33.953970567121644,133.40686036755488
2.71,-113.10107754275404,71.34748157225931,174.20720761265218,-109.06760499802,78.56755939063726,8.41152590765061,-165.4224089959029,37.61847878990912,93.24555025813105,-137.81728973881124,34.01368583827963,133.62876963525505
2.72,-113.08288418698946,71.16882670552481,174.3918307449534,-109.12180560342294,78.61217134492549,8.668860897662181,-165.55124732234154,37.270970845078914,93.08865181116845,-138.12183463415855,33.95473483487323,133.71783050219767
2.73,-112.67558186383113,71.50782499840166,174.29107575801694,-108.75087994423724,78.45622874696645,8.591817993796017,-165.95480265079567,36.88256527195151,93.0967463843942,-138.48913203434805,33.906557492022635,133.64370452061212
2.74,-112.93918311078184,71.31900675643216,174.42217648859508,-108.87968948193098,78.41346012936606,8.834446504816377,-166.14279973560872,36.58853295204794,93.24203717750623,-138.99192945605287,33.71530515355995,133.56982915073067
2.75,-112.70212306705538,71.62141534341605,174.4175284902503,-108.86199139710126,78.21447716969153,8.579021283946034,-166.45366091878375,36.24783131061467,93.07732427935844,-138.6839350936008,33.630157030036685,133.57435421610222
2.76,-112.63205634959868,71.51059803286273,174.58864319967594,-108.95727311417846,78.3157719681023,8.76104849314559,-166.34481670894078,36.32652292566106,93.39346384058793,-138.40296451502948,33.73652083432503,133.47015356927434
