0.01,262.75,4.87,14.31,0.0,0.01,0.02,0.05,0.0,0.0,0.4171930009000631,0.6010407640085654,-0.0282842712474618,0.6010407640085654
0.02,262.88,4.87,14.38,0.0,0.0,0.02,0.06,0.11,0.01,0.4171930009000631,0.6010407640085654,-0.0282842712474618,0.6010407640085654
0.03,262.81,4.87,14.38,0.01,0.02,0.04,0.05,0.1,0.08,0.4171930009000631,0.6010407640085654,-0.0282842712474618,0.6010407640085654
0.04,262.81,4.87,14.31,0.0,0.03,0.04,0.02,0.18,0.09,0.4171930009000631,0.6010407640085654,-0.0282842712474618,0.6010407640085654
0.05,262.75,4.81,14.38,0.0,0.02,0.0,0.08,0.08,0.06,0.4171930009000631,0.6010407640085654,-0.0282842712474618,0.6010407640085654
0.06,262.81,4.81,14.38,0.0,0.01,0.03,0.04,0.02,0.02,0.4171930009000631,0.6010407640085654,-0.0282842712474618,0.6010407640085654
0.07,262.81,4.75,14.38,0.0,0.02,0.01,0.04,0.02,0.04,0.4171930009000631,0.6010407640085654,-0.0282842712474618,0.6010407640085654
0.08,262.935,4.75,14.38,0.0,0.015,0.015,0.03,0.015,0.035,0.44040889331806843,0.634487388678573,-0.029858230055462155,0.634487388678573
0.09,263.06,4.75,14.38,0.0,0.01,0.02,0.02,0.01,0.03,0.4171930009000631,0.6010407640085654,-0.0282842712474618,0.6010407640085654
0.1,263.06,4.75,14.38,0.0,0.01,0.01,0.01,0.02,0.03,0.4171930009000631,0.6010407640085654,-0.0282842712474618,0.6010407640085654
0.11,263.06,4.75,14.38,0.01,0.01,0.02,0.03,0.07,0.07,0.4171930009000631,0.6010407640085654,-0.0282842712474618,0.6010407640085654
0.12,263.19,4.69,14.38,0.02,0.02,0.01,0.07,0.17,0.08,0.4171930009000631,0.6010407640085654,-0.0282842712474618,0.6010407640085654
0.13,263.19,4.69,14.38,0.01,0.0,0.04,0.07,0.03,0.0,0.4171930009000631,0.6010407640085654,-0.0282842712474618,0.6010407640085654
0.14,263.37,4.69,14.38,0.01,0.01,0.03,0.03,0.03,0.04,0.4171930009000631,0.6010407640085654,-0.0282842712474618,0.6010407640085654
0.15,263.44,4.69,14.31,0.01,0.01,0.01,0.02,0.05,0.09,0.4171930009000631,0.6010407640085654,-0.0282842712474618,0.6010407640085654
0.16,263.44,4.69,14.31,0.02,0.01,0.02,0.05,0.14,0.14,0.4171930009000631,0.6010407640085654,-0.0282842712474618,0.6010407640085654
0.17,263.47,4.69,14.31,0.015,0.005,0.02,0.030000000000000002,0.095,0.085,0.44040889331806843,0.634487388678573,-0.029858230055462155,0.634487388678573
0.18,263.5,4.69,14.31,0.01,0.0,0.02,0.01,0.05,0.03,0.4171930009000631,0.6010407640085654,-0.0282842712474618,0.6010407640085654
0.19,263.69,4.69,14.31,0.01,0.01,0.0,0.0,0.08,0.06,0.4171930009000631,0.6010407640085654,-0.0282842712474618,0.6010407640085654
0.2,263.69,4.69,14.280000000000001,0.015,0.015,0.01,0.01,0.07,0.04,0.4433575217795301,0.6333678882564715,-0.033531241142989575,0.6333678882564715
0.21,263.69,4.69,14.25,0.02,0.02,0.02,0.02,0.06,0.02,0.4242640687119285,0.6010407640085654,-0.0353553390593273,0.6010407640085654
0.22,263.69,4.69,14.25,0.02,0.01,0.03,0.01,0.15,0.08,0.4242640687119285,0.6010407640085654,-0.0353553390593273,0.6010407640085654
0.23,263.69,4.75,14.25,0.01,0.01,0.03,0.07,0.14,0.05,0.4242640687119285,0.6010407640085654,-0.0353553390593273,0.6010407640085654
0.24,263.62,4.75,14.25,0.01,0.02,0.03,0.07,0.04,0.04,0.4242640687119285,0.6010407640085654,-0.0353553390593273,0.6010407640085654
0.25,263.5,4.81,14.25,0.03,0.01,0.21,0.07,0.05,0.21,0.4242640687119285,0.6010407640085654,-0.0353553390593273,0.6010407640085654
0.26,263.25,4.87,14.25,0.05,0.02,0.28,0.11,0.34,0.27,0.4242640687119285,0.6010407640085654,-0.0353553390593273,0.6010407640085654
0.27,262.88,5.0,14.31,0.06,0.05,0.34,0.2,0.44,0.23,0.4242640687119285,0.6081118318204309,-0.0424264068711928,0.6081118318204309
0.28,262.565,5.125,14.280000000000001,0.05,0.030000000000000002,0.30000000000000004,0.29000000000000004,0.39,0.26,0.43697170549382447,0.6352613869784172,-0.04406437366324275,0.6352613869784172
0.29,262.25,5.25,14.25,0.04,0.01,0.26,0.38,0.34,0.29,0.417193000900063,0.6151828996322964,-0.0424264068711928,0.6151828996322964
0.3,261.94,5.19,14.25,0.08,0.0,0.29,0.44,0.24,0.61,0.417193000900063,0.6151828996322964,-0.0424264068711928,0.6151828996322964
0.31,261.56,5.37,14.13,0.1,0.04,0.4,0.45,0.19,0.56,0.417193000900063,0.6151828996322964,-0.0424264068711928,0.6151828996322964
0.32,261.0,5.5,13.94,0.1,0.04,0.55,0.49,0.18,0.8,0.4101219330881976,0.6151828996322964,-0.0424264068711928,0.6151828996322964
0.33,260.31,5.75,13.75,0.1,0.05,0.68,0.52,0.32,0.91,0.4101219330881976,0.622253967444162,-0.0424264068711928,0.622253967444162
0.34,259.56,6.0,13.56,0.09,0.04,0.75,0.51,0.27,0.89,0.4030508652763321,0.622253967444162,-0.0424264068711928,0.622253967444162
0.35,258.75,6.19,13.44,0.1,0.05,0.79,0.54,0.2,0.77,0.4030508652763321,0.6293250352560273,-0.0424264068711928,0.6293250352560273
0.36,257.87,6.31,13.38,0.09,0.07,0.82,0.59,0.25,0.79,0.3959797974644666,0.6293250352560273,-0.0424264068711928,0.6293250352560273
0.37,256.94,6.5,13.31,0.1,0.06,0.83,0.55,0.29,0.97,0.4030508652763321,0.6363961030678928,-0.0494974746830583,0.6363961030678928
0.38,256.0,6.75,13.06,0.14,0.07,0.94,0.77,0.05,0.72,0.3959797974644666,0.6363961030678928,-0.0494974746830583,0.6363961030678928
0.39,254.94,7.0,12.81,0.15,0.02,0.91,0.93,0.35,0.82,0.3889087296526011,0.6434671708797584,-0.0494974746830583,0.6434671708797584
0.4,254.44,7.06,12.69,0.08,0.05,0.89,0.78,0.28,0.92,0.3889087296526011,0.6434671708797584,-0.0494974746830583,0.6434671708797584
0.41,253.5,7.25,12.5,0.14,0.03,0.74,0.95,0.05,0.8,0.3818376618407357,0.6505382386916239,-0.0494974746830583,0.6505382386916239
0.42,252.69,7.37,12.25,0.13,0.05,0.73,1.09,0.18,0.83,0.3818376618407357,0.6505382386916239,-0.0494974746830583,0.6505382386916239
0.43,251.88,7.5,12.0,0.12,0.03,0.74,1.14,0.15,0.69,0.3747665940288702,0.6434671708797584,-0.0424264068711928,0.6434671708797584
0.44,251.06,7.62,11.75,0.13,0.01,0.74,1.09,0.08,0.75,0.3818376618407356,0.6505382386916237,-0.0494974746830583,0.6505382386916237
0.45,250.44,7.56,11.5,0.13,0.03,0.68,0.77,0.24,1.26,0.3747665940288702,0.6505382386916237,-0.0494974746830583,0.6505382386916237
0.46,249.81,7.5,11.25,0.17,0.09,0.6,0.91,0.01,0.75,0.3747665940288702,0.6505382386916237,-0.0494974746830583,0.6505382386916237
0.47,249.19,7.56,11.06,0.15,0.06,0.49,0.78,0.35,0.83,0.3676955262170047,0.6576093065034893,-0.0494974746830583,0.6576093065034893
0.48,248.69,7.56,10.81,0.14,0.14,0.51,0.74,0.3,0.92,0.3676955262170047,0.6576093065034893,-0.0494974746830583,0.6576093065034893
0.49,248.06,7.5,10.56,0.12,0.17,0.54,0.63,0.17,0.8,0.3676955262170047,0.6576093065034893,-0.0494974746830583,0.6576093065034893
0.5,247.44,7.37,10.38,0.09,0.15,0.5,0.77,0.16,0.3,0.3606244584051393,0.6576093065034891,-0.0424264068711928,0.6576093065034891
0.51,246.94,7.31,10.25,0.07,0.16,0.41,0.5,0.03,0.06,0.3606244584051393,0.6576093065034891,-0.0424264068711928,0.6576093065034891
0.52,246.75,7.31,10.19,0.02,0.11,0.39,0.52,0.16,0.48,0.3606244584051393,0.6576093065034891,-0.0424264068711928,0.6576093065034891
0.53,246.31,7.25,10.13,0.01,0.1,0.4,0.35,0.12,0.59,0.3535533905932738,0.6576093065034891,-0.0424264068711928,0.6576093065034891
0.54,245.88,7.19,10.06,0.02,0.16,0.28,0.09,0.06,0.54,0.3535533905932738,0.6576093065034891,-0.0424264068711928,0.6576093065034891
0.55,245.63,7.06,10.0,0.03,0.18,0.15,0.03,0.12,0.7,0.3535533905932738,0.6646803743153546,-0.0424264068711928,0.6646803743153546
0.56,245.44,6.87,9.94,0.06,0.19,0.03,0.03,0.09,0.46,0.3535533905932738,0.6646803743153546,-0.0424264068711928,0.6646803743153546
0.57,245.44,6.69,9.88,0.06,0.18,0.0,0.12,0.27,0.17,0.3535533905932738,0.6646803743153546,-0.0424264068711928,0.6646803743153546
0.58,245.375,6.470000000000001,9.815000000000001,0.055,0.2,0.04,0.14,0.14500000000000002,0.14500000000000002,0.35342308984866405,0.6609011780170017,-0.038876539883352976,0.6609011780170017
0.59,245.31,6.25,9.75,0.05,0.22,0.08,0.16,0.02,0.12,0.3535533905932738,0.6576093065034891,-0.0353553390593273,0.6576093065034891
0.6,245.25,6.0,9.69,0.05,0.22,0.1,0.14,0.24,0.17,0.3535533905932738,0.6576093065034891,-0.0353553390593273,0.6576093065034891
0.61,245.095,5.779999999999999,9.594999999999999,0.04,0.215,0.135,0.195,0.14,0.265,0.35201905300362574,0.6613691298855998,-0.035557480101376264,0.6613691298855998
0.62,244.94,5.56,9.5,0.03,0.21,0.17,0.25,0.04,0.36,0.3464823227814083,0.6576093065034891,-0.0353553390593273,0.6576093065034891
0.63,244.69,5.37,9.44,0.01,0.19,0.2,0.21,0.02,1.01,0.3464823227814083,0.6505382386916237,-0.0282842712474619,0.6505382386916237
0.64,244.44,5.25,9.44,0.01,0.15,0.21,0.13,0.08,0.98,0.3464823227814083,0.6505382386916237,-0.0282842712474619,0.6505382386916237
0.65,244.25,5.12,9.44,0.02,0.12,0.17,0.34,0.27,0.71,0.3394112549695429,0.6505382386916237,-0.0212132034355964,0.6505382386916237
0.66,244.0,5.06,9.44,0.06,0.12,0.26,0.35,0.06,0.48,0.3394112549695429,0.6505382386916237,-0.0212132034355964,0.6505382386916237
0.67,243.69,4.94,9.5,0.06,0.12,0.3,0.51,0.0,0.64,0.3394112549695429,0.6576093065034893,-0.0212132034355964,0.6576093065034893
0.68,243.19,4.94,9.56,0.09,0.09,0.27,0.62,0.1,0.69,0.3323401871576774,0.6576093065034893,-0.0212132034355964,0.6576093065034893
0.69,242.815,4.905,9.625,0.11,0.11,0.26,0.61,0.12000000000000001,0.69,0.33643599407653835,0.6657137755131503,-0.02147463791977901,0.6657137755131503
0.7,242.44,4.87,9.69,0.13,0.13,0.25,0.6,0.14,0.69,0.3323401871576774,0.6576093065034893,-0.0212132034355964,0.6576093065034893
0.71,242.13,4.87,9.75,0.13,0.14,0.23,0.54,0.17,0.71,0.3252691193458119,0.6576093065034893,-0.0212132034355964,0.6576093065034893
0.72,241.88,4.81,9.81,0.11,0.18,0.21,0.53,0.01,0.46,0.3252691193458119,0.6576093065034893,-0.0212132034355964,0.6576093065034893
0.73,241.63,4.75,9.88,0.09,0.14,0.15,0.53,0.08,0.41,0.3252691193458119,0.6576093065034893,-0.0212132034355964,0.6576093065034893
0.74,241.56,4.75,9.94,0.09,0.11,0.07,0.61,0.41,0.33,0.3252691193458119,0.6646803743153548,-0.0212132034355964,0.6646803743153548
0.75,241.44,4.69,10.0,0.1,0.08,0.12,0.77,0.7,0.47,0.3252691193458119,0.6646803743153548,-0.0212132034355964,0.6646803743153548
0.76,241.12,4.62,10.06,0.12,0.08,0.22,0.72,0.39,0.5,0.3252691193458119,0.6646803743153548,-0.0212132034355964,0.6646803743153548
0.77,240.87,4.62,10.19,0.11,0.03,0.21,0.73,0.18,0.84,0.3111269837220809,0.6646803743153548,-0.0141421356237309,0.6646803743153548
0.78,240.56,4.62,10.31,0.11,0.01,0.14,1.14,0.53,1.22,0.3111269837220809,0.6646803743153548,-0.0141421356237309,0.6646803743153548
0.79,240.465,4.655,10.375,0.07,0.01,0.095,1.4849999999999999,0.41500000000000004,1.915,0.3141895485286711,0.6712231264021611,-0.014281343114939544,0.6712231264021611
0.8,240.37,4.69,10.44,0.03,0.01,0.05,1.83,0.3,2.61,0.3111269837220809,0.6646803743153548,-0.0141421356237309,0.6646803743153548
0.81,240.25,4.56,10.44,0.01,0.19,0.06,2.1,0.54,3.07,0.3111269837220809,0.6646803743153548,-0.0141421356237309,0.6646803743153548
0.82,240.375,4.215,10.41,0.03,0.31,0.125,2.13,0.53,3.04,0.3141895485286711,0.6712231264021611,-0.014281343114939544,0.6712231264021611
0.83,240.5,3.87,10.38,0.05,0.43,0.19,2.16,0.52,3.01,0.3111269837220809,0.6646803743153548,-0.0141421356237309,0.6646803743153548
0.84,240.62,3.37,10.31,0.01,0.53,0.17,2.08,0.4,3.15,0.3111269837220809,0.6576093065034893,-0.0070710678118654,0.6576093065034893
0.85,240.75,2.69,10.38,0.16,0.78,0.06,2.11,0.54,3.19,0.3040559159102154,0.6576093065034893,0.0,0.6576093065034893
0.86,240.56,1.75,10.56,0.22,1.05,0.04,2.06,0.18,2.86,0.3040559159102154,0.6505382386916237,0.0070710678118654,0.6505382386916237
0.87,240.37,0.56,10.81,0.24,1.23,0.06,1.15,0.63,2.78,0.2969848480983499,0.6434671708797584,0.0212132034355964,0.6434671708797584
0.88,240.19,0.75,11.06,0.24,1.34,0.02,0.8,0.58,2.99,0.2899137802864845,0.6363961030678928,0.0353553390593273,0.6363961030678928
0.89,240.12,2.44,11.31,0.24,1.67,0.22,0.19,0.35,2.55,0.282842712474619,0.6293250352560273,0.0494974746830583,0.6293250352560273
0.9,240.215,4.405,11.685,0.315,1.76,0.24,0.24,0.56,1.9849999999999999,0.29978942310426,0.6726044749134039,0.07302562870488381,0.6726044749134039
0.91,240.31,6.37,12.06,0.39,1.85,0.26,0.29,0.77,1.42,0.2687005768508881,0.6081118318204309,0.0848528137423857,0.6081118318204309
0.92,240.12,8.44,12.69,0.54,1.88,0.16,1.05,0.32,1.38,0.2616295090390226,0.6151828996322964,0.0848528137423857,0.6151828996322964
0.93,239.56,10.5,13.56,0.7,2.04,0.26,0.92,0.44,1.21,0.2404163056034261,0.6222539674441618,0.0919238815542511,0.6222539674441618
0.94,239.44,12.75,14.44,0.7,2.1,0.14,0.96,0.02,0.31,0.2333452377915606,0.6363961030678928,0.0848528137423857,0.6363961030678928
0.95,239.56,15.06,15.31,0.74,2.06,0.34,1.08,0.27,0.01,0.2192031021678297,0.6363961030678928,0.0919238815542511,0.6363961030678928
0.96,239.81,17.44,16.19,0.75,2.08,0.43,1.07,0.76,0.53,0.2121320343559642,0.6434671708797582,0.0919238815542512,0.6434671708797582
0.97,240.06,19.75,17.12,0.75,2.1,0.34,0.65,0.47,1.2,0.1979898987322333,0.6505382386916237,0.0919238815542511,0.6505382386916237
0.98,240.25,22.0,18.19,0.89,1.98,0.35,0.62,0.15,0.61,0.1838477631085023,0.6576093065034891,0.0989949493661166,0.6576093065034891
0.99,240.69,24.25,19.37,1.05,1.99,0.56,0.56,0.15,0.45,0.1767766952966368,0.6576093065034891,0.0989949493661166,0.6576093065034891
1.0,241.22,26.060000000000002,20.28,1.0550000000000002,2.0,0.675,0.31500000000000006,0.505,0.9000000000000001,0.17396910381455913,0.6921749449643101,0.1073426385238769,0.6921749449643101
1.01,241.75,27.87,21.19,1.06,2.01,0.79,0.07,0.86,1.35,0.1555634918610404,0.6646803743153548,0.1060660171779821,0.6646803743153548
1.02,242.56,30.31,22.44,1.16,2.0,0.81,0.09,1.07,1.76,0.1414213562373095,0.6717514421272202,0.1060660171779821,0.6717514421272202
1.03,243.59,33.155,24.095,1.145,1.915,0.7,0.08,1.04,1.6099999999999999,0.13484265880652,0.6960796711363603,0.11297628170276003,0.6960796711363603
1.04,244.62,36.0,25.75,1.13,1.83,0.59,0.07,1.01,1.46,0.120208152801713,0.6788225099390857,0.1131370849898476,0.6788225099390857
1.05,245.31,38.19,27.25,1.01,1.93,0.66,0.43,0.87,2.06,0.1060660171779821,0.6788225099390857,0.1202081528017131,0.6788225099390857
1.06,245.69,39.38,27.87,0.93,1.9,0.73,1.01,1.01,2.16,0.1060660171779821,0.6717514421272202,0.1202081528017131,0.6717514421272202
1.07,246.37,41.5,29.12,0.89,1.8,0.5,0.53,0.27,1.55,0.0919238815542511,0.6788225099390858,0.120208152801713,0.6788225099390858
1.08,246.87,43.5,30.62,0.87,1.81,0.51,0.79,0.37,1.59,0.0848528137423856,0.6788225099390857,0.1202081528017131,0.6788225099390857
1.09,247.5,45.63,31.94,0.66,1.77,0.7,0.43,0.71,2.17,0.0707106781186547,0.6788225099390857,0.1272792206135786,0.6788225099390857
1.1,247.875,47.535,33.285000000000004,0.605,1.76,0.5249999999999999,0.42,0.45999999999999996,1.55,0.0619460969098457,0.699626506275905,0.13117996992673214,0.699626506275905
1.11,248.25,49.44,34.63,0.55,1.75,0.35,0.41,0.21,0.93,0.0494974746830583,0.6788225099390857,0.1272792206135785,0.6788225099390857
1.12,248.38,51.13,36.31,0.57,1.68,0.2,0.0,0.06,0.38,0.0424264068711928,0.6858935777509511,0.1272792206135785,0.6858935777509511
1.13,248.41,52.72,38.375,0.565,1.705,0.12000000000000001,0.245,0.08,0.37,0.03250792602738822,0.7007264054792582,0.130031704109553,0.7007264054792582
1.14,248.44,54.31,40.44,0.56,1.73,0.04,0.49,0.1,0.36,0.0212132034355964,0.6858935777509512,0.1272792206135785,0.6858935777509512
1.15,248.31,55.81,42.88,0.61,1.78,0.0,0.12,0.12,0.49,0.0070710678118654,0.6858935777509512,0.1272792206135785,0.6858935777509512
1.16,248.19,57.19,45.69,0.66,1.72,0.13,0.75,0.42,0.45,-0.0070710678118655,0.6929646455628166,0.134350288425444,0.6929646455628166
1.17,248.06,58.31,48.69,0.75,1.45,0.07,0.78,0.02,0.64,-0.0212132034355964,0.6929646455628167,0.134350288425444,0.6929646455628167
1.18,248.0,59.25,51.63,0.77,1.32,0.15,0.43,0.32,0.1,-0.0353553390593273,0.6858935777509512,0.1414213562373095,0.6858935777509512
1.19,247.88,59.88,54.69,0.76,1.29,0.09,0.38,0.19,0.99,-0.0424264068711928,0.6858935777509512,0.148492424049175,0.6858935777509512
1.2,247.88,60.56,57.75,0.81,1.26,0.21,0.95,0.23,0.33,-0.0565685424949238,0.6858935777509512,0.148492424049175,0.6858935777509512
1.21,247.75,61.13,61.06,0.82,1.3,0.24,0.88,0.29,0.19,-0.0636396103067893,0.6788225099390857,0.1555634918610405,0.6788225099390857
1.22,247.56,61.5,64.62,0.8,1.34,0.27,0.66,0.28,0.72,-0.0848528137423857,0.6788225099390857,0.1626345596729059,0.6788225099390857
1.23,247.37,61.81,68.31,0.79,1.39,0.26,0.25,0.25,0.17,-0.0919238815542511,0.6788225099390857,0.1697056274847714,0.6788225099390857
1.24,247.19,62.06,72.06,0.82,1.41,0.32,0.56,0.29,0.28,-0.1060660171779821,0.6717514421272202,0.1767766952966368,0.6717514421272202
1.25,246.75,62.06,76.12,0.76,1.46,0.36,0.76,0.11,0.36,-0.120208152801713,0.6717514421272202,0.1767766952966368,0.6717514421272202
1.26,246.25,62.0,80.06,0.71,1.48,0.38,0.41,0.09,0.26,-0.134350288425444,0.6717514421272202,0.1838477631085023,0.6717514421272202
1.27,245.69,61.75,84.06,0.69,1.57,0.41,0.47,0.25,0.35,-0.1484924240491749,0.6717514421272202,0.1838477631085023,0.6717514421272202
1.28,245.0,61.31,88.12,0.72,1.56,0.58,0.35,0.34,0.27,-0.1626345596729059,0.6646803743153546,0.1909188309203678,0.6646803743153546
1.29,244.19,60.69,92.0,0.71,1.54,0.54,0.26,0.08,0.28,-0.1838477631085023,0.6576093065034893,0.2050609665440987,0.6576093065034893
1.3,243.37,59.88,95.56,0.68,1.48,0.63,0.11,0.08,0.2,-0.1979898987322333,0.6576093065034893,0.2121320343559642,0.6576093065034893
1.31,242.44,59.0,98.87,0.62,1.43,0.61,0.16,0.08,0.25,-0.2121320343559642,0.6576093065034891,0.2121320343559642,0.6576093065034891
1.32,241.5,57.94,101.81,0.66,1.37,0.74,0.69,0.1,0.2,-0.2262741699796952,0.6505382386916237,0.2192031021678298,0.6505382386916237
1.33,240.44,56.81,104.56,0.66,1.38,0.76,0.53,0.24,0.21,-0.2404163056034261,0.6505382386916237,0.2262741699796952,0.6505382386916237
1.34,239.345,55.595,107.03,0.665,1.355,0.775,0.55,0.22,0.175,-0.2615364793405722,0.6611061005553356,0.2397417727288579,0.6611061005553356
1.35,238.25,54.38,109.5,0.67,1.33,0.79,0.57,0.2,0.14,-0.268700576850888,0.6363961030678928,0.2404163056034261,0.6363961030678928
1.36,237.06,53.0,111.75,0.72,1.39,0.86,0.49,0.39,0.09,-0.282842712474619,0.6363961030678928,0.2474873734152916,0.6363961030678928
1.37,235.81,51.44,114.12,0.83,1.49,0.9,0.53,0.2,0.53,-0.29698484809835,0.6293250352560273,0.2545584412271571,0.6293250352560273
1.38,234.5,49.81,116.37,0.85,1.51,0.87,0.65,0.01,0.86,-0.3181980515339463,0.6222539674441618,0.2616295090390225,0.6222539674441618
1.39,233.87,49.0,117.44,0.85,1.52,0.89,0.4,0.32,0.59,-0.3252691193458118,0.6222539674441618,0.268700576850888,0.6222539674441618
1.4,232.44,47.38,119.56,0.9,1.58,0.87,0.54,0.11,0.59,-0.3394112549695428,0.6151828996322963,0.2757716446627535,0.6151828996322963
1.41,231.0,45.63,121.62,0.89,1.6,0.88,0.24,0.08,0.55,-0.3606244584051393,0.6081118318204309,0.282842712474619,0.6081118318204309
1.42,229.405,43.815,123.62,0.9,1.625,0.845,0.33499999999999996,0.04,0.805,-0.3864214896162583,0.6160870919353552,0.3025753173410324,0.6160870919353552
1.43,227.81,42.0,125.62,0.91,1.65,0.81,0.43,0.0,1.06,-0.3889087296526011,0.5868986283848345,0.3040559159102154,0.5868986283848345
1.44,226.12,40.19,127.44,0.91,1.64,0.79,0.37,0.12,0.35,-0.4101219330881975,0.579827560572969,0.3111269837220809,0.579827560572969
1.45,224.185,38.285,129.155,0.925,1.69,0.8,0.6599999999999999,0.11499999999999999,0.47,-0.4401129279047251,0.5904848449388396,0.33008469592854384,0.5904848449388396
1.46,222.25,36.38,130.87,0.94,1.74,0.81,0.95,0.11,0.59,-0.4384062043356596,0.5586143571373726,0.3252691193458119,0.5586143571373726
1.47,220.12,34.44,132.56,0.94,1.77,0.68,0.28,0.02,0.73,-0.4596194077712559,0.5515432893255071,0.3323401871576773,0.5515432893255071
1.48,217.94,32.56,134.25,0.91,1.78,0.65,0.01,0.23,1.16,-0.4737615433949869,0.5515432893255071,0.3323401871576774,0.5515432893255071
1.49,215.75,30.62,135.75,0.87,1.8,0.64,0.28,0.44,0.86,-0.4949747468305832,0.5374011537017762,0.3464823227814082,0.5374011537017762
1.5,213.44,28.87,137.12,0.84,1.58,0.61,1.1,0.13,2.11,-0.5091168824543142,0.5303300858899107,0.3535533905932737,0.5303300858899107
1.51,211.56,27.5,138.19,0.63,1.1,0.41,0.25,1.77,0.92,-0.5161879502661797,0.5303300858899107,0.3464823227814083,0.5303300858899107
1.52,209.62,26.06,138.75,0.47,0.91,0.92,0.06,0.12,0.34,-0.5303300858899107,0.5161879502661797,0.3606244584051392,0.5161879502661797
1.53,207.37,24.87,139.25,0.24,1.09,0.3,0.03,1.14,0.23,-0.5374011537017762,0.5091168824543143,0.3606244584051392,0.5091168824543143
1.54,205.62,23.87,139.69,0.31,0.77,0.38,0.48,0.47,1.03,-0.5444722215136417,0.5091168824543143,0.3676955262170047,0.5091168824543143
1.55,204.19,23.0,140.12,0.33,0.59,0.53,0.01,0.22,0.79,-0.5515432893255071,0.5020458146424488,0.3676955262170047,0.5020458146424488
1.56,317.31,22.31,140.44,0.31,0.52,0.33,0.04,0.29,2.18,-0.5515432893255071,0.5020458146424488,0.3676955262170047,0.5020458146424488
1.57,317.56,22.0,140.62,0.36,0.26,0.55,0.3,0.34,1.5,-0.565685424949238,0.4949747468305833,0.3818376618407356,0.4949747468305833
1.58,318.44,21.0,141.12,0.42,0.32,0.55,0.33,0.16,1.54,-0.565685424949238,0.4879036790187178,0.3818376618407356,0.4879036790187178
1.59,319.06,20.44,141.44,0.39,0.18,0.5,0.09,0.6,1.66,-0.565685424949238,0.4879036790187178,0.3818376618407356,0.4879036790187178
1.6,319.37,20.25,141.56,0.4,0.17,0.77,0.11,0.51,1.52,-0.5727564927611035,0.4808326112068523,0.3959797974644666,0.4808326112068523
1.61,320.5,19.87,141.69,0.41,0.31,1.01,0.84,0.56,0.4,-0.5727564927611035,0.4666904755831214,0.4030508652763321,0.4666904755831214
1.62,321.94,19.44,141.75,0.2,0.24,0.57,0.15,0.16,0.04,-0.5727564927611035,0.4596194077712559,0.4101219330881975,0.4596194077712559
1.63,322.63,19.37,141.69,0.09,0.42,0.51,0.22,1.25,0.07,-0.5727564927611035,0.4596194077712559,0.4101219330881975,0.4596194077712559
1.64,323.44,19.37,141.5,0.09,0.57,0.61,0.19,1.37,0.85,-0.579827560572969,0.4525483399593904,0.4242640687119285,0.4525483399593904
1.65,324.69,19.62,141.19,0.05,0.8,0.6,1.1,1.37,0.75,-0.5727564927611035,0.4525483399593904,0.431335136523794,0.4525483399593904
1.66,325.81,20.0,140.75,0.04,1.17,0.96,0.71,0.91,0.96,-0.5727564927611035,0.4454772721475249,0.4384062043356594,0.4454772721475249
1.67,327.69,20.31,140.0,0.11,1.26,1.02,0.41,0.53,1.94,-0.565685424949238,0.4384062043356594,0.4454772721475249,0.4384062043356594
1.68,328.88,20.88,139.19,0.41,1.19,0.16,0.18,0.96,0.46,-0.5586143571373726,0.4384062043356594,0.4525483399593905,0.4384062043356594
1.69,211.69,21.81,138.37,0.4,1.3,0.0,0.22,1.55,0.16,-0.5515432893255071,0.4384062043356595,0.4596194077712559,0.4384062043356595
1.7,214.75,23.0,137.56,0.27,1.61,0.2,0.59,0.51,1.7,-0.5444722215136416,0.431335136523794,0.4666904755831214,0.431335136523794
1.71,217.87,24.19,136.56,0.28,1.82,0.34,0.11,0.37,1.78,-0.5303300858899107,0.431335136523794,0.4666904755831214,0.431335136523794
1.72,221.06,25.37,135.44,0.31,1.79,0.28,0.12,0.76,1.05,-0.5161879502661797,0.431335136523794,0.4737615433949869,0.431335136523794
1.73,223.94,26.56,134.25,0.29,1.98,0.48,0.31,0.34,2.4,-0.5091168824543142,0.4242640687119285,0.4808326112068523,0.4242640687119285
1.74,226.94,27.81,132.81,0.31,2.21,0.53,0.19,0.35,3.85,-0.4879036790187178,0.4242640687119285,0.4808326112068523,0.4242640687119285
1.75,229.595,29.0,131.34,0.38,2.025,0.27,0.33499999999999996,0.495,3.465,-0.5271226069395225,0.4646488164874309,0.5388364426492895,0.4646488164874309
1.76,232.25,30.19,129.87,0.45,1.84,0.01,0.48,0.64,3.08,-0.4666904755831214,0.417193000900063,0.4949747468305832,0.417193000900063
1.77,235.19,31.5,128.44,0.41,1.84,0.01,0.33,1.36,3.27,-0.4525483399593905,0.417193000900063,0.4949747468305833,0.417193000900063
1.78,237.31,32.5,127.12,0.22,1.66,0.21,0.79,1.18,2.57,-0.4384062043356595,0.4101219330881976,0.5020458146424488,0.4101219330881976
1.79,239.31,33.31,126.06,0.03,1.57,0.26,0.95,1.43,3.04,-0.4242640687119285,0.4101219330881975,0.5020458146424488,0.4101219330881975
1.8,241.63,34.06,125.12,0.07,1.4,0.27,1.5,0.8,3.37,-0.417193000900063,0.4030508652763321,0.5091168824543142,0.4030508652763321
1.81,243.0,34.56,124.12,0.16,1.24,0.29,1.02,0.31,1.81,-0.4101219330881975,0.3959797974644666,0.5161879502661797,0.3959797974644666
1.82,244.31,35.0,123.0,0.26,1.05,0.26,1.3,0.25,1.15,-0.3959797974644666,0.3959797974644666,0.5161879502661797,0.3959797974644666
1.83,244.935,35.375,122.22,0.245,0.735,0.18,0.805,0.185,1.43,-0.4580485008367279,0.46217506390732904,0.6024782083077683,0.46217506390732904
1.84,245.56,35.75,121.44,0.23,0.42,0.1,0.31,0.12,1.71,-0.3889087296526011,0.3959797974644666,0.5161879502661797,0.3959797974644666
1.85,246.13,35.81,121.25,0.11,0.09,0.03,0.66,0.3,1.04,-0.3889087296526011,0.3889087296526012,0.5232590180780452,0.3889087296526012
1.86,245.815,35.53,121.095,0.11,0.06,0.42999999999999994,0.44,0.485,0.97,-0.4559490016779562,0.4559490016779564,0.6134586568030685,0.4559490016779564
1.87,245.5,35.25,120.94,0.11,0.03,0.83,0.22,0.67,0.9,-0.3889087296526011,0.3889087296526012,0.5232590180780452,0.3889087296526012
1.88,245.06,34.5,120.69,0.06,0.08,0.57,0.35,1.3,1.16,-0.3889087296526011,0.3818376618407357,0.5303300858899107,0.3818376618407357
1.89,244.44,34.0,120.62,0.06,0.08,0.05,0.09,0.71,0.62,-0.3889087296526011,0.3818376618407357,0.5303300858899107,0.3818376618407357
1.9,244.62,34.0,120.56,0.06,0.05,0.07,0.08,0.58,0.68,-0.3889087296526011,0.3747665940288702,0.5374011537017761,0.3747665940288702
1.91,244.5,33.88,120.44,0.06,0.03,0.23,0.11,0.2,0.85,-0.3889087296526011,0.3818376618407357,0.5374011537017761,0.3818376618407357
1.92,244.25,33.75,120.25,0.08,0.03,0.15,0.08,0.02,0.77,-0.3889087296526011,0.3818376618407357,0.5374011537017761,0.3818376618407357
1.93,244.5,33.81,120.06,0.09,0.11,0.05,0.33,1.04,0.46,-0.3889087296526011,0.3818376618407357,0.5374011537017761,0.3818376618407357
1.94,244.5,33.81,119.81,0.08,0.15,0.28,0.15,0.48,0.61,-0.3889087296526011,0.3818376618407357,0.5374011537017761,0.3818376618407357
1.95,244.56,33.63,119.56,0.11,0.11,0.22,0.01,0.97,0.62,-0.3889087296526011,0.3818376618407357,0.5374011537017761,0.3818376618407357
1.96,244.62,33.75,119.31,0.19,0.1,0.19,0.01,0.66,0.4,-0.3889087296526011,0.3818376618407357,0.5374011537017761,0.3818376618407357
1.97,244.75,34.0,119.13,0.14,0.09,0.12,0.16,0.85,0.39,-0.3818376618407356,0.3818376618407357,0.5303300858899106,0.3818376618407357
1.98,245.06,33.94,118.94,0.06,0.09,0.21,0.22,0.26,0.63,-0.3818376618407356,0.3747665940288702,0.5374011537017761,0.3747665940288702
1.99,244.87,33.75,118.75,0.1,0.03,0.03,0.39,0.47,0.41,-0.3818376618407356,0.3747665940288702,0.5374011537017761,0.3747665940288702
2.0,244.94,33.81,118.62,0.12,0.09,0.07,0.15,0.39,0.68,-0.3818376618407356,0.3747665940288702,0.5374011537017761,0.3747665940288702
2.01,245.0,33.88,118.44,0.06,0.11,0.08,0.25,0.36,0.41,-0.3747665940288701,0.3747665940288702,0.5374011537017761,0.3747665940288702
2.02,245.0,33.81,118.31,0.05,0.08,0.06,0.3,0.6,0.53,-0.3747665940288701,0.3747665940288702,0.5374011537017761,0.3747665940288702
2.03,245.31,34.0,118.25,0.07,0.08,0.2,0.34,0.0,0.4,-0.3747665940288701,0.3747665940288702,0.5374011537017761,0.3747665940288702
2.04,245.63,34.25,118.19,0.04,0.12,0.17,0.31,0.16,0.51,-0.3747665940288701,0.3747665940288702,0.5374011537017761,0.3747665940288702
2.05,245.97,34.44,118.125,0.04,0.095,0.195,0.29000000000000004,0.13,0.495,-0.44471914500371024,0.44471914500371035,0.6377104720807922,0.44471914500371035
2.06,246.31,34.63,118.06,0.04,0.07,0.22,0.27,0.1,0.48,-0.3747665940288701,0.3747665940288702,0.5374011537017761,0.3747665940288702
2.07,246.62,34.88,118.0,0.04,0.08,0.18,0.13,0.72,0.49,-0.3747665940288701,0.3747665940288702,0.5374011537017761,0.3747665940288702
2.08,246.75,34.94,118.0,0.02,0.06,0.02,0.09,0.67,0.47,-0.3676955262170047,0.3747665940288702,0.5374011537017761,0.3747665940288702
2.09,246.75,34.94,117.87,0.01,0.06,0.12,0.34,0.0,0.37,-0.3676955262170047,0.3747665940288702,0.5374011537017761,0.3747665940288702
2.1,246.75,34.88,117.81,0.01,0.1,0.11,0.21,0.25,0.33,-0.3676955262170047,0.3747665940288702,0.5374011537017761,0.3747665940288702
2.11,246.81,34.81,117.69,0.01,0.12,0.11,0.16,0.0,0.41,-0.3676955262170047,0.3747665940288702,0.5374011537017761,0.3747665940288702
2.12,246.87,34.75,117.56,0.02,0.05,0.01,0.08,0.33,0.47,-0.3676955262170047,0.3747665940288702,0.5374011537017761,0.3747665940288702
2.13,247.0,34.81,117.5,0.06,0.03,0.07,0.08,0.12,0.35,-0.3676955262170047,0.3747665940288702,0.5374011537017761,0.3747665940288702
2.14,247.06,35.0,117.44,0.06,0.0,0.08,0.01,0.28,0.39,-0.3676955262170047,0.3747665940288702,0.5374011537017761,0.3747665940288702
2.15,247.215,35.095,117.405,0.065,0.02,0.125,0.105,0.19,0.525,-0.4379500603440643,0.4463721768891425,0.6400808574259402,0.4463721768891425
2.16,247.37,35.19,117.37,0.07,0.04,0.17,0.2,0.1,0.66,-0.3676955262170047,0.3747665940288702,0.5374011537017761,0.3747665940288702
2.17,247.37,35.31,117.44,0.08,0.08,0.16,0.21,0.13,0.4,-0.3676955262170047,0.3747665940288702,0.5374011537017761,0.3747665940288702
2.18,247.44,35.44,117.44,0.08,0.11,0.14,0.21,0.07,0.72,-0.3676955262170047,0.3747665940288702,0.5374011537017761,0.3747665940288702
2.19,247.19,35.44,117.37,0.03,0.24,0.09,0.09,0.43,1.01,-0.3676955262170047,0.3818376618407356,0.5374011537017761,0.3818376618407356
2.2,246.94,35.44,117.69,0.01,0.38,0.23,0.06,0.45,1.01,-0.3676955262170047,0.3818376618407357,0.5303300858899106,0.3818376618407357
2.21,247.0,35.56,118.06,0.03,0.45,0.39,0.11,0.04,0.87,-0.3676955262170047,0.3818376618407357,0.5303300858899106,0.3818376618407357
2.22,246.75,35.63,118.5,0.01,0.43,0.24,0.17,0.49,0.09,-0.3747665940288701,0.3818376618407357,0.5303300858899106,0.3818376618407357
2.23,246.75,35.56,118.81,0.04,0.25,0.09,0.16,0.29,0.62,-0.3747665940288701,0.3889087296526011,0.5232590180780452,0.3889087296526011
2.24,246.56,35.5,119.06,0.07,0.26,0.1,0.41,0.07,1.3,-0.3747665940288701,0.3889087296526011,0.5232590180780452,0.3889087296526011
2.25,246.59,35.78,119.56,0.085,0.4,0.47,0.44999999999999996,0.165,1.37,-0.4421005372085482,0.4629543361334798,0.6131016883929868,0.4629543361334798
2.26,246.62,36.06,120.06,0.1,0.54,0.84,0.49,0.26,1.44,-0.3747665940288701,0.3959797974644666,0.5161879502661797,0.3959797974644666
2.27,246.69,36.56,120.69,0.15,0.6,0.87,0.41,1.21,1.17,-0.3747665940288701,0.3959797974644666,0.5091168824543142,0.3959797974644666
2.28,246.595,36.78,121.125,0.075,0.44499999999999995,0.525,0.38,0.965,1.1749999999999998,-0.44311918561009095,0.47238177333905934,0.5977928636060662,0.47238177333905934
2.29,246.5,37.0,121.56,0.0,0.29,0.18,0.35,0.72,1.18,-0.3747665940288701,0.4030508652763321,0.5020458146424487,0.4030508652763321
2.3,246.31,37.0,121.87,0.0,0.31,0.25,1.31,0.45,2.09,-0.3818376618407356,0.4030508652763321,0.5020458146424487,0.4030508652763321
2.31,246.5,37.25,122.25,0.14,0.49,0.76,1.59,0.52,2.15,-0.3818376618407356,0.4101219330881976,0.4949747468305832,0.4101219330881976
2.32,246.5,37.69,122.81,0.24,0.6,0.81,1.44,1.53,1.56,-0.3818376618407356,0.417193000900063,0.4879036790187178,0.417193000900063
2.33,246.44,38.06,123.38,0.25,0.62,0.73,1.56,1.7,1.49,-0.3818376618407356,0.4242640687119285,0.4808326112068523,0.4242640687119285
2.34,246.13,38.25,123.94,0.16,0.62,0.57,1.03,1.24,1.99,-0.3818376618407356,0.417193000900063,0.4808326112068523,0.417193000900063
2.35,245.69,38.31,124.44,0.17,0.66,0.54,1.09,1.07,1.95,-0.3818376618407356,0.4242640687119285,0.4737615433949868,0.4242640687119285
2.36,245.5,38.5,125.06,0.19,0.68,0.73,1.16,1.11,1.8,-0.3889087296526011,0.431335136523794,0.4666904755831213,0.431335136523794
2.37,245.25,38.88,125.56,0.25,0.64,0.81,1.5,1.94,1.63,-0.3889087296526011,0.4384062043356594,0.4596194077712559,0.4384062043356594
2.38,245.12,39.13,126.0,0.27,0.5,0.64,1.39,2.15,1.66,-0.3889087296526011,0.4454772721475249,0.4525483399593903,0.4454772721475249
2.39,244.56,39.19,126.12,0.31,0.33,0.17,1.24,1.22,1.59,-0.3889087296526011,0.4454772721475249,0.4525483399593903,0.4454772721475249
2.4,244.0,39.13,125.94,0.33,0.17,0.12,1.11,0.69,1.58,-0.3889087296526011,0.4454772721475249,0.4525483399593903,0.4454772721475249
2.41,243.69,39.31,125.75,0.45,0.07,0.38,1.11,0.93,1.38,-0.3889087296526011,0.4525483399593905,0.4454772721475248,0.4525483399593905
2.42,243.44,39.69,125.25,0.58,0.12,0.37,1.37,1.51,0.71,-0.3889087296526011,0.459619407771256,0.4454772721475248,0.459619407771256
2.43,243.44,40.19,124.44,0.65,0.43,0.24,1.54,1.59,0.18,-0.3818376618407357,0.4666904755831214,0.431335136523794,0.4666904755831214
2.44,243.5,40.69,123.25,0.65,0.74,0.04,1.29,1.32,0.41,-0.3818376618407357,0.4666904755831214,0.4384062043356594,0.4666904755831214
2.45,243.75,41.31,121.69,0.82,0.98,0.08,0.72,1.13,1.04,-0.3676955262170047,0.4737615433949869,0.4313351365237939,0.4737615433949869
2.46,244.095,42.0,120.155,0.94,1.185,0.2,0.94,1.085,0.77,-0.4113204183402781,0.5443946713327211,0.48793892763895735,0.5443946713327211
2.47,244.44,42.69,118.62,1.06,1.39,0.32,1.16,1.04,0.5,-0.3535533905932738,0.4808326112068524,0.4242640687119285,0.4808326112068524
2.48,245.19,43.75,116.25,1.07,1.57,0.33,0.65,1.36,0.15,-0.3394112549695429,0.4879036790187178,0.417193000900063,0.4879036790187178
2.49,246.315,45.0,113.095,1.2349999999999999,1.94,0.375,0.525,1.135,0.2,-0.3668187090572975,0.5665311173218261,0.47278855834051675,0.5665311173218261
2.5,247.44,46.25,109.94,1.4,2.31,0.42,0.4,0.91,0.25,-0.29698484809835,0.4949747468305833,0.4030508652763321,0.4949747468305833
2.51,248.5,47.5,105.81,1.51,2.39,0.36,0.31,0.81,0.17,-0.2757716446627536,0.5091168824543143,0.3959797974644666,0.5091168824543143
2.52,249.25,48.31,101.06,1.73,2.6,0.06,0.28,0.39,0.33,-0.2474873734152916,0.5091168824543142,0.3889087296526011,0.5091168824543142
2.53,249.81,48.87,95.81,1.8,2.76,0.09,0.01,0.85,0.29,-0.2262741699796952,0.5232590180780452,0.3747665940288702,0.5232590180780452
2.54,250.5,49.13,89.94,1.94,2.98,0.09,0.1,1.14,0.86,-0.1979898987322332,0.5303300858899107,0.3676955262170047,0.5303300858899107
2.55,250.81,48.75,83.94,2.01,3.01,0.28,0.77,0.06,0.94,-0.1697056274847714,0.5374011537017761,0.3535533905932738,0.5374011537017761
2.56,251.185,48.0,77.905,2.075,3.05,0.26,0.89,0.03,1.145,-0.1622916340914911,0.6366825645127728,0.4036484232531959,0.6366825645127728
2.57,251.56,47.25,71.87,2.14,3.09,0.24,1.01,0.0,1.35,-0.1060660171779821,0.5444722215136416,0.3323401871576773,0.5444722215136416
2.58,252.25,46.13,65.94,2.1,3.32,0.11,1.0,0.09,1.47,-0.0777817459305202,0.5515432893255071,0.3181980515339463,0.5515432893255071
2.59,252.72,44.285,60.565,2.0700000000000003,3.2800000000000002,0.2,1.45,0.43500000000000005,1.495,-0.05860716793350557,0.6572375261114557,0.36420168644392764,0.6572375261114557
2.6,253.19,42.44,55.19,2.04,3.24,0.29,1.9,0.78,1.52,-0.0212132034355964,0.5586143571373726,0.29698484809835,0.5586143571373726
2.61,253.31,40.0,50.5,2.11,3.24,0.22,1.69,0.65,1.91,0.0070710678118655,0.551543289325507,0.2899137802864845,0.551543289325507
2.62,253.69,37.63,46.06,1.91,3.27,0.1,1.44,0.49,1.73,0.0424264068711929,0.5515432893255071,0.2757716446627535,0.5515432893255071
2.63,254.06,34.94,42.13,1.91,3.27,0.1,1.64,0.46,2.13,0.0707106781186547,0.5586143571373725,0.2616295090390226,0.5586143571373725
2.64,253.88,31.62,39.0,1.77,3.33,0.7,1.66,0.73,3.19,0.0989949493661166,0.5515432893255071,0.2545584412271571,0.5515432893255071
2.65,253.44,28.38,36.19,1.86,2.92,0.78,1.07,1.04,2.29,0.1202081528017131,0.5515432893255071,0.2404163056034262,0.5515432893255071
2.66,253.06,25.37,33.56,1.85,2.67,0.59,0.93,0.89,1.83,0.148492424049175,0.5515432893255071,0.2262741699796952,0.5515432893255071
2.67,252.69,22.56,31.12,1.76,2.63,0.65,1.27,1.13,2.19,0.1697056274847714,0.5444722215136417,0.2192031021678297,0.5444722215136417
2.68,252.19,19.5,29.12,1.48,2.62,0.92,1.8,1.39,2.44,0.1838477631085024,0.5444722215136416,0.2121320343559642,0.5444722215136416
2.69,251.5,16.75,27.44,1.43,2.37,0.86,2.05,1.59,2.28,0.2050609665440988,0.5586143571373726,0.1838477631085023,0.5586143571373726
2.7,251.12,14.31,25.62,1.53,2.09,0.53,1.86,2.13,1.68,0.2192031021678297,0.5727564927611035,0.1626345596729059,0.5727564927611035
2.71,250.87,12.06,23.87,1.43,2.01,0.33,1.74,2.25,1.41,0.2333452377915607,0.579827560572969,0.1414213562373095,0.579827560572969
2.72,250.87,10.06,22.31,1.25,1.9,0.21,1.83,1.3,1.44,0.2545584412271571,0.5939696961967,0.120208152801713,0.5939696961967
2.73,251.0,8.06,21.0,1.09,1.78,0.19,1.87,1.21,1.47,0.268700576850888,0.6010407640085655,0.0989949493661166,0.6010407640085655
2.74,250.56,6.25,19.87,0.92,1.57,0.44,1.6,2.16,1.4,0.282842712474619,0.6010407640085655,0.0848528137423857,0.6010407640085655
2.75,250.31,5.37,19.44,0.68,1.24,0.75,2.29,3.28,1.48,0.2899137802864845,0.6151828996322963,0.0707106781186547,0.6151828996322963
2.76,249.905,4.215,18.815,0.5900000000000001,0.865,0.39,2.0700000000000003,2.8099999999999996,1.15,0.313768874049504,0.6696286946178438,0.06887609430354956,0.6696286946178438
2.77,249.5,3.06,18.19,0.5,0.49,0.03,1.85,2.34,0.82,0.2899137802864845,0.6222539674441618,0.0565685424949237,0.6222539674441618
2.78,249.62,2.69,17.62,0.44,0.26,0.22,2.19,1.81,0.78,0.29698484809835,0.6222539674441618,0.0494974746830583,0.6222539674441618
2.79,249.81,2.6550000000000002,17.215,0.3,0.16,0.215,2.2199999999999998,1.505,0.615,0.3261767043029119,0.6675244181082848,0.049305780882998265,0.6675244181082848
2.8,250.0,2.62,16.81,0.16,0.06,0.21,2.25,1.2,0.45,0.3111269837220809,0.6222539674441618,0.0424264068711928,0.6222539674441618
2.81,250.19,2.75,16.69,0.05,0.16,0.03,2.13,1.16,0.26,0.3111269837220809,0.6151828996322963,0.0494974746830583,0.6151828996322963
2.82,249.94,2.94,16.69,0.05,0.24,0.16,1.93,1.11,0.31,0.3111269837220809,0.6151828996322963,0.0494974746830583,0.6151828996322963
2.83,249.69,3.12,16.75,0.14,0.34,0.29,1.67,1.37,0.1,0.3040559159102154,0.6151828996322963,0.0565685424949238,0.6151828996322963
2.84,249.0,3.44,17.0,0.18,0.38,0.33,1.62,1.47,0.06,0.29698484809835,0.6151828996322963,0.0565685424949238,0.6151828996322963
2.85,248.62,3.81,17.25,0.24,0.49,0.25,1.59,1.15,0.19,0.29698484809835,0.6222539674441618,0.0565685424949238,0.6222539674441618
2.86,248.125,4.375,17.625,0.255,0.5,0.22999999999999998,1.5150000000000001,0.885,0.225,0.31376887404950393,0.6696286946178438,0.0688760943035496,0.6696286946178438
2.87,247.63,4.94,18.0,0.27,0.51,0.21,1.44,0.62,0.26,0.282842712474619,0.6151828996322964,0.0707106781186547,0.6151828996322964
2.88,247.31,5.44,18.37,0.29,0.51,0.22,1.31,0.8,0.27,0.2757716446627536,0.6151828996322964,0.0777817459305202,0.6151828996322964
2.89,247.03,5.905,18.745,0.275,0.505,0.16999999999999998,1.28,0.72,0.345,0.2953600809270369,0.6723328157944393,0.09327160450327474,0.6723328157944393
2.9,246.75,6.37,19.12,0.26,0.5,0.12,1.25,0.64,0.42,0.2616295090390226,0.6081118318204309,0.0919238815542511,0.6081118318204309
2.91,246.5,6.81,19.37,0.23,0.5,0.12,1.35,0.54,0.38,0.2616295090390226,0.6081118318204309,0.0919238815542511,0.6081118318204309
2.92,246.31,7.25,19.69,0.18,0.45,0.14,1.14,0.24,0.73,0.2545584412271571,0.6081118318204309,0.0989949493661166,0.6081118318204309
2.93,246.06,7.69,19.94,0.19,0.41,0.25,1.16,0.4,0.75,0.2545584412271571,0.6081118318204309,0.0989949493661166,0.6081118318204309
2.94,245.31,8.0,20.19,0.2,0.41,0.3,1.18,0.65,0.69,0.2474873734152917,0.6081118318204308,0.1060660171779821,0.6081118318204308
2.95,244.87,8.25,20.5,0.19,0.39,0.35,0.99,0.51,0.88,0.2404163056034262,0.6081118318204308,0.1131370849898476,0.6081118318204308
2.96,244.56,8.94,21.0,0.15,0.37,0.28,0.92,0.51,0.89,0.2262741699796952,0.6081118318204308,0.1202081528017131,0.6081118318204308
2.97,243.88,9.56,21.5,0.14,0.32,0.21,0.83,0.32,0.81,0.2262741699796952,0.6081118318204308,0.1202081528017131,0.6081118318204308
2.98,243.69,10.06,21.87,0.14,0.3,0.2,0.69,0.14,0.75,0.2192031021678297,0.6010407640085653,0.134350288425444,0.6010407640085653
2.99,243.315,10.435,22.245,0.16,0.28,0.23500000000000001,0.62,0.14500000000000002,0.635,0.2391957408441417,0.6777212657250681,0.15547723154869209,0.6777212657250681
3.0,242.94,10.81,22.62,0.18,0.26,0.27,0.55,0.15,0.52,0.2050609665440988,0.6010407640085653,0.1414213562373095,0.6010407640085653
3.01,242.62,11.12,22.94,0.19,0.24,0.23,0.53,0.38,0.36,0.2050609665440988,0.6010407640085653,0.1414213562373095,0.6010407640085653
3.02,242.34,11.309999999999999,23.19,0.175,0.235,0.14,0.505,0.48,0.35,0.22772870897210568,0.6791908864080344,0.15980962033130222,0.6791908864080344
3.03,242.06,11.5,23.44,0.16,0.23,0.05,0.48,0.58,0.34,0.1979898987322333,0.6010407640085653,0.1414213562373095,0.6010407640085653
3.04,242.06,11.63,23.56,0.13,0.21,0.11,0.38,0.42,0.26,0.1909188309203678,0.6010407640085654,0.1555634918610404,0.6010407640085654
3.05,241.88,11.88,23.69,0.11,0.16,0.14,0.46,0.02,0.4,0.1909188309203678,0.5939696961966999,0.1555634918610404,0.5939696961966999
3.06,242.0,12.06,23.81,0.1,0.12,0.04,0.44,0.04,0.83,0.1909188309203678,0.5939696961966999,0.1555634918610404,0.5939696961966999
3.07,241.88,12.19,23.87,0.08,0.09,0.03,0.1,0.27,0.44,0.1909188309203678,0.5939696961966999,0.1555634918610404,0.5939696961966999
3.08,242.0,12.31,23.94,0.02,0.03,0.18,0.19,0.29,0.0,0.1909188309203678,0.5939696961966999,0.1555634918610404,0.5939696961966999
3.09,242.095,12.405000000000001,23.905,0.025,0.04,0.14,0.195,0.145,0.345,0.21810394576494518,0.6785456090464963,0.1777143261788442,0.6785456090464963
3.1,242.19,12.5,23.87,0.03,0.05,0.1,0.2,0.0,0.69,0.1909188309203678,0.5939696961966999,0.1555634918610404,0.5939696961966999
3.11,242.25,12.56,23.94,0.08,0.01,0.04,0.11,0.34,1.17,0.1909188309203678,0.5939696961966999,0.1555634918610404,0.5939696961966999
3.12,242.19,12.595,24.125,0.09,0.005,0.11499999999999999,0.445,0.27,0.875,0.2140964195199856,0.6786452543275018,0.18177997883772365,0.6786452543275018
3.13,242.13,12.63,24.31,0.1,0.0,0.19,0.78,0.2,0.58,0.1838477631085023,0.5939696961966999,0.1626345596729059,0.5939696961966999
3.14,242.37,12.75,24.37,0.1,0.06,0.25,0.52,0.2,0.62,0.1838477631085023,0.5939696961966999,0.1626345596729059,0.5939696961966999
3.15,242.62,13.0,24.44,0.09,0.14,0.26,0.53,0.29,0.41,0.1909188309203678,0.5939696961966999,0.1626345596729059,0.5939696961966999
3.16,242.81,13.25,24.5,0.08,0.13,0.15,0.38,0.14,0.28,0.1909188309203678,0.5939696961966999,0.1626345596729059,0.5939696961966999
3.17,242.87,13.31,24.63,0.09,0.06,0.04,0.4,0.02,0.39,0.1909188309203678,0.5939696961966999,0.1626345596729059,0.5939696961966999
3.18,242.81,13.38,24.63,0.05,0.01,0.05,0.33,0.19,0.28,0.1909188309203678,0.5939696961966999,0.1626345596729059,0.5939696961966999
3.19,242.87,13.38,24.63,0.03,0.06,0.07,0.28,0.07,0.08,0.1909188309203678,0.5939696961966999,0.1626345596729059,0.5939696961966999
3.2,242.81,13.345,24.595,0.04,0.06,0.05500000000000001,0.4,0.155,0.27,0.21778443138945405,0.6775515643227461,0.18552007118360903,0.6775515643227461
3.21,242.75,13.31,24.56,0.05,0.06,0.04,0.52,0.24,0.46,0.1909188309203678,0.5939696961966999,0.1626345596729059,0.5939696961966999
3.22,242.62,13.19,24.5,0.06,0.06,0.2,0.44,0.05,0.27,0.1838477631085023,0.5939696961966999,0.1626345596729059,0.5939696961966999
3.23,242.44,13.13,24.5,0.02,0.03,0.27,0.42,0.25,0.06,0.1838477631085023,0.5939696961966999,0.1626345596729059,0.5939696961966999
3.24,242.19,12.94,24.56,0.0,0.01,0.25,0.48,0.11,0.13,0.1838477631085023,0.5939696961966999,0.1626345596729059,0.5939696961966999
3.25,241.88,12.88,24.63,0.0,0.02,0.26,0.37,0.03,0.12,0.1838477631085023,0.5939696961966999,0.1626345596729059,0.5939696961966999
3.26,241.44,12.75,24.69,0.03,0.05,0.29,0.53,0.51,0.36,0.1838477631085023,0.5939696961966999,0.1626345596729059,0.5939696961966999
3.27,241.06,12.69,24.69,0.08,0.06,0.34,0.61,0.38,0.54,0.1767766952966368,0.6010407640085654,0.1626345596729059,0.6010407640085654
3.28,240.44,12.56,24.69,0.1,0.06,0.4,0.5,0.14,0.9,0.1767766952966368,0.6010407640085654,0.1626345596729059,0.6010407640085654
3.29,239.97,12.435,24.625,0.135,0.045,0.37,0.61,0.355,0.8200000000000001,0.1962875756704883,0.6809977115098576,0.18426996899678494,0.6809977115098576
3.3,239.5,12.31,24.56,0.17,0.03,0.34,0.72,0.57,0.74,0.1697056274847714,0.6010407640085654,0.1626345596729059,0.6010407640085654
3.31,238.94,12.13,24.44,0.19,0.05,0.41,0.43,0.44,0.6,0.1767766952966369,0.6081118318204309,0.1555634918610404,0.6081118318204309
3.32,238.31,11.94,24.37,0.15,0.04,0.63,0.3,0.91,0.14,0.1697056274847714,0.6081118318204309,0.1555634918610404,0.6081118318204309
3.33,237.56,11.69,24.37,0.14,0.03,0.71,0.04,0.69,0.15,0.1697056274847714,0.6081118318204309,0.1555634918610404,0.6081118318204309
3.34,236.69,11.31,24.37,0.12,0.01,0.76,0.0,0.49,0.15,0.1626345596729059,0.6151828996322964,0.1555634918610404,0.6151828996322964
3.35,236.0,11.06,24.37,0.14,0.01,0.6,0.08,0.61,0.11,0.1626345596729059,0.6151828996322964,0.1555634918610404,0.6151828996322964
3.36,235.13,10.75,24.25,0.18,0.09,0.49,0.12,0.75,0.46,0.1555634918610405,0.6151828996322964,0.1555634918610404,0.6151828996322964
3.37,234.56,10.38,24.19,0.14,0.15,0.53,0.04,0.2,0.48,0.1555634918610405,0.6222539674441618,0.1555634918610404,0.6222539674441618
3.38,234.28,10.035,24.03,0.175,0.19,0.32,0.36499999999999994,0.5449999999999999,0.5800000000000001,0.17080714453232285,0.687110558686844,0.1630431834172172,0.687110558686844
3.39,234.0,9.69,23.87,0.21,0.23,0.11,0.69,0.89,0.68,0.1555634918610404,0.6293250352560272,0.1414213562373095,0.6293250352560272
3.4,233.81,9.44,23.69,0.18,0.18,0.22,0.65,0.87,0.77,0.1555634918610404,0.6293250352560272,0.1414213562373095,0.6293250352560272
3.41,233.56,9.13,23.5,0.17,0.2,0.28,0.28,1.64,1.16,0.1555634918610404,0.6293250352560272,0.1414213562373095,0.6293250352560272
3.42,233.0,8.69,23.38,0.15,0.16,0.6,0.12,1.83,0.93,0.1626345596729059,0.6293250352560272,0.134350288425444,0.6293250352560272
3.43,231.81,8.25,23.38,0.09,0.06,0.95,0.27,1.64,0.73,0.1555634918610405,0.6363961030678927,0.134350288425444,0.6363961030678927
3.44,230.5,7.69,23.5,0.07,0.0,1.25,0.23,1.68,0.6,0.1484924240491749,0.6363961030678927,0.134350288425444,0.6363961030678927
3.45,228.94,7.06,23.62,0.06,0.01,1.45,0.34,1.16,0.6,0.134350288425444,0.6505382386916237,0.1272792206135785,0.6505382386916237
3.46,227.06,6.44,23.69,0.08,0.05,1.49,0.47,0.66,0.44,0.1272792206135785,0.6576093065034893,0.1272792206135785,0.6576093065034893
3.47,226.25,6.19,23.75,0.1,0.12,1.38,0.6,0.58,0.56,0.1202081528017131,0.6576093065034893,0.1272792206135785,0.6576093065034893
3.48,224.655,5.78,23.72,0.15000000000000002,0.14500000000000002,1.19,0.40499999999999997,0.53,0.32000000000000006,0.11904386260744855,0.6956625721122776,0.13392434543337955,0.6956625721122776
3.49,223.06,5.37,23.69,0.2,0.17,1.0,0.21,0.48,0.08,0.1060660171779821,0.6646803743153548,0.1272792206135785,0.6646803743153548
3.5,222.0,5.12,23.56,0.21,0.15,0.73,0.11,0.49,0.35,0.0989949493661166,0.6646803743153548,0.1272792206135785,0.6646803743153548
3.51,221.22,4.995,23.375,0.20500000000000002,0.125,0.515,0.125,0.595,0.6599999999999999,0.10331399964032514,0.6973694975721952,0.1291424995504065,0.6973694975721952
3.52,220.44,4.87,23.19,0.2,0.1,0.3,0.14,0.7,0.97,0.0989949493661166,0.6717514421272202,0.1202081528017131,0.6717514421272202
3.53,220.19,4.87,23.0,0.23,0.1,0.08,0.66,0.37,0.85,0.0989949493661166,0.6717514421272202,0.1202081528017131,0.6717514421272202
3.54,219.75,4.94,22.69,0.25,0.04,0.06,0.66,0.24,0.84,0.0919238815542511,0.6717514421272202,0.1202081528017131,0.6717514421272202
3.55,219.69,5.0,22.44,0.21,0.09,0.03,0.46,0.6,0.73,0.0919238815542511,0.6646803743153546,0.1272792206135785,0.6646803743153546
3.56,219.44,5.06,22.25,0.18,0.14,0.03,0.57,0.34,0.41,0.0919238815542511,0.6646803743153546,0.1272792206135785,0.6646803743153546
3.57,219.37,5.25,22.13,0.07,0.2,0.12,0.3,0.08,0.33,0.0919238815542511,0.6646803743153546,0.1272792206135785,0.6646803743153546
3.58,218.87,5.3100000000000005,22.13,0.04000000000000001,0.175,0.255,0.215,0.255,0.17,0.09229995035962321,0.6977876247187518,0.1329119285178574,0.6977876247187518
3.59,218.37,5.37,22.13,0.01,0.15,0.39,0.13,0.43,0.01,0.0848528137423857,0.6717514421272202,0.1272792206135785,0.6717514421272202
3.6,217.94,5.31,22.13,0.02,0.08,0.37,0.02,0.39,0.03,0.0848528137423857,0.6717514421272202,0.1272792206135785,0.6717514421272202
3.61,217.25,5.25,22.19,0.02,0.04,0.27,0.13,0.29,0.15,0.0777817459305202,0.6717514421272202,0.1272792206135785,0.6717514421272202
3.62,216.94,5.19,22.13,0.02,0.03,0.22,0.13,0.51,0.01,0.0777817459305202,0.6717514421272202,0.1272792206135785,0.6717514421272202
3.63,216.81,5.12,22.25,0.01,0.06,0.1,0.12,0.41,0.07,0.0777817459305202,0.6717514421272202,0.1272792206135785,0.6717514421272202
3.64,216.44,5.19,22.25,0.01,0.08,0.04,0.1,0.25,0.04,0.0777817459305202,0.6717514421272202,0.1272792206135785,0.6717514421272202
3.65,216.38,5.25,22.31,0.04,0.08,0.05,0.03,0.05,0.07,0.0777817459305202,0.6717514421272202,0.1272792206135785,0.6717514421272202
3.66,216.31,5.31,22.37,0.05,0.08,0.13,0.05,0.0,0.01,0.0707106781186547,0.6646803743153548,0.134350288425444,0.6646803743153548
3.67,215.75,5.31,22.44,0.07,0.07,0.16,0.11,0.12,0.14,0.0707106781186547,0.6646803743153548,0.134350288425444,0.6646803743153548
3.68,215.56,5.31,22.56,0.06,0.03,0.16,0.02,0.05,0.06,0.0707106781186547,0.6646803743153548,0.134350288425444,0.6646803743153548
3.69,215.0,5.25,22.62,0.07,0.02,0.19,0.05,0.08,0.03,0.0636396103067892,0.6646803743153548,0.134350288425444,0.6646803743153548
3.7,214.81,5.19,22.75,0.06,0.0,0.21,0.02,0.21,0.06,0.0636396103067892,0.6646803743153548,0.134350288425444,0.6646803743153548
3.71,214.56,5.06,22.81,0.06,0.0,0.19,0.06,0.08,0.07,0.0636396103067892,0.6717514421272202,0.1272792206135785,0.6717514421272202
3.72,214.19,5.0,22.87,0.06,0.03,0.19,0.16,0.14,0.02,0.0636396103067892,0.6788225099390855,0.1272792206135785,0.6788225099390855
3.73,214.0,5.0,23.06,0.09,0.06,0.19,0.13,0.36,0.08,0.0636396103067892,0.6788225099390855,0.1272792206135785,0.6788225099390855
3.74,213.44,5.0,23.19,0.1,0.05,0.11,0.11,0.36,0.01,0.0565685424949237,0.6717514421272202,0.134350288425444,0.6717514421272202
3.75,213.44,5.0,23.25,0.07,0.01,0.01,0.08,0.24,0.01,0.0494974746830583,0.6717514421272202,0.1414213562373095,0.6717514421272202
3.76,213.5,5.06,23.31,0.04,0.0,0.07,0.02,0.1,0.03,0.0494974746830583,0.6717514421272202,0.1414213562373095,0.6717514421272202
3.77,213.31,5.12,23.31,0.01,0.01,0.12,0.07,0.27,0.18,0.0494974746830583,0.6717514421272202,0.1414213562373095,0.6717514421272202
3.78,213.37,5.12,23.25,0.05,0.03,0.03,0.09,0.41,0.3,0.0494974746830583,0.6717514421272202,0.1414213562373095,0.6717514421272202
3.79,213.37,5.06,23.25,0.0,0.09,0.13,0.11,0.33,0.09,0.0494974746830583,0.6717514421272202,0.1414213562373095,0.6717514421272202
3.8,213.0,4.94,23.25,0.03,0.03,0.06,0.44,0.48,0.23,0.0494974746830583,0.6788225099390855,0.134350288425444,0.6788225099390855
3.81,212.94,4.87,23.31,0.02,0.02,0.01,0.29,0.11,0.12,0.0494974746830583,0.6788225099390855,0.134350288425444,0.6788225099390855
3.82,212.63,4.87,23.31,0.02,0.02,0.03,0.12,0.28,0.02,0.0494974746830583,0.6717514421272202,0.1414213562373095,0.6717514421272202
3.83,212.47,4.8100000000000005,23.375,0.05,0.015,0.14500000000000002,0.105,0.63,0.09500000000000001,0.04757980180199039,0.6990570880138592,0.14273940540597127,0.6990570880138592
3.84,212.31,4.75,23.44,0.08,0.01,0.26,0.09,0.98,0.17,0.0424264068711928,0.6788225099390855,0.134350288425444,0.6788225099390855
3.85,211.94,4.81,23.56,0.1,0.11,0.08,0.15,0.57,0.07,0.0424264068711928,0.6717514421272202,0.1414213562373095,0.6717514421272202
3.86,212.12,5.06,23.69,0.13,0.14,0.19,0.11,0.23,0.4,0.0424264068711928,0.6717514421272202,0.1414213562373095,0.6717514421272202
3.87,212.06,5.25,23.81,0.11,0.1,0.17,0.0,0.02,0.5,0.0424264068711928,0.6717514421272202,0.1414213562373095,0.6717514421272202
3.88,212.19,5.37,23.87,0.08,0.01,0.12,0.44,1.32,0.29,0.0424264068711928,0.6717514421272202,0.1414213562373095,0.6717514421272202
3.89,212.63,5.56,23.94,0.06,0.01,0.51,0.41,0.91,0.25,0.0424264068711928,0.6717514421272202,0.1414213562373095,0.6717514421272202
3.9,213.12,5.87,23.87,0.02,0.01,0.75,0.24,0.83,0.4,0.0494974746830583,0.6717514421272202,0.1414213562373095,0.6717514421272202
3.91,214.12,6.19,23.81,0.04,0.06,0.88,0.09,0.9,0.32,0.0565685424949237,0.6646803743153548,0.1414213562373095,0.6646803743153548
3.92,214.94,6.56,24.0,0.04,0.09,0.94,0.15,0.8,0.07,0.0494974746830583,0.6646803743153548,0.1484924240491749,0.6646803743153548
3.93,215.94,6.87,23.94,0.07,0.09,0.92,0.16,0.46,0.01,0.0565685424949237,0.6646803743153548,0.1484924240491749,0.6646803743153548
3.94,217.0,7.19,23.94,0.07,0.09,0.89,0.08,0.26,0.03,0.0636396103067892,0.6576093065034893,0.1555634918610404,0.6576093065034893
3.95,217.75,7.5,23.87,0.11,0.1,0.8,0.11,0.05,0.02,0.0707106781186547,0.6505382386916237,0.1555634918610404,0.6505382386916237
3.96,218.19,7.56,23.94,0.12,0.12,0.66,0.0,0.33,0.02,0.0707106781186547,0.6505382386916237,0.1555634918610404,0.6505382386916237
3.97,218.88,7.75,23.94,0.13,0.12,0.45,0.09,0.29,0.16,0.0777817459305202,0.6505382386916237,0.1555634918610404,0.6505382386916237
3.98,219.19,7.81,24.06,0.17,0.11,0.31,0.1,0.14,0.02,0.0777817459305202,0.6505382386916237,0.1555634918610404,0.6505382386916237
3.99,219.5,7.81,24.19,0.17,0.11,0.21,0.09,0.32,0.14,0.0777817459305202,0.6505382386916237,0.1555634918610404,0.6505382386916237
4.0,219.56,7.81,24.31,0.17,0.09,0.14,0.06,0.41,0.04,0.0777817459305202,0.6576093065034893,0.1484924240491749,0.6576093065034893
4.01,219.75,7.81,24.44,0.16,0.08,0.07,0.15,0.31,0.05,0.0777817459305202,0.6576093065034893,0.1484924240491749,0.6576093065034893
4.02,219.87,7.75,24.5,0.15,0.07,0.07,0.15,0.4,0.17,0.0777817459305202,0.6576093065034893,0.1484924240491749,0.6576093065034893
4.03,219.75,7.81,24.56,0.15,0.05,0.06,0.27,0.16,0.04,0.0777817459305202,0.6576093065034893,0.1484924240491749,0.6576093065034893
4.04,219.87,7.81,24.69,0.15,0.03,0.07,0.25,0.03,0.0,0.0777817459305202,0.6576093065034893,0.1484924240491749,0.6576093065034893
4.05,219.81,7.81,24.87,0.15,0.03,0.12,0.26,0.11,0.02,0.0707106781186547,0.6576093065034893,0.1555634918610404,0.6576093065034893
4.06,220.0,7.87,25.0,0.14,0.02,0.21,0.02,0.07,0.08,0.0707106781186547,0.6576093065034893,0.1555634918610404,0.6576093065034893
4.07,220.31,8.0,25.12,0.16,0.02,0.23,0.06,0.07,0.07,0.0777817459305202,0.6505382386916239,0.1555634918610404,0.6505382386916239
4.08,220.44,8.13,25.25,0.15,0.0,0.28,0.09,0.08,0.06,0.0777817459305202,0.6505382386916239,0.1555634918610404,0.6505382386916239
4.09,220.63,8.19,25.31,0.14,0.01,0.29,0.07,0.1,0.03,0.0777817459305202,0.6505382386916239,0.1555634918610404,0.6505382386916239
4.1,220.94,8.31,25.44,0.2,0.02,0.21,0.14,0.14,0.16,0.0777817459305202,0.6505382386916239,0.1555634918610404,0.6505382386916239
4.11,221.0,8.44,25.69,0.23,0.06,0.23,0.11,0.23,0.2,0.0777817459305202,0.6505382386916239,0.1555634918610404,0.6505382386916239
4.12,221.125,8.594999999999999,25.845,0.195,0.045,0.21000000000000002,0.255,0.755,0.4,0.07927181487292237,0.6945720922198918,0.16986817472769086,0.6945720922198918
4.13,221.25,8.75,26.0,0.16,0.03,0.19,0.4,1.28,0.6,0.0707106781186547,0.6505382386916239,0.1626345596729059,0.6505382386916239
4.14,221.44,8.75,26.12,0.12,0.05,0.14,0.53,1.72,0.99,0.0707106781186547,0.6505382386916239,0.1626345596729059,0.6505382386916239
4.15,221.285,8.780000000000001,26.310000000000002,0.15,0.125,0.225,0.4,1.025,0.915,0.0754700860958327,0.6943247920816615,0.17358119802041533,0.6943247920816615
4.16,221.13,8.81,26.5,0.18,0.2,0.31,0.27,0.33,0.84,0.0707106781186547,0.6505382386916239,0.1626345596729059,0.6505382386916239
4.17,221.5,9.19,26.62,0.07,0.24,0.37,0.52,1.52,0.43,0.0707106781186547,0.6434671708797584,0.1697056274847714,0.6434671708797584
4.18,221.56,9.56,26.69,0.04,0.19,0.26,0.69,2.5,0.06,0.0707106781186547,0.6434671708797584,0.1697056274847714,0.6434671708797584
4.19,221.5,9.63,26.69,0.12,0.01,0.3,0.38,1.68,0.06,0.0707106781186547,0.6434671708797584,0.1697056274847714,0.6434671708797584
4.2,221.13,9.44,26.56,0.14,0.01,0.44,0.14,0.6,0.1,0.0707106781186547,0.6434671708797584,0.1697056274847714,0.6434671708797584
4.21,220.31,9.19,26.5,0.14,0.01,0.54,0.06,0.46,0.22,0.0636396103067893,0.6434671708797584,0.1697056274847714,0.6434671708797584
4.22,219.75,8.94,26.37,0.19,0.0,0.52,0.09,0.76,0.22,0.0636396103067893,0.6434671708797584,0.1697056274847714,0.6434671708797584
4.23,218.94,8.69,26.19,0.27,0.01,0.52,0.18,0.79,0.08,0.0565685424949238,0.6505382386916237,0.1697056274847714,0.6505382386916237
4.24,218.25,8.38,25.94,0.31,0.04,0.64,0.13,0.27,0.13,0.0636396103067893,0.6505382386916237,0.1626345596729059,0.6505382386916237
4.25,217.5,7.94,25.69,0.3,0.06,0.67,0.11,0.26,0.09,0.0565685424949237,0.6505382386916237,0.1626345596729059,0.6505382386916237
4.26,216.38,7.56,25.44,0.29,0.07,0.65,0.19,0.12,0.12,0.0494974746830583,0.6505382386916237,0.1626345596729059,0.6505382386916237
4.27,215.75,7.25,25.19,0.3,0.05,0.58,0.22,0.15,0.02,0.0494974746830583,0.6576093065034893,0.1626345596729059,0.6576093065034893
4.28,214.88,6.94,24.87,0.3,0.04,0.46,0.07,0.36,0.06,0.0494974746830583,0.6576093065034893,0.1555634918610404,0.6576093065034893
4.29,214.44,6.75,24.56,0.32,0.04,0.3,0.05,0.17,0.22,0.0494974746830583,0.6576093065034893,0.1555634918610404,0.6576093065034893
4.3,214.25,6.62,24.19,0.35,0.04,0.16,0.0,0.3,0.13,0.0494974746830583,0.6576093065034893,0.1555634918610404,0.6576093065034893
4.31,214.12,6.56,24.06,0.36,0.05,0.02,0.13,0.47,0.09,0.0494974746830583,0.6576093065034893,0.1555634918610404,0.6576093065034893
4.32,214.12,6.56,23.69,0.38,0.05,0.13,0.1,0.34,0.14,0.0565685424949237,0.6576093065034893,0.1484924240491749,0.6576093065034893
4.33,214.12,6.529999999999999,23.28,0.36,0.055,0.13,0.14,0.4,0.095,0.05964587865236234,0.6971112067494861,0.15657043146245134,0.6971112067494861
4.34,214.12,6.5,22.87,0.34,0.06,0.13,0.18,0.46,0.05,0.0565685424949237,0.6646803743153546,0.1484924240491749,0.6646803743153546
4.35,214.25,6.44,22.62,0.31,0.1,0.09,0.05,0.36,0.21,0.0636396103067892,0.6646803743153546,0.1414213562373095,0.6646803743153546
4.36,214.28,6.345000000000001,22.28,0.305,0.12000000000000001,0.055,0.045,0.3,0.13,0.06679874538290212,0.6976757851103117,0.1484416564064493,0.6976757851103117
4.37,214.31,6.25,21.94,0.3,0.14,0.02,0.04,0.24,0.05,0.0636396103067892,0.6646803743153546,0.1414213562373095,0.6646803743153546
4.38,214.25,6.12,21.62,0.27,0.15,0.08,0.18,0.63,0.11,0.0707106781186547,0.6646803743153546,0.134350288425444,0.6646803743153546
4.39,214.06,5.94,21.37,0.23,0.13,0.06,0.09,0.51,0.16,0.0707106781186547,0.6646803743153546,0.134350288425444,0.6646803743153546
4.4,214.0,5.81,21.25,0.2,0.1,0.05,0.09,0.46,0.22,0.0707106781186547,0.6646803743153546,0.134350288425444,0.6646803743153546
4.41,213.94,5.75,21.25,0.14,0.08,0.06,0.21,0.64,0.14,0.0707106781186547,0.6646803743153546,0.134350288425444,0.6646803743153546
4.42,213.94,5.69,21.19,0.13,0.09,0.01,0.32,0.57,0.02,0.0707106781186547,0.6646803743153546,0.134350288425444,0.6646803743153546
4.43,214.03,5.720000000000001,21.155,0.11,0.07,0.034999999999999996,0.32,0.45499999999999996,0.045,0.07426174827922072,0.6980604338246753,0.14109732173051945,0.6980604338246753
4.44,214.12,5.75,21.12,0.09,0.05,0.06,0.32,0.34,0.07,0.0707106781186547,0.6646803743153546,0.134350288425444,0.6646803743153546
4.45,214.12,5.75,21.12,0.04,0.05,0.05,0.31,0.41,0.1,0.0707106781186547,0.6646803743153546,0.134350288425444,0.6646803743153546
4.46,214.215,5.8100000000000005,21.12,0.035,0.035,0.095,0.29000000000000004,0.345,0.055,0.07426174827922072,0.6980604338246753,0.14109732173051945,0.6980604338246753
4.47,214.31,5.87,21.12,0.03,0.02,0.14,0.27,0.28,0.01,0.0707106781186547,0.6646803743153546,0.134350288425444,0.6646803743153546
4.48,214.5,5.94,21.12,0.01,0.0,0.14,0.2,0.22,0.05,0.0707106781186547,0.6646803743153546,0.134350288425444,0.6646803743153546
4.49,214.63,6.06,21.12,0.0,0.01,0.14,0.16,0.01,0.09,0.0707106781186547,0.6646803743153546,0.134350288425444,0.6646803743153546
4.5,214.69,6.06,21.12,0.01,0.0,0.09,0.19,0.06,0.0,0.0707106781186547,0.6646803743153546,0.134350288425444,0.6646803743153546
4.51,214.81,6.12,21.12,0.01,0.0,0.03,0.13,0.14,0.01,0.0707106781186547,0.6646803743153546,0.134350288425444,0.6646803743153546
4.52,214.69,6.12,21.12,0.0,0.02,0.02,0.12,0.14,0.04,0.0707106781186547,0.6646803743153546,0.134350288425444,0.6646803743153546
4.53,214.69,6.06,21.12,0.0,0.01,0.03,0.15,0.04,0.05,0.0707106781186547,0.6646803743153546,0.134350288425444,0.6646803743153546
4.54,214.72,6.09,21.12,0.005,0.01,0.025,0.14500000000000002,0.07999999999999999,0.1,0.07426174827922072,0.6980604338246753,0.14109732173051945,0.6980604338246753
4.55,214.75,6.12,21.12,0.01,0.01,0.02,0.14,0.12,0.15,0.0707106781186547,0.6646803743153546,0.134350288425444,0.6646803743153546
4.56,214.75,6.12,21.12,0.0,0.01,0.0,0.1,0.12,0.0,0.0707106781186547,0.6646803743153546,0.134350288425444,0.6646803743153546
4.57,214.815,6.155,21.09,0.01,0.005,0.04,0.060000000000000005,0.095,0.03,0.07426174827922072,0.6980604338246753,0.14109732173051945,0.6980604338246753
4.58,214.88,6.19,21.06,0.02,0.0,0.08,0.02,0.07,0.06,0.0707106781186547,0.6646803743153546,0.134350288425444,0.6646803743153546
4.59,214.94,6.25,21.0,0.03,0.02,0.07,0.0,0.02,0.01,0.0777817459305202,0.6646803743153546,0.134350288425444,0.6646803743153546
4.6,215.0,6.25,20.94,0.04,0.02,0.07,0.04,0.06,0.06,0.0777817459305202,0.6646803743153546,0.134350288425444,0.6646803743153546
4.61,215.12,6.25,20.88,0.03,0.0,0.07,0.05,0.02,0.06,0.0777817459305202,0.6646803743153546,0.134350288425444,0.6646803743153546
4.62,215.12,6.25,20.88,0.03,0.01,0.05,0.04,0.14,0.02,0.0777817459305202,0.6646803743153546,0.134350288425444,0.6646803743153546
4.63,215.12,6.25,20.81,0.02,0.02,0.02,0.01,0.02,0.05,0.0777817459305202,0.6646803743153546,0.134350288425444,0.6646803743153546
4.64,215.12,6.25,20.81,0.015,0.02,0.01,0.04,0.05499999999999999,0.08,0.0816406623721379,0.6976565693619059,0.14101568955187457,0.6976565693619059
4.65,215.12,6.25,20.81,0.01,0.02,0.0,0.07,0.09,0.11,0.0777817459305202,0.6646803743153546,0.134350288425444,0.6646803743153546
4.66,215.12,6.25,20.81,0.01,0.03,0.0,0.08,0.0,0.11,0.0777817459305202,0.6646803743153546,0.134350288425444,0.6646803743153546
