0.03,-0.26126508846323593,-0.06377393448335192,0.5134840710304986,0.014870147655070241,-0.5155526951922339,0.5712060825986854,-0.11562842285868864,-0.5979102366816207,5.576905633137872,0.11787824308138652,-2.2148287286630413,2.1161935261103175
0.04,-0.28347994430274026,-0.04395781866610876,0.5145515387354901,-0.00560736912571102,-0.4504819039124415,0.7039142016669337,-0.20192994881519707,-0.6532841569805699,10.854200904552544,-4.234716288676286,-1.8369608300902156,7.351220597631387
0.05,-0.30528791034789277,-0.023683667847571782,0.5151030588047564,-0.026359843676617395,-0.35708117522432825,0.8122358817895308,-0.28651227066095464,-0.6811123566863868,16.0178414297166,-8.73265768673194,-1.3360120479681281,12.638767160134549
0.06,-0.32610899007926547,-0.0032854474062862884,0.5150478593314354,-0.046938395809377365,-0.23135446830542702,0.8885997933899875,-0.3670518596758262,-0.6744656174150682,20.91805192286197,-13.297973667315812,-0.6969204181382568,17.868149898202432
0.07,-0.34534565134929707,0.016863681634027416,0.5143135900402142,-0.06685536624848937,-0.07058176569472273,0.9262591727224249,-0.4411269216613362,-0.6274401102223572,25.40156754328417,-17.83988616479141,0.0897971831510697,22.91877485086231
0.08,-0.3623986442600459,0.036357416954510106,0.5128505794540158,-0.08559402785465133,0.126440970957063,0.9195958814285754,-0.5062800308636755,-0.5354616309615156,29.315675405949673,-22.255857429904705,1.027063171169348,27.662386767120857
0.09,-0.3766841954286491,0.054764158319298824,0.5106355319510808,-0.10262014439749789,0.359208926144206,0.8643994059325968,-0.5600883947736035,-0.39555568647615325,32.51252641762867,-26.43321165904067,2.1104610937815824,31.965807903890177
0.1,-0.3876521959754886,0.071636607494748,0.5076744875146822,-0.11739522890034411,0.6253733288980861,0.7581097668122799,-0.6002403191958802,-0.20657172341031974,34.85361847586499,-30.251345516656745,3.3277058419649155,35.69413691337152
0.11,-0.3948049355860115,0.08652302394646268,0.5040048830333342,-0.12939128116410786,0.9206728132487351,0.6000143444116472,-0.6246160461386607,0.03064877970802544,36.21434033411009,-33.58451638017263,4.658398396853239,38.714357245068925
0.12,-0.39771587678924086,0.09897996263291067,0.4996965766648687,-0.1381067103426618,1.238937567111963,0.3913899811875765,-0.6313707660103084,0.3131688452479874,36.48845571260651,-36.30517119879963,6.0740912380548435,40.8992830608359
0.13,-0.3960479148918489,0.10858624515589307,0.49485172554088946,-0.14308307611585097,1.57216997906659,0.13558333328603997,-0.6190172803343934,0.6359235662594124,35.59240003431094,-38.2877527260676,7.538679378942205,42.131750053299484
0.14,-0.3895705325115873,0.1149578411260443,0.4896034412567641,-0.14392221404575023,1.9107027239852832,-0.16197574376294357,-0.5865055305157771,0.9917628404794605,33.46925798250417,-39.41289473572488,9.009120148740973,42.30893976751899
0.15,-0.3781752359313023,0.1177632658506541,0.4841131862708072,-0.14030325018278147,2.243432407321966,-0.49383103221331787,-0.5332960289883968,1.3715709757295182,30.09228935246358,-39.57189476672633,10.436472729689058,41.34670998762048
0.16,-0.3618886558447476,0.11673903643792903,0.4785669164560526,-0.13199895999101555,2.5581241080291646,-0.85062821751163,-0.45942414561493433,1.7644623900734049,25.467873759865313,-38.67133296702745,11.767236486978392,39.18379129990326
0.17,-0.34088270940587684,0.11170467420217162,0.4731700193925813,-0.11889089014851835,2.841779509462911,-1.221313692425155,-0.3655522255501831,2.158050151250278,19.63775191875856,-36.637689589512796,12.94495568609644,35.78570178711612
0.18,-0.31548125524844484,0.10257669977814769,0.46814114322271627,-0.10098264147027644,3.081058866917,-1.5934009205268465,-0.25300665228075464,2.5387816915980697,12.680452525640328,-33.42180235507131,13.912047637052588,31.148228495604343
0.19,-0.2861627291431442,0.08938104128900778,0.46370505559497366,-0.07841070945747591,3.2627449020744566,-1.9532993415753528,-0.12379722448643905,2.892333759093921,4.711809250589406,-29.002998784900427,14.611801966663077,25.30032622361721
0.2,-0.2535583253581477,0.07226326757687472,0.46008471492598874,-0.051452297680151464,3.3742349019514606,-2.2866988600316724,0.019383413330819162,3.2040565804495196,-4.115508245734961,-23.392738080046126,14.990490890266319,18.306291493395964
0.21,-0.21844538699734306,0.05149606974811042,0.4574927754337557,-0.020529559650862242,3.4040458860564367,-2.5790011567986313,0.17318206434802055,3.459455372087339,-13.613502322552591,-16.637602363368106,14.999524282202604,10.267082285729213
0.22,-0.18173578623838482,0.02748344639535505,0.45612278169367615,0.013790212327637726,3.342316732867939,-2.815787444628013,0.33363019186395143,3.6446957878088915,-23.561421306653994,-8.821488077109548,14.597579232060268,1.320672033265392
0.23,-0.1444592103137093,0.0007611014847475403,0.45614033646958524,0.05079884777680398,3.181290656205976,-2.9833108885242123,0.4962125756356074,3.747118680707083,-33.70939766175998,-0.06686483831144537,13.752631771344477,-8.358650900072687
0.24,-0.10774141832427804,-0.0280073610137429,0.45767454602231633,0.08965629813530965,2.9157614124341613,-3.0690007699946547,0.655959198481132,3.7557487174118296,-43.783118313068854,9.465009295927121,12.443818657821604,-18.562100045393827
0.25,-0.07277769386327564,-0.058038765919220296,0.4608100589072654,0.129404540331425,2.5434671070511703,-3.061964620704843,0.8075593637058248,3.6617809437316535,-53.489463840211506,19.575000968485533,10.663059549150088,-29.04935524357017
0.26,-0.040801884607574224,-0.08844342436062833,0.46558001655120435,0.16898640479139637,2.065416447843344,-2.9534740152116505,0.9454962351605453,3.459029382629765,-62.52302209172254,30.028197773897386,8.416374560399527,-39.552672750394905
0.27,-0.01305158760111245,-0.11824299368046773,0.4719602259992524,0.20726919213264294,1.4861337424871106,-2.737419517036382,1.064199186478567,3.1443221598123876,-70.57335164725323,40.557209178508565,5.724838997957406,-49.78210424708703
0.28,0.00926979743005224,-0.1463930679844463,0.47986484677166574,0.24307277652234413,0.8138108300391473,-2.4107204344468225,1.1582105719680134,2.71782850102235,-77.3328424444845,50.866658414499945,2.6251258514384515,-59.43175242142737
0.29,0.025033270337117733,-0.17181027218079775,0.48914385469538524,0.2752017226069714,0.06035642497164492,-1.9736755721337702,1.2223628168826914,2.1833042203703883,-82.50499575855063,60.63881531486557,-0.8304027960776923,-68.18695566281944
0.3,0.033225673205684494,-0.19340347120971968,0.4995825061288544,0.3024807723238509,-0.7586640149975838,-1.4302420650433791,1.2519610969515158,1.5482440022400619,-85.81292448022053,69.54028369395063,-4.574082166913765,-75.7322608232664
0.31,0.0329912403413785,-0.21010854408000687,0.5109029767685286,0.32379289346950696,-1.6242018744671542,-0.7882306452059897,1.2429663622374236,0.8239308414683278,-87.00785810555954,77.22962157165665,-8.52382238394936,-81.76001201762217
0.32,0.023672030839788295,-0.22092601444239293,0.5227682911399628,0.3381189295223374,-2.514013279161972,-0.05940730690947629,1.1921730823251848,0.0253754082044187,-85.87742572809991,83.36573935637325,-12.584476429493778,-85.97935609815599
0.33,0.004845958373287446,-0.2249606810771672,0.5347885931975737,0.3445777558374436,-3.4030589251805337,0.7405067237090095,1.097375868890612,-0.8288592043810411,-82.25348517543685,87.61689106697096,-16.64968291967993,-88.12544268208589
0.34,-0.023638892603132018,-0.22146225823781152,0.5465297367645299,0.34246573672467423,-4.264010173715113,1.5919425745568636,0.9575190841216268,-1.716948968345395,-76.01926765121682,89.6700477413633,-20.604153344237258,-87.96857926265189
0.35,-0.06163496200124271,-0.20986592252001263,0.5575240987065627,0.33129419649158576,-5.0678525138609976,2.471702243500459,0.7728236806105152,-2.614215176903289,-67.11561504392027,89.24042120361696,-24.326358958444267,-85.32309067968599
0.36,-0.10867216468796859,-0.1898315747512692,0.5672834398703079,0.31082357010493367,-5.7845744038289295,3.35328873262588,0.5448858461092744,-3.4936408228560407,-55.546101464939255,86.08089107619507,-27.691558819536304,-80.05562758654102
0.37,-0.16394224521790737,-0.16128056676373595,0.5753135612488584,0.2810928897372617,-6.3839266378826505,4.207345660419826,0.2767425449098888,-4.326489267370019,-41.380851399956406,79.99107891764163,-30.575097956101963,-72.09267086826742
0.38,-0.22629154862824075,-0.1244286176009838,0.5811304280271888,0.2424432951848157,-6.836234838218743,5.0022013051803995,-0.027100249638802136,-5.0830142533053415,-24.758893720424425,70.82581106630629,-32.85589374873284,-61.42698839002119
0.39,-0.29422304267219035,-0.07981365467249248,0.5842773646444566,0.19553433089215166,-7.113245517316569,5.704509119613203,-0.3606799623269742,-5.733247361948068,-5.888923134986807,58.50271642988451,-34.42001965437197,-48.122816934334665
0.4,-0.36590821362407744,-0.0283173645960426,0.584342862323666,0.14135191073706932,-7.1889844681128325,6.279973910340338,-0.7166327659590671,-6.247846299271972,14.951622285889092,43.008717146617784,-35.16428875291695,-32.31956546996573
0.41,-0.4392092122814346,0.02882067313810325,0.5809784891141139,0.08120699306862711,-7.0406050771273145,6.69415017314115,-1.0862930202253975,-6.598985009066741,37.4192180147744,24.40518863618353,-34.99973550561904,-14.233865536328237
0.42,-0.5117113547680932,0.08999726925410682,0.5739163536542619,0.016724210551592518,-6.64920356710266,6.913296591327495,-1.4598366902514213,-6.761264621337261,61.1086512753231,2.831590747408343,-33.85489279916859,5.840170107286568
0.43,-0.5807657911534491,0.15324915940262201,0.5629855496270861,-0.050180061514510294,-6.000578194069105,6.905268514772764,-1.8264673152473399,-6.712622723463598,85.5591221858281,-21.49259699639507,-31.678762942648316,27.53257913336707
0.44,-0.6435418517235275,0.21626642600424686,0.5481269999480303,-0.11733044366632624,-5.085910066366102,6.640428410494302,-2.1746417508428433,-6.43521744686359,110.26196384421553,-48.26776632088311,-28.44338584278749,50.40112591386632
0.45,-0.6970882747630667,0.2764162126492327,0.5294061293883187,-0.1823360462332203,-3.902344520512268,6.092552875591287,-2.4923315759385156,-5.916262439397597,134.6698526156517,-77.11598621128078,-24.14591507805334,73.93682958363938
0.46,-0.7384022202940808,0.33077688079329975,0.5070228224046982,-0.24264435306666982,-2.4534538639287278,5.239713884462757,-2.767314778330554,-5.148788975708483,158.20733729000816,-107.58476792835306,-18.81012290959902,97.57140223730103
0.47,-0.7645046910041547,0.37618248335903043,0.48131816969399843,-0.2956048057670219,-0.7495647428953773,4.0651115487762,-2.9874911552048324,-4.1323122609841025,180.28247656743142,-139.15278537549193,-12.487268206364215,120.68650629345461
0.48,-0.7725207241943921,0.40927714233823653,0.45277757210858577,-0.3385410758886371,1.1920636357912542,2.557835832617451,-3.141213825880762,-2.8733804087659984,200.29933966824723,-171.23749818772873,-5.256276538851905,142.62469157339817
0.49,-0.7597624962318508,0.42657862537646957,0.42202985313846153,-0.36883069966588544,3.3472207768031907,0.7135354049758214,-3.2176283933755556,-1.3859866039205118,217.67109580306132,-203.20457576719903,2.776801050349979,162.70182624927622
0.5,-0.7238133022653377,0.4245501278987199,0.389842129650146,-0.38399045735780996,5.684892213162833,-1.4650268691791586,-3.207010643006971,0.3081724358498911,231.8333956949396,-234.37897243318932,11.480065292769334,180.22079276189876
0.51,-0.6626102464060875,0.3996789911671952,0.3571103028264504,-0.38176561741774145,8.167575346066249,-3.967550411305406,-3.1010932597318934,2.1796054628335435,242.25773306399088,-264.0574581474003,20.697776797787867,194.48618126493264
0.52,-0.5745234074212202,0.34856083132136934,0.32484515455405,-0.36022094393942206,10.751762040322383,-6.775921570537041,-2.893371904273818,4.191113350191541,248.46446651879847,-291.52236714048706,30.253069485342746,204.8196801928919
0.53,-0.45842923688769355,0.26798732825353094,0.2941541656150961,-0.3178311929747351,13.388581902871522,-9.864099685388888,-2.5793811270448,6.298059620442775,250.0351829908441,-316.0562893608688,39.95132350259317,210.5758371180709
0.54,-0.31377600354476004,0.155035733907902,0.26621930726615384,-0.25356870696451544,16.024595923371614,-13.198174464662538,-2.1569310260153713,8.448826844770965,246.6240928153373,-336.95739804923363,49.58413210207766,211.15784394277952
0.55,-0.14063922011489915,0.007158014253846725,0.24227119309253808,-0.16698566281103103,18.602726081613323,-16.736600855958667,-1.6262962689403415,10.585456490822953,237.9681636928323,-353.55508184238727,58.93377850564104,206.03298927631576
0.56,0.060234824107877484,-0.17773255627045434,0.22356010913079308,-0.058288542447860546,21.063302741550753,-20.430613556250567,-0.9903500916261995,12.644465312218637,223.89572571967952,-365.2255324044635,67.77812211642848,194.7474179841198
0.57,0.28739905345790634,-0.40117956992500586,0.2113245627695001,0.07159752243158914,23.345208265072518,-24.22481911553149,-0.2546371331230481,14.55782693434572,204.33331188914192,-371.4069292718249,75.8957791017788,176.93984357532005
0.58,0.5386904436604718,-0.6641086355858854,0.20675810051282678,0.2209767272261631,25.38709239005411,-28.057959293667295,0.5726195520193165,16.25410301404484,179.31053716891648,-371.6138627851125,83.07147083136607,152.35387330657662
0.59,0.811230679985411,-0.9667616321520862,0.21097523714534233,0.387344868105222,27.1286326140748,-31.863835059643524,1.4805802910322576,17.6597043492544,148.96286349780885,-365.45064386425463,89.10140532721356,120.84862840254824
0.6,1.1014432177806694,-1.3086420583724951,0.22497741032357557,0.5673676035032141,28.51181117956746,-35.57237648125426,2.4559205624927256,18.700258696905774,113.53214669640465,-352.6231659394501,93.79855209205364,82.40737219487113
0.61,1.4050869084573963,-1.6884732786161458,0.2496199217708309,0.756876052705698,29.482179322592792,-39.110839851300526,3.4830319761107154,19.302058923051778,73.3649131057101,-332.94900934328956,96.99766966164567,37.14389663181843
0.62,1.7173059190373299,-2.104171216643057,0.2855808463170574,0.9508806899568789,29.990079260873,-42.40510983936603,4.544289729437704,19.393562546502377,28.908367410753414,-306.3655114397809,98.55994810214597,-14.693538303679931
0.63,2.0326952352446948,-2.552832753128634,0.33333288100150194,1.1436040626792976,29.991794971339978,-45.38108134548068,5.620381848347327,18.906911820020934,-19.295812827293982,-272.9355660506217,98.37713546124654,-72.72086818522224
0.64,2.345380610125246,-3.0307407443276486,0.3931190671937736,1.3285324052114178,29.45060413589095,-47.96609315328823,6.690693629100106,17.779442278802446,-70.61978733459837,-232.8509624793769,96.37502778274404,-136.41959277064961
0.65,2.649111415573953,-3.5333862069945288,0.464933248979861,1.4984857477435896,28.337705687401304,-50.09038351340937,7.733738940729705,15.955147213659643,-124.35980870469538,-186.43312659765232,92.51621649514561,-205.1408946812017
0.66,2.9373644857331302,-4.055507817829867,0.5485060316909709,1.6457056474195673,26.63300011652497,-51.688536495750064,8.727628474391581,13.38606581575815,-179.74821715421146,-134.13118286109986,86.80200446166607,-278.1124943144275
0.67,3.2034567208278677,-4.59114846452662,0.643296877233011,1.761959208722165,24.325703034028916,-52.700887379262895,9.650563694180686,10.033563790436473,-235.9669262045323,-76.51731546257315,79.27342230361306,-354.4481678683592
0.68,3.4406639581093463,-5.1337281707801505,0.7484928206217797,1.8386576269623665,21.414776336313054,-53.07485552778652,10.481344198898341,5.869477029062198,-292.162115079595,-14.279467710442194,70.01129926060814,-433.1597969378299
0.69,3.6423434218949255,-5.6761323105315595,0.8630141186255509,1.8669870949851848,17.90916559114678,-52.766174140586315,11.199875485958477,0.8770914199171943,-347.45981462787313,51.788520307947884,59.13536722876123,-513.1717619546163
0.7,3.802056943853054,-6.210813638320854,0.9855269513242964,1.8380495710380007,13.827836832126359,-51.73998795594283,11.787663747699087,-4.948064986677379,-400.9820523089018,120.79917612348163,46.80240205815454,-593.3374390667935
0.71,3.9136921019576514,-6.729906303648946,1.1144630961343156,1.7430106255390196,9.19961070075828,-49.97179239575489,12.228284347202838,-11.597637542459212,-451.86320875469943,191.7858449235918,33.20343198584553,-672.4575120902184
0.72,3.9715784636802076,-7.22534969770108,1.2480462874455172,1.5732513747566708,4.062796676137986,-47.44819071970367,12.507811024561544,-19.050084199035503,-499.2662339205177,263.7190562718208,18.560068498348652,-749.2997690044893
0.73,3.9705962351358206,-7.689019709682657,1.3843247699258023,1.3205213764788357,-1.5353651455962547,-44.16744944212273,12.615193672811593,-27.270549688487108,-542.398374939652,335.52449153901097,3.1200392244072837,-822.620017057428
0.74,3.90627480958819,-8.112864755099151,1.521209356428163,0.9770893104899238,-7.539442743369837,-40.139836470019716,12.542573681003432,-36.21098121400246,-580.5260803213478,406.1021957785933,-12.847975058862561,-891.1837226776219
0.75,3.7748789699927325,-8.489043785801377,1.6565161189468585,0.53588829638337,-13.886715165833758,-35.38773104909776,12.285527343703496,-45.81048720509429,-612.9887656793181,474.34664521871343,-29.060077237276897,-953.7879626898912
0.76,3.5734808228734263,-8.810063406043668,1.7880126796205733,-0.009347188402631202,-20.508219905744372,-29.945499546755762,11.843229644043959,-55.9959356863287,-639.2111541370745,539.1672575671035,-45.22332553765129,-1009.2832622122137
0.77,3.3000159145483,-9.068911202860319,1.9134669343034085,-0.6639556403093035,-27.329921510936096,-23.859136238608105,11.21853278328081,-66.68278388682864,-658.7139391168388,599.5089175715925,-61.042187870810004,-1056.5948923184603
0.78,2.953322393673741,-9.259182453538472,2.030696938940675,-1.432236703515503,-34.27397568289798,-17.18567347394391,10.417956096703492,-77.77612599280556,-671.1225574039119,654.3720851700728,-76.22511744285222,-1094.7432071161122
0.79,2.533162523205348,-9.375197496708717,2.137620623197353,-2.3173554586634606,-41.260061184936525,-9.99237074909519,9.451586399258542,-89.17194152255338,-676.1739050718601,702.8320582866271,-90.49108341104163,-1122.8626151543788
0.8,2.040226296388729,-9.412107243554818,2.2323039696891542,-3.321264727791655,-48.2067506719615,-2.3556971900698644,8.332890274501633,-100.75852277838992,-673.7208768348214,744.0569768358907,-103.5758900879871,-1140.2188037009485
0.81,1.4761173612947134,-9.365984557038205,2.313006312699773,-4.444646885377254,-55.03289108410611,5.63987338465281,7.0784422842003325,-112.41805628650101,-663.7346593726204,777.3241784993212,-115.23812253308388,-1146.223865884125
0.82,0.8433218929857531,-9.233899533379669,2.378221468008474,-5.6868762266016954,-61.65896451615968,13.90323139789069,5.707575458709758,-124.02833014311517,-646.3047598335702,802.0345498186463,-125.26456523140398,-1140.4490193095837
0.83,0.14516145870986227,-9.013977073437875,2.4267135045484305,-7.046002491002902,-68.00840146239099,22.33813728955916,4.241962657051484,-135.46453679818683,-621.6368007491456,817.72455737974,-133.4749537304252,-1122.6346497031152
0.84,-0.6142687121336683,-8.705435522968077,2.457546106780247,-8.518755685761185,-74.00881999979859,30.8448338607055,2.705139391010706,-146.60113906396077,-590.0481607313499,824.0756924018449,-139.72593623758274,-1092.6974634565868
0.85,-1.4301743251891839,-8.30860557999893,2.470104650215892,-10.100571910697404,-79.59316675159124,39.32173248015944,1.121980426041098,-157.313766057188,-551.9615853874529,820.921116793723,-143.91414280972037,-1050.7345876193049
0.86,-2.2971474992316807,-7.824929104055717,2.4641103164885423,-11.78563946842035,-84.7007382898748,47.667138761934794,-0.4818561520718038,-167.48110537596077,-507.89693381309615,808.2493584329952,-145.9782833151167,-997.0245137619352
0.87,-3.2092609446858926,-7.256937904675825,2.439625802608316,-13.56696415838457,-89.27806490154758,55.780982420214606,-2.0805027274027874,-176.98675806526452,-458.46126189271536,786.2049666935267,-145.90022115549348,-932.0248420766035
0.88,-4.160168535459246,-6.608213024573074,2.3970524244934484,-15.4364523116706,-93.27964225317733,63.566515912108585,-3.648458556657133,-185.72102381521387,-404.3374736924448,755.0861046311054,-143.70499706423428,-856.3668428716971
0.89,-5.143209908951498,-5.8833254551547025,2.337118669722973,-17.38500983090216,-96.66850034086953,70.93194718607266,-5.16115341586882,-193.58258532553307,-346.271795907149,715.3391202356115,-139.45980536434607,-770.8469130801614
0.9,-6.151516738455185,-5.087759618686154,2.260860510469082,-19.402655261592574,-99.41660308791359,77.79197334576244,-6.595483447820414,-200.4800628110935,-285.06034724908335,667.5502042538706,-133.27195306711258,-676.4150643560967
0.91,-7.178118395375805,-4.227821312870359,2.169594036318324,-21.478644739916856,-101.50507594433324,84.06918427584218,-7.930304935460943,-206.33341215909684,-221.53508467241215,612.4343047935249,-125.285859311535,-574.1606356618956
0.92,-8.216044850256333,-3.310532131658204,2.0648811998973575,-23.60160653784272,-102.92426273982046,89.69530820063734,-9.146872917337653,-211.07514321467968,-156.5494114481116,550.821527809026,-115.67917810202817,-465.29547588815524
0.93,-9.258424844244322,-2.343512643694145,1.9484896780293262,-25.759682858106984,-103.67361674308245,94.6122746849804,-10.229213139802026,-214.6513379993189,-90.96372856396434,483.6413063170764,-104.65815036304988,-351.1348900256599
0.94,-10.29857758778119,-1.3348568213016059,1.8223480304266857,-27.94067651526076,-103.76143429427846,98.77307465143495,-11.164417760767329,-217.0224522836187,-25.631201130760957,411.9046685888846,-92.45231133188913,-233.07668484631287
0.95,-11.330096501338522,-0.2930003642350362,1.6884974805215858,-30.1322001699618,-103.20444242317521,102.14240147979508,-11.942857423287798,-218.16388777010278,38.61600400415472,336.684975573935,-79.30869568469087,-112.57868618357465
0.96,-12.346923793833453,0.7734143489226087,1.54904174400078,-32.32182585570671,-102.02725447852353,104.69706206474802,-12.558304737136327,-218.06632612054838,100.97977369657565,259.09752955677413,-65.48569507605943,8.864870908910861
0.97,-13.343414967641857,1.8556739237248814,1.4060963863992946,-34.49723264329867,-100.261709924551,106.42615172104027,-13.007966768675065,-216.73582011641633,160.70818588802436,180.2784788640976,-51.24673063370109,129.7476561099906
0.98,-14.314392634873379,2.9451275068892655,1.261739199698052,-36.646350421158836,-97.94611607593288,107.33099192433657,-13.292426764676682,-214.19364130367933,217.10654572373846,101.3634568648,-36.85390618555147,248.5758249829353
0.99,-15.255189318385042,4.033315615313449,1.1179630488597643,-38.75749792172666,-95.1244106280541,107.42483494189898,-13.415497943193238,-210.47588748268123,269.5471674343464,23.466397300570005,-22.561806547175685,363.8924245771381
1.0,-16.161679184450424,5.112091770063105,0.9766325538528658,-40.81951328864709,-91.84526439684923,106.73234432462232,-13.383994693356001,-205.63285730221455,317.4777806232692,-52.34103786879047,-8.611599143303074,474.3011830488891
1.01,-17.03029890484077,6.173734675199344,0.8394458437788366,-42.8218756499224,-88.16114373039856,105.28886489072192,-13.20742885848268,-199.7282029524696,360.4284716564828,-125.04899722112101,4.774413200759463,578.4892532967489
1.02,-17.858058068489747,7.2110489339013935,0.7079024515567399,-44.75481633343268,-84.12735162619144,103.13950012943849,-12.897640861072968,-192.83787547663906,398.0171024583132,-193.72754867756646,17.39765493326857,675.2484989532087
1.03,-18.642539752606623,8.217452585567457,0.5832782159007713,-46.609418529142815,-79.80106573021565,100.33801879885593,-12.468377200215187,-185.04888049336154,429.9531793646428,-257.54299456052985,29.087440585086785,763.4949370184312
1.04,-19.38189201734754,9.187050069658708,0.4666078288702595,-48.37770436421744,-75.24039016452264,96.94561580605621,-11.934827257769514,-176.45786510397306,456.04017306257794,-315.77206948599354,39.7043434058029,842.2859845129354
1.05,-20.07481120577356,10.114689566701092,0.35867541980128415,-50.05270851186646,-70.5034365949533,93.02955517508549,-11.313133347516679,-167.16955941588176,476.17631646362236,-367.81374472315525,49.14269887251304,910.8351961912385
1.06,-20.720518012098974,10.996004025516086,0.26001330830190217,-51.62853760211784,-65.6474481824425,88.66172497850643,-10.619888502642155,-157.29509841605255,490.3539301621442,-413.19841528523534,57.332197079599176,968.5242259112118
1.07,-21.3187273277613,11.82743554980484,0.1709087989032284,-53.10041484417869,-60.72797813494196,83.91713549758286,-9.871636607071808,-146.950251849497,498.65734461435454,-451.5943030261028,64.23854382937132,1014.9117949039005
1.08,-21.869612889350428,12.606243178219117,0.09141863663180136,-54.46470940795305,-55.79813256790081,78.87239256666112,-9.084389135573526,-136.25359127253466,501.2595041763633,-482.8109691278577,69.86319612848352,1049.7395050525145
1.09,-22.373767738548562,13.330494441948561,0.021390504655784973,-55.71895024975732,-50.90788536225991,73.60417804765459,-8.273171991113365,-125.32462453776097,498.4173506515922,-506.7998912445975,74.24220298857135,1072.9343934032179
1.1,-22.832161466253957,13.999041415125374,-0.03950926985879182,-56.861824207880375,-46.10347074776726,68.18776868512305,-7.451614744716871,-114.28192860806524,490.4660931459077,-523.6521228677974,77.4442062011558,1084.6081844630164
1.11,-23.24609515570922,14.61148227920174,-0.09176282042303707,-57.89315834103828,-41.42685749640818,62.69562324069774,-6.6315930351159,-103.24131177442656,477.8124770678601,-533.5931138602801,79.56767743361135,1085.0532583078116
1.12,-23.617154867633904,15.168109696952783,-0.1359638239492227,-58.81388664036587,-36.915306936779245,57.19606584081778,-5.822933026437927,-92.31403605352885,460.9271684048837,-536.9748302696645,80.73748698028338,1074.7354140064986
1.13,-23.94716442893746,15.669847529917522,-0.17277783703523253,-59.6260014161373,-32.60101553529228,51.75209094958863,-5.0331847155365494,-81.6051297572765,440.3363704049545,-534.2653672466294,81.10091530218988,1054.283568225594
1.14,-24.238138200196953,16.11817763096499,-0.2029012252830104,-60.33248984573018,-28.510841562093095,46.420312365423364,-4.267468597238425,-71.2118189524989,416.6127890101622,-526.0363000187033,80.82323071221344,1024.4765869733305
1.15,-24.492234409963945,16.51505859839252,-0.22702004334166875,-60.93725637003288,-24.666114383754635,41.25007521118781,-3.528397811874151,-61.222104766558694,390.3660613725379,-512.9480633814941,80.08296494329034,986.2275031510753
1.16,-24.711709559834638,16.862838487749034,-0.2457701957058927,-61.44503184069347,-21.08252420356714,36.282746124871736,-2.8160754935563204,-51.7135112509218,362.2327590892619,-495.7336891748969,79.06702273493114,940.5654228208522
1.17,-24.898874326186068,17.164163541724257,-0.25970013620388616,-61.86127054790986,-17.770089593539737,31.551192848140353,-2.1281646881820038,-42.75202580542089,332.86607495933913,-475.1812629698067,77.96576197731575,888.6154678477867
1.18,-25.056051314996097,17.421885017286385,-0.2692372505261481,-62.19203649384644,-14.73319990834255,27.07946024295412,-1.4600259926523853,-34.39125101508701,302.92529957459715,-452.1154851205298,76.96817747699609,831.5771408932796
1.19,-25.18553496699497,17.638966164085048,-0.2746589154200769,-62.44388051467116,-11.970729608263833,22.882645531893505,-0.8049160515256862,-26.671783192784314,273.06519232959363,-427.37873702841927,76.25731428753316,770.7015297779402
1.2,-25.289553862641625,17.81839134114863,-0.27606904587953485,-62.623710087683065,-9.476221605005305,18.9669713446979,-0.1542382967382086,-19.620828998485855,243.92535078881582,-401.81206067639937,76.00602612346005,707.267791283784
1.21,-25.37023564054616,17.963079153063763,-0.27338073439330673,-62.738653880939694,-7.238136933207564,15.330051047511173,0.5021641171457637,-13.252067274553227,216.11968299486108,-376.2364581701087,76.37318108099798,642.5593689447875
1.22,-25.429574718856333,18.075801345771467,-0.2663053614709315,-62.79592330226812,-5.240168289884038,11.961336913342107,1.1756843042243754,-7.565758761197291,190.2260893231466,-351.4349082698187,77.50040123335658,577.8404048635953
1.23,-25.4694029961574,18.159109030041936,-0.2543483221539444,-62.80267347319323,-3.4616152192431437,8.842738036999243,1.8786083745648507,-2.549101713067077,166.77646384035108,-328.13547899480494,79.50940521680468,514.3328018433672
1.24,-25.49136370551649,18.21526760222019,-0.23681127720829462,-62.76586618179029,-1.8778188978992076,5.949391572499413,2.623764992387735,1.8231732882206861,146.24712962505598,-306.99588976254506,82.50000427422678,453.19437907626207
1.25,-25.496888600966937,18.246201511892853,-0.2128006083064262,-62.69213744789402,-0.4606545443466284,3.2505679344771927,3.4241797423717935,5.587980746521064,129.04982785059826,-288.58984376876464,86.54878298519972,395.4985424171304
1.26,-25.487178668187543,18.253449789820923,-0.18124154155558564,-62.58767235655299,0.8209206087058966,0.7106881070174296,4.292745773471615,8.792845915051894,115.52338618368664,-273.39541213244604,91.70847668466389,342.2158592249997
1.27,-25.463188568340094,18.238133001990604,-0.140897210439725,-62.45808977459422,2.000266117846712,-1.7095708165823955,5.241921317428909,11.494679129681934,105.92619768642315,-261.78570654983014,98.00803892317047,294.19788840792063
1.28,-25.425615043731078,18.200932042090706,-0.09039176401665333,-62.30833945597446,3.1124067445777213,-4.052107251581303,6.28346348044677,13.75838330131774,100.42964631035824,-254.0220277489624,105.45337476653589,252.16356938599165
1.29,-25.37488953374714,18.142078920131887,-0.028236494411402073,-62.14261386173276,4.193334053990422,-6.360190269985524,7.428206229594684,15.655322704811077,99.1126185686141,-250.24962391714095,114.02869971977037,216.68842010612977
1.3,-25.311175266848227,18.061359454059208,0.04714213658084827,-61.96427676976657,5.279265743546112,-8.677245099420103,8.68588879728539,17.26168432557217,101.95724236766821,-250.49613755388157,123.69846995616848,188.19673508511926
1.31,-25.23436910668542,17.958127528560933,0.13737374581921846,-61.77581043090015,6.405868457262115,-11.045655703540168,10.065038870842631,18.65676553262993,108.84599257960595,-254.67276198861273,134.40981761287318,166.95691096128468
1.32,-25.144108435013283,17.83133035497532,0.24411573820034568,-61.5787826460588,7.60745125795912,-13.505610558360686,11.572912986959055,19.921223656916865,119.56029808086942,-262.5780712229544,146.09541535715584,153.07996056400356
1.33,-25.039783348386173,17.679543951975532,0.3690266336488227,-61.37383470271344,8.916138519921448,-16.094016613885497,13.215494581374609,21.135324098848862,133.78077608718243,-273.904429940881,158.6766873121772,146.52120852709254
1.34,-24.920554427149614,17.501017871868857,0.513742098518109,-61.16069062750252,10.361032716618539,-18.843504823706695,14.997548219945987,22.3772238195763,151.08920619117555,-288.246835586877,172.06727873970124,147.0850935057175
1.35,-24.78537630160824,17.29372802472266,0.6798546611786824,-60.93818769866637,11.967379351514955,-21.781548571176884,16.922726722422812,23.72132645486085,170.97233820626892,-305.1139924160602,186.1766945028528,154.4329356657298
1.36,-24.633027189366647,17.055436304501022,0.8688979513911622,-60.70432763105969,13.75574804288881,-24.929713860479403,18.99372624282101,25.236743820156047,192.82760454322624,-323.9413693902341,200.91401608780666,168.09346484978147
1.37,-24.46214450794248,16.783755599870045,1.0823361349458418,-60.45634731381105,15.741245446553048,-28.303057321600484,21.212482940482627,26.98589626384309,215.97077938046235,-344.10595067762995,216.19160859678777,187.47584618891574
1.38,-24.27126657654468,16.476218678750925,1.3215590251005167,-60.19080746275474,17.932777198736286,-31.90968495222351,23.580403704265407,29.02328121004848,239.64559351807094,-364.94235017245035,231.92873233411018,211.88488733655117
1.39,-24.058880309674933,16.130349371064145,1.5878831473312116,-59.90369706336219,20.33237729811274,-35.75048114371067,26.09862250834325,31.394435374009618,263.03527591700026,-385.75993064274246,248.05497805935127,240.53806624227832
1.4,-23.823474672924743,15.74373443897993,1.8825588210043547,-59.59055104142487,22.93462423493123,-39.81901397300974,28.7682733994492,34.13511161530004,285.2759511155519,-405.86054448705625,264.51345033279705,272.58398158069684
1.41,-23.56359951879841,15.31409451852387,2.2067831081168285,-59.24657822352349,25.72616363446535,-44.10161905072995,31.59077084736671,37.2706863222617,305.4717767853289,-424.5564971518184,281.2636292918661,307.1218005338647
1.42,-23.277929249306894,14.839352540347852,2.561718272456707,-58.86679635103892,28.685357137306937,-48.57766046299201,34.56808822614052,40.81580771833027,322.7116586281566,-441.1883264173169,298.283847364465,343.22126129722136
1.43,-22.96533056516768,14.317698090265528,2.9485151992743077,-58.44617070158735,31.782076627042496,-53.21996359741791,37.70302551422702,44.77428968677867,336.0873317844714,-455.1419912425273,315.57332358207026,379.94278089118393
1.44,-22.62493336249121,13.747646250824463,3.368341052081837,-57.979752759056055,34.97766168740885,-57.99541096866157,40.99945787838749,49.13924977574237,344.7125502245402,-465.8650727604304,333.1537040975819,416.35722280068853
1.45,-22.256203631695016,13.12808957247436,3.8224102949682064,-57.462815363535555,38.2250562939349,-62.86568862269427,44.46255760012525,53.89348412870905,347.74307963688057,-472.8816072753505,351.07006310827666,451.5648935430881
1.46,-21.859017005975424,12.458341955214884,4.312018090277269,-56.89098086765351,41.46913820659268,-67.78816736696515,48.09898276912842,59.010066348206294,344.3971465916314,-475.8051965161703,369.39132358007447,484.71336211272984
1.47,-21.433731404874862,11.738173377095034,4.838574995970003,-56.26033902482495,44.64725133871739,-72.71690000884107,51.91702725456181,64.45315190126836,333.9759587420616,-474.3500735727509,388.21006199715464,515.0137307270423
1.48,-20.98125703004635,10.967834582432365,5.403641836555758,-55.567551632861786,47.689947564698464,-77.60371304778545,55.92672761838588,70.17896476625508,315.8838790122638,-468.339843363357,407.64166593502205,541.755028503788
1.49,-20.50312180362922,10.148071037691906,6.008963606927575,-54.80994134486992,50.521940049260955,-82.39936891416404,60.13992380104982,76.13693874143874,289.64781250686025,-457.7136634762301,427.8228177671647,564.3164504945712
1.5,-20.001530203518204,9.280125673908802,6.65650128926961,-53.98556252680064,53.06326531225818,-87.0547729312584,64.57027153695364,82.27098230938496,254.9353495491185,-442.5296839859376,448.9092825244101,582.1772215396134
1.51,-19.479413353156215,8.365730158387915,7.348460517664876,-53.09325257293533,55.23064598469795,-91.52219774326089,69.23320549762555,88.52083327946688,211.57120291522003,-422.9656224213957,471.0729831435501,594.9239261744548
1.52,-18.94046817501373,7.4070846719408445,8.087316110193719,-52.13266267010265,56.939040684597444,-95.75649704033312,74.14585307406526,94.82346769123696,159.55148287549,-399.3164113961482,494.4983524134599,602.255210660634
1.53,-18.38918342474396,6.406826407647047,8.875831600210443,-51.10426760988112,58.103361783501306,-99.71628005427847,79.32689946439797,101.1145267038111,99.05537071165575,-371.98892033841736,519.3779582109182,603.9838293943984
1.54,-17.830850494245567,5.3679872493301435,9.717073032270717,-50.00935486560374,58.640336199029115,-103.36501851853684,84.7964053074817,107.32972544150854,30.453780294563234,-341.4938180295454,545.9074074611331,600.0360736990186
1.55,-17.271557012260608,4.293941328677229,10.614416438322865,-48.849993757393605,58.47047889922477,-106.6720585981742,90.5755784875592,113.4062090039809,-45.685361896954475,-308.43470796094795,574.2795449690262,590.4486845712948
1.56,-16.718161484648945,3.188343395050048,11.571548570269908,-47.62898610375182,57.52014371044112,-109.61351170320111,96.68650193176771,119.28382303982369,-128.59553557021843,-273.4947324957993,604.6779760933191,575.3634106414958
1.57,-16.178247504951212,2.0550591572242283,12.592460629617705,-46.34980028344665,55.723611452760686,-112.17300009484349,103.15181924591884,124.90626935670508,-217.31399820186445,-237.42090309916216,637.2699573355642,555.0194268442937
1.58,-15.660056428686746,0.8980889671010354,13.681434897414654,-45.0164910893882,53.0251715520088,-114.34223576069951,109.99437991085516,130.22212090154716,-310.68829019230816,-201.00647111491335,672.1987163395125,529.7438766747939
1.59,-15.172397838769296,-0.2785135926529599,14.843024322073385,-43.63360813194012,49.38115025196364,-116.1214141404918,117.23684552908605,135.1856749700621,-407.38697259059404,-165.07170539204498,709.575282462118,499.94084021163417
1.6,-14.724537628379911,-1.4707264865936787,16.082025263438958,-42.20609583074076,44.76183651585614,-117.51940788664487,124.90125831572334,139.75762855424114,-505.9146076472655,-130.443488234404,749.4699307611274,466.07906036215974
1.61,-14.3260640826578,-2.6746454990524007,17.40344371382464,-40.739188212941905,39.153255783590645,-118.55374988834012,133.0085727225438,143.9055651514707,-604.630898655898,-97.93417849843381,791.9033655666922,428.67878032625305
1.62,-13.986732939886418,-3.8865700217273877,18.812455416763747,-39.2383018068349,32.558742035786445,-119.25039920735144,141.5781508275189,147.60424797118634,-701.7738088222991,-68.3202191473957,836.8377942295544,388.2980556791554
1.63,-13.716293042054126,-5.103086304487508,20.314360379073307,-37.7089298819582,25.00026017347897,-119.64328829094481,150.62722197439243,150.83572011038575,-795.4863815615586,-42.32098529251229,884.1680664761161,345.51890463517464
1.64,-13.524294827004198,-6.321146085045377,21.914532319832126,-36.15654114266316,16.519433585552207,-119.7736547532024,160.17030716660778,153.58921775429965,-883.8468890923637,-20.57837699227249,933.7130792180959,300.9336501734045
1.65,-13.419884551175791,-7.53813852353569,23.61836362066159,-34.58648573818949,7.178235941135174,-119.68916605398377,170.21860896136673,155.86090762556043,-964.9018449539936,-3.6376583212366222,985.2076697036028,255.13178828034472
1.66,-13.411587743087,-8.7519534237753,25.431206336203896,-33.00391111848931,-2.9406883299139674,-119.44285044948795,180.77936811944846,157.65346459847115,-1036.70133157841,8.069969840327962,1038.29524049974,208.68768836973194
1.67,-13.50708595234692,-9.961033825784465,27.358309794177856,-31.41368985435472,-13.734103798046574,-119.09185252947384,191.85518908052842,158.9755094754271,-1097.3360186879734,14.2426012674421,1092.5213768390931,162.14939600873493
1.68,-13.712991356138033,-11.1644162048184,29.40475526437583,-29.820361068459427,-25.07868529439054,-118.69603637953831,203.44333747449488,159.84093027253044,-1144.9751842852668,14.720234672854028,1147.328729188692,116.02876566452824
1.69,-14.034624194474814,-12.361756710488807,31.575388110117583,-28.228086608330884,-36.83195334433624,-118.31646379723364,215.53501435319643,160.26811288855328,-1177.9049993619305,9.494384715429096,1202.053440368411,70.79310371868003
1.7,-14.47579830824685,-13.553342124229507,33.87474775966338,-26.640622551963574,-48.833647137134705,-118.01377893452313,228.11461362296112,160.2791086714268,-1194.5663019027736,-1.2856269927255137,1255.9233960739555,26.858451044615716
1.71,-15.03862023343412,-14.74008450186942,36.30699575536268,-25.0613060913259,-60.90752856920901,-117.84653412671628,241.15897124598405,159.898767115335,-1193.591066686529,-17.309955157638427,1308.0585692732564,-15.41541834614408
1.72,-15.723307347226555,-15.923498796665026,38.8758420618689,-23.493057307847508,-72.8636007959534,-117.8694943973596,254.63661710873228,159.1538617163532,-1173.8367757876008,-38.109268294305025,1357.473711826836,-55.72825903315868
1.73,-16.528030457000188,-17.105663121790386,41.584469748830394,-21.93839485571936,-84.50071459896887,-118.13196010743263,268.5070429591911,158.07223591345704,-1134.4179111444453,-63.05963957628354,1403.0836202194557,-93.84090419444853
1.74,-17.448785965303745,-18.289161703708835,44.43545811525742,-20.399464120605124,-95.60952598574089,-118.67614836637905,282.7200024053888,156.68199410242988,-1074.7338252129668,-91.39130453968184,1443.7111661173717,-129.57518018939865
1.75,-18.479302331940175,-19.477010991580105,47.43070429905251,-18.878076038139287,-105.97575905186903,-119.53567407838753,297.21486154246304,155.01076001799464,-994.492298239825,-122.2012104478209,1478.0982365053653,-162.81230590149465
1.76,-19.610984991571826,-20.672569814310812,50.571343422028036,-17.37575445071681,-115.38371951189922,-120.73417081441029,311.92002121855165,153.08502144394075,-893.7281602820356,-154.46919232244636,1504.9196726518358,-193.48993513665022
1.77,-20.832903180780534,-21.879434906494,53.85766736309797,-15.893789661837141,-123.61999669019185,-122.28409005340616,326.75243413523566,150.92957636188038,-772.8164415282429,-187.07752176866504,1522.800232682127,-221.59803165624635
1.78,-22.131821295919508,-23.101323546985927,57.28904233380575,-14.433295720563146,-130.47728538389237,-124.1857147219441,341.61724177479283,148.56709143182528,-632.4796140829905,-218.83348885053374,1530.3345300480921,-247.17379007485204
1.79,-23.492276460896463,-24.341945458364375,60.86382555284461,-12.995268936872742,-135.75825406382526,-126.42641939959951,356.407557421998,146.01777926755116,-473.78860011229085,-248.49459650540916,1526.1098209599104,-270.2958313387784
1.8,-24.896702955030367,-25.60486649084116,64.57928147973256,-11.580645190635376,-139.2793825295019,-128.9802050925083,371.00442217483436,143.2991964869191,-298.1573427345088,-274.7958733669919,1508.7314295337176,-291.077908578063
1.81,-26.325603061823557,-26.89336694920409,68.43149827021972,-10.190353747995374,-140.87469050501696,-131.80753117712655,385.2769606982236,140.42616014115282,-107.33086461527807,-296.4787463537318,1476.8505119663173,-309.66235783819167
1.82,-27.757762779296854,-28.210297705203768,72.41530535302665,-8.825365531222241,-140.39927883275806,-134.8554610724015,399.08276246493426,137.41077601010014,96.63312798118116,-312.32086077914335,1429.193772721395,-326.2135188829069
1.83,-29.170509712857793,-29.55793746029495,76.52419329261183,-7.486734090851311,-137.73260692357374,-138.0581315253533,412.268512265927,134.26256853334675,311.38890392638217,-321.1661946661924,1364.5946589810421,-340.91133452211614
1.84,-30.540009384903087,-30.937854675598267,80.75023738715863,-6.175627889022036,-132.78143393836154,-141.33754822725513,424.6708908017845,130.98869895349017,534.3333048384382,-321.954786769365,1282.025477137527,-353.94531361355195
1.85,-31.841595173784143,-32.3507777594954,85.08402674417525,-4.89335290527626,-125.48235674082397,-144.60470296804408,436.11776216075447,127.59425568064881,762.6418304101941,-313.75138561028194,1180.6297996321105,-365.50901408324256
1.86,-33.05012616946122,-33.79647709217375,89.51460086559447,-3.6413650043700305,-115.8038848604837,-147.76099985315426,446.4296599540886,124.08259902462463,993.3096408937769,-295.7723303784112,1059.7544647730017,-375.79516925327044
1.87,-34.14036643289879,-35.27366236637784,94.02939604623366,-2.421271942896526,-103.74800138010752,-150.6999704288311,455.4215778589092,120.4557413342797,1223.1967974006325,-267.40999424733167,918.9804190032398,-384.9915448304929
1.88,-35.0873784964246,-36.7798985324477,98.61420412916594,-1.2348253207333613,-89.35116861294794,-153.3092500755428,462.9050633938582,116.71474325528882,1449.0769650445438,-228.25415654326562,758.1516130081983,-393.2775765508429
1.89,-35.86692346401937,-38.31154335362319,103.2531463537571,-0.08390318817488254,-72.68474842803981,-155.47278092338905,468.69060604273545,112.86010726109357,1667.6887236893579,-178.10972192068812,577.4011423734179,-400.82180117080935
1.9,-36.455859779876945,-39.86370920724166,107.92866516176281,1.0295156150065927,-53.854818853078314,-157.0732000053142,472.59030250312645,108.89215079269977,1875.7885680157776,-117.01027149980756,377.1738222133402,-407.7800577036205
1.91,-36.83253264093617,-41.430251314068016,112.6215368796265,2.103383999712845,-33.00138085011344,-157.9943655732458,474.42077306274535,104.81134319908007,2070.204634235887,-45.22701166351741,158.24440485644598,-414.29440288553036
1.92,-36.97714613868003,-43.00378404930876,117.31090815801144,3.1356244092296444,-10.296961622627219,-158.12396962672463,474.0062941194916,100.61859311511185,2247.8901660611245,36.727220615861576,-78.26930863979166,-420.49265607092457
1.93,-36.87211052525798,-44.57572639504265,121.97435891169455,4.124170028269539,14.055366827493833,-157.3561808939641,471.18210291216917,96.31547584093329,2405.975728007503,128.09913330834345,-330.8991481571704,-426.4884651628421
1.94,-36.50235750057216,-46.13637694727429,126.58799425590743,5.067007506289057,39.82452321460205,-155.59425989089098,465.7978218878491,91.90439357119135,2541.8191898687514,227.90146096913026,-597.8256437579926,-432.3817676441125
1.95,-35.85561709602559,-47.675018206013746,131.12656757385616,5.962219263370546,66.75446460078714,-152.7530863682251,457.7209420823117,87.38866482856633,2653.0525418060315,334.9247596580482,-876.8839746278978,-438.2595098959444
1.96,-34.92265056729524,-49.18004916981428,135.56363637295112,6.80802350783502,94.56769385984121,-148.76153951443416,446.8402977198529,82.77254303981962,2737.6246541462074,447.75440092126684,-1165.5771593968514,-444.19648412180226
1.97,-33.697434678085585,-50.63914454446396,139.8717519967059,7.602810231476463,122.96916554125798,-143.56467275559757,433.06945823163386,78.06116770934528,2793.839168384468,564.7925287628439,-1461.0967029930753,-450.25614540260517
1.98,-32.17729383072836,-52.03943817726905,144.02268356206235,8.345171654362725,151.65052093608983,-137.12562788956907,416.3499593175938,73.26045495339382,2820.386794406883,684.2846241010977,-1760.3507533671907,-456.49128148156495
1.99,-30.36297764620911,-53.367727662187285,147.98767569919065,9.033925857467372,180.29457692447727,-129.42723758336342,396.6542917823647,68.37693712522908,2816.371391608294,804.3502071211834,-2059.9996476942306,-462.9444243270085
2.0,-28.258682782439685,-54.610696445399256,151.73773879807055,9.668132656742985,208.57998862481642,-120.4732708853128,373.9885658745538,63.417563768659164,2781.3293261290146,923.0171020701976,-2356.498545948698,-469.64791460747944
2.01,-25.872018971506563,-55.75514921347869,155.24396953300743,10.247101123661542,236.18600303995214,-110.2892832576365,348.39476992358783,58.38947808390702,2715.24172040354,1038.258594136995,-2646.1466644428438,-476.62355696504716
2.02,-23.213920420986682,-56.788255883638435,158.4778984660944,10.770388530558812,262.79721983344405,-98.923040587076,319.9525453217654,53.29978439665921,2618.5393419885795,1148.0327266581432,-2925.142437769197,-483.8818342270294
2.03,-20.298504829816846,-57.69779915234369,161.41186055019978,11.237790879480963,288.1082760503194,-86.44449551618433,288.7804054073873,48.15532273397809,2492.100013514068,1250.3229212673075,-3189.643759582006,-491.42068114025534
2.04,-17.142883287089784,-58.472420307435776,164.01938339064216,11.649325545679785,311.82837395982165,-72.94530406278223,255.03633357182872,42.96246650180968,2337.2385618571257,1343.1790556974966,-3435.832285881073,-499.2238514312642
2.05,-13.766925227816804,-59.10185787969098,166.27558721341512,12.005206916909273,333.6855751404288,-58.53788064341796,218.917705877164,37.726958427915946,2155.68945959551,1424.7581053027,-3659.980633980318,-507.25894452765317
2.06,-10.192983393033748,-59.577173709343974,168.15758965861477,12.305816223672046,353.4307893122109,-43.35400005322551,180.66049550143697,32.45379840870172,1949.5824428747276,1493.3634460963933,-3858.5211810204505,-515.4751886639071
2.07,-6.445584367699104,-59.890961135150526,169.64490780242164,12.551667021424144,370.8413930806723,-27.542965431306722,140.5377302279003,27.14719473277476,1721.4115145955147,1547.48192983969,-4028.115062250722,-523.8011039451711
2.08,-2.5510907392285707,-60.03753027820116,170.71984924017104,12.743367993212946,385.72442149790515,-11.269371502896089,98.85718969874893,21.81058742712536,1473.9978580682364,1585.8178755764275,-4165.719895403486,-532.1421909760436
2.09,1.4626587715504165,-60.01306578652157,171.36788366493525,12.881584882254447,397.919283962254,5.289497817887539,55.95834593783498,16.446749284468975,1210.447291996403,1607.3231766106694,-4268.654716735131,-540.3788067660705
2.1,5.566724705033584,-59.815752922560655,171.57798617539228,12.967003432996208,407.29996524749316,21.946589306499202,12.208568330399235,11.057966601891092,934.1029911169979,1611.2227963365026,-4334.660609370786,-548.3643988976307
2.11,9.731451282726061,-59.445868503594035,171.3429435638099,13.000295213363659,413.7766821540233,38.50826150870238,-32.001367595646464,5.646297924969561,648.4942766006359,1597.035019132986,-4361.955537263723,-555.9242707325692
2.12,13.926853494095875,-58.90583393127001,170.6596150844766,12.982088109992754,417.29697618819193,54.777663793679345,-76.26241007564361,0.2139052909633792,357.2823452580358,1564.5859318164282,-4349.28196920129,-562.8550443668055
2.13,18.123000759259615,-58.20022835450348,169.52913969328807,12.912943134876429,417.8462325911241,70.55824455909499,-120.15292450007915,-5.236551253253491,64.20385587139035,1514.017734539432,-4295.945986670015,-568.9249740409135
2.14,22.290391450327384,-57.33576088068993,167.9570824818818,12.79333896117512,415.4476257595873,85.65731569747288,-163.24485837577927,-10.701468571650988,-226.9866759705719,1445.7906147878862,-4201.8467157821,-573.87524101066
2.15,26.400313014716062,-56.32120166275543,165.95351399868056,12.62366532555696,410.16150045162834,99.88959800768228,-205.1102706935302,-16.17582063044296,-512.5747065580398,1360.6780611670845,-4067.4951045390467,-577.4223320121616
2.16,30.42518296944079,-55.16727262139473,163.5330173407537,12.404226104073338,402.08420699480695,113.08067153949031,-245.32810523902333,-21.65266241381008,-788.9427481337464,1259.7556416397342,-3894.0212790902006,-579.2615682527781
2.17,34.338866605000845,-53.886499489616405,160.71461929316536,12.135252499763302,391.34641688558037,125.07025593594923,-283.4910764738957,-27.122638026220468,-1052.6257562286128,1144.3834202552212,-3683.1699519618774,-579.0718114225667
2.18,38.1169678305987,-52.49302776680416,157.5216433577231,11.816926385827651,378.11095258181143,135.71524868697549,-319.21252849071726,-32.573514747169014,-1300.3638997914966,1016.1823335715125,-3437.2836162031117,-576.5213288904457
2.19,41.737090190438,-51.00240601871208,153.98148421523874,11.449413442176013,362.57017187003555,144.89245378253077,-352.13312254659974,-37.98976533239185,-1529.1518402352788,877.0049892967145,-3159.2735359383996,-571.2747535568283
2.2,45.17906566755553,-49.431340735982616,150.12530496306908,11.032905319755663,344.942952884268,152.50093946620657,-381.92720706838895,-43.35222056472337,-1736.2837061377652,728.9014816354425,-2852.5788292069938,-563.0010264568446
2.21,48.425149453844604,-47.797427646428496,145.9876603164327,10.567669680637396,325.47133063694736,158.46397150854727,-408.30872597850475,-48.63781293192605,-1919.3930239098077,574.0809370672484,-2521.1142259910284,-551.3821639088876
2.22,51.460179392716164,-46.11886494723306,141.60605080782773,10.054106606191704,304.416839789704,162.73047747375873,-431.0365268029433,-53.81943036111232,-2076.4869500651525,414.86960773355065,-2169.207365486694,-536.1226475714486
2.23,54.27169928774981,-44.41415436697185,137.0204148117178,9.492809553721896,282.05662135490627,165.2760076379504,-449.91893928243405,-58.865896211715075,-2205.974246465259,253.66641454400363,-1801.5267643611583,-516.9591969586443
2.24,56.850045713615415,-42.701796271763385,132.27256690892892,8.884628785142755,258.67935310596846,166.10316929586702,-464.81750800375875,-63.742088291104146,-2306.686544630777,92.89690624192725,-1423.0018344961925,-493.67065142141337
2.25,59.188398364528275,-40.99998518635888,127.40559263551683,8.230734999468268,234.5810647237194,165.24152290574034,-475.64977868864236,-68.40920560453982,-2377.892557380822,-65.0333578035412,-1038.7365474248897,-466.08766381337267
2.26,61.28279433329022,-39.3263121049062,122.46321098573853,7.532680781694303,210.0608991633137,162.74694058989266,-482.3910569111586,-72.82518700293616,-2419.305014072363,-217.78497562834926,-653.9185267571637,-434.10189229251284
2.27,63.1321070355,-37.69747981684232,117.48911711426774,6.79245743950262,185.4168814402553,158.70043964235367,-485.07507975640056,-76.94528098611127,-2431.080217883988,-363.12940289494696,-273.7254935647282,-397.67437095372566
2.28,64.73799078527544,-36.1290371743359,112.52631847113734,6.012544838937856,160.9417550542429,153.20651560045874,-483.79356479324275,-80.72276080931424,-2413.8102481757332,-498.99119802906387,96.76891188601023,-356.84274491699665
2.29,66.10479229816644,-34.63513778637855,107.61647807378475,5.195951971079568,136.91894464223245,146.3910108251838,-478.6946261484207,-84.10977389079439,-2368.507956156757,-623.4868803085083,452.68785922468146,-311.7270714354474
2.3,67.23943065136724,-33.22832805227855,102.79927875241056,4.346246181380122,113.61870121901364,138.39856512579397,-469.98007381366443,-87.05830949728463,-2296.5850260520665,-734.9595470038836,789.4405370586654,-262.5339154859686
2.31,68.15124747786494,-31.91936875871076,98.11182198560483,3.467569266831761,91.29448356015106,129.38970449724658,-457.9016389236781,-89.5212639617045,-2199.823494782942,-832.0084946883868,1102.8058257345774,-209.55850572830855
2.32,68.85182941567906,-30.717093677469204,93.58807437097492,2.564638986099073,70.17962593690984,119.5376322774453,-442.7561939149756,-91.45357842685496,-2080.341238936756,-913.5132074529687,1389.008524167781,-153.1847638494867
2.33,69.35480508011413,-29.628307736074216,89.25837385887054,1.6427349246275764,50.484338547623906,109.02479377044796,-424.88006151071914,-92.81342046327578,-1940.5520465578313,-978.6512081319461,1644.7863781929116,-93.8830759660454
2.34,69.67561907820371,-28.65772641281351,85.14900663511624,0.7076680990019063,32.393082620973544,98.03929045175293,-404.64252968325985,-93.56337801583636,-1783.1209911015228,-1026.9094144795693,1867.4463620552092,-32.20573741562318
2.35,69.83128584023673,-27.807957055400554,81.28186399968595,-0.2342658406271306,16.062357305817905,86.77122314398831,-382.4387104641251,-93.67163210868377,-1610.915913845469,-1058.0887969075782,2054.9089112764314,31.219929886835683
2.36,69.84012630101812,-27.079521862635776,77.67418679036298,-1.1763494587041707,1.6189301197516095,75.40904494074195,-358.68189809187845,-93.11307367410637,-1426.9558972879095,-1072.3022940076035,2205.7390882453706,95.70071738750968
2.37,69.72149071859324,-26.47092132564961,74.33840288953387,-2.1115215862502588,-10.841463084472437,64.13600412408057,-333.79559597229803,-91.87032983218806,-1234.357673818119,-1069.966102593552,2319.1639744099316,160.48878514482897
2.38,69.49547116369907,-25.978736023170157,71.28206118097005,-3.0324692469465715,-21.25492894397285,53.126754875964,-308.2053918199584,-89.93466596909907,-1036.2809595861077,-1051.7846163100385,2395.075916828359,224.79482005210326
2.39,69.18260744052894,-25.597763826098657,68.50786304947839,-3.9317316723560016,-29.589725213069016,42.54420928092864,-282.33086580439925,-87.30673204493631,-835.8737315738086,-1018.7294369235293,2434.0216032642793,287.8028182062323
2.4,68.80359039848884,-25.321188810820846,66.01379020075689,-4.801814208350271,-35.84606130553296,32.5366980587426,-256.5777173004811,-83.99712467710785,-636.218475151706,-972.0130213699172,2437.17728966915,348.6861523360392
2.41,68.37896675461795,-25.140777525942404,63.79332528431338,-5.635309557607702,-40.055392320156436,23.235499796494338,-231.3302918276895,-80.02674063004623,-440.2804189458292,-913.0576518751072,2406.3108472288955,406.6245333875699
2.42,67.9288496561416,-25.047097718352717,61.835759591176796,-6.425023513561968,-42.279215865517585,14.75278935522991,-206.94468097335016,-75.42690230322775,-250.8587430237763,-843.4605227657139,2343.731623636181,460.82143400765955
2.43,67.47263926148155,-25.02975421320984,60.12658003040613,-7.164102129443912,-42.607388958754974,7.180045828034764,-183.7425546788496,-70.23924152494371,-70.54169499929549,-764.955823180555,2252.2294156812027,510.52151250449583
2.44,67.0287575962207,-25.07763636654219,58.6479257201158,-7.846157139832337,-41.155990343923705,0.5869491760849133,-162.00586750665857,-64.51533428109225,98.33352315577409,-679.3747575588536,2135.004119025202,555.027560277487
2.45,66.61440183982546,-25.179171372910016,57.37910291024479,-8.465386416642442,-38.064761638810715,-4.97921725715731,-141.97255880692006,-58.31608576654779,253.71532635826412,-588.6044839053194,1995.5878483908737,593.7164946713433
2.46,66.2453200132885,-25.322577714453644,56.297145628822236,-9.016686299220376,-33.4941686364207,-9.493653461754917,-123.83334159203709,-51.71087215406944,393.86611463046177,-494.5469624615105,1837.7615007433583,626.053933236721
2.47,65.93561276371732,-25.496113178513333,55.37740844587615,-9.495752788810904,-27.622131702545524,-12.953626200811732,-107.72964703937508,-44.77645253249993,517.3839042655122,-399.0786942835272,1665.4678600453906,651.6069144973719
2.48,65.69756457858298,-25.688312142203532,54.59417710492109,-9.899168837868453,-20.64048135264147,-15.377568821974402,-93.75276160083449,-37.5956713655688,623.21682972201,-304.012290778179,1482.7234110616462,670.0543740483652
2.49,65.54150731226444,-25.888207214035283,53.92128249668163,-10.224475288412753,-12.751201576887281,-16.803728708695488,-81.94416250211141,-30.25597835724499,710.6702778705501,-211.0607526203251,1293.5310393192858,681.1950421488398
2.5,65.47571837625213,-26.085530822240962,53.3327035485527,-10.470223412143346,-4.16252912203293,-17.288404430728573,-72.29702581518457,-22.847798576408625,779.4065789252504,-121.8052514707292,1101.7957442991863,684.9524984396127
2.51,65.50635534060349,-26.270892931788744,52.80314507107703,-10.636007467152702,4.915018458854183,-16.903824343138744,-64.75885016621338,-15.462790900472113,829.4373463697594,-37.667102968743265,911.2453846018258,681.3771990646592
2.52,65.63742802959786,-26.435931740162975,52.308577424136665,-10.722476198549332,14.27260979917079,-15.735726722363717,-59.23510938466033,-8.192037108752956,861.1087274659812,40.11550242008658,725.3583103215523,670.6453789506595
2.53,65.8708084832707,-26.573434927382387,51.82672601577237,-10.731322758160434,23.706983585637694,-13.880708299565443,-55.59381987580405,-1.1242071379723686,875.0799922743033,110.50557949365952,547.2995239673241,653.0548246026951
2.54,66.20627841506646,-26.67742979907702,51.33750009202108,-10.665253085540188,33.02417070881011,-11.44341307599147,-53.670884031016186,5.6562520229600075,872.29604810353,172.67995312934931,379.86675332709217,629.0176075476925
2.55,66.64161304236619,-26.743241443017112,50.82335197573263,-10.527933361863504,42.04297737358675,-8.533636444790204,-53.276050331918505,12.070855669868262,853.954613480833,226.03625211081095,225.44752539066585,599.0499623733378
2.56,67.17269942033403,-26.767518799695733,50.269559818478136,-10.32391770286635,50.5981549009334,-5.2634208072708155,-54.19931461637935,18.04870154554939,821.4689166998113,270.19430796246155,85.98800866102593,563.7595829769286
2.57,67.79368669003892,-26.74822930746101,49.664428989960186,-10.058557780124435,58.54318685508406,-1.7442180166258487,-56.21757580186295,23.527925542139865,776.4268946021328,304.9921234075473,-37.025948398611604,523.8306930083903
2.58,68.49716497855931,-26.68462350441384,48.999409387966814,-9.73789653590719,65.75263089643599,1.9158088826824062,-59.10135361622116,28.456951163032457,720.5479536770399,330.47671637812164,-142.575502145635,480.0073185736457
2.59,69.27436908028099,-26.57717163647604,48.26912815127443,-9.368548571338872,72.1239613533329,5.6142769658162095,-62.62137582836701,32.79549579640387,655.638414540203,346.89027552183023,-230.1034852595725,433.0752503361049
2.6,70.11540252181626,-26.427474919190455,47.471339440208936,-8.95757012832729,77.5788688353093,9.25680678611587,-66.55484819897991,36.51530291754229,583.5467897532642,354.65217822694626,-299.49765919004676,383.8432258678149
2.61,71.00947718273859,-26.23815461758436,46.6067950583947,-8.5123218427322,82.06398512799909,12.758925105331548,-70.69123181040378,39.60057650019212,506.12004193090536,354.337519136798,-351.063449132598,333.12388958356877
2.62,71.94516332283497,-26.012722533828036,45.67904167095991,-8.040327612288271,85.55101490888148,16.047604111924137,-74.83736933554246,42.048102006518256,425.1619332199792,346.65287331787846,-385.4873378721608,281.71509552571825
2.63,72.91064466297347,-25.755436818995197,44.694152179691166,-7.549132993558936,88.03627023817143,19.062405248862287,-78.82182374341826,43.86704713564875,342.39450858795266,332.4100716937475,-403.79232884129044,230.3821069676075
2.64,73.89397308677367,-25.47114724813307,43.660400400230735,-7.046166516438948,89.53961898938985,21.75620769830704,-82.49831932084987,45.07844480692388,259.42365504973037,312.4987957763455,-407.28707518258494,179.8412162609053
2.65,74.8833175763568,-25.165134214848976,42.58788951257517,-6.538607184304606,90.10287401684486,24.095514093052817,-85.74820496423229,45.71437037600632,177.7095492107614,287.8588035837376,-397.510405238264,130.74525926437082
2.66,75.86720216630798,-24.842945713051453,41.48814579310083,-6.033261217699527,89.78766549459984,26.060338793478643,-88.48189256956773,45.816834550949515,98.54264961811326,259.45257916403233,-376.1730522195088,83.67143246618667
2.67,76.83472799094126,-24.5102364821223,40.37368986092419,-5.536450807116669,88.6728540488699,27.643696716163397,-90.63925800859244,45.43642259981385,23.025712744399478,228.23915534936017,-345.0984152075915,39.111739643777035
2.68,77.7757749031534,-24.172613302675295,39.2575980682871,-5.0539172761732525,86.85155656208802,28.85072284925773,-92.18902751439978,44.63071892486976,-47.93788270160885,195.1497949764946,-306.1641404060318,-2.533698672607771
2.69,78.68117864786763,-23.83549015023878,38.15306672646834,-4.590740632558259,84.42786935677535,29.69746386350912,-93.12720713575479,43.462563626750764,-113.64942288761766,161.06613224777453,-261.2462179085764,-40.96034225646382
2.7,79.54288016619026,-23.50395655249452,37.07299158589192,-4.151277014473931,81.513384375128,30.20939326005397,-93.47464604696843,41.99819401167729,-173.61388508073782,126.80127618594472,-212.167144214874,-75.95991192842627
2.71,80.35404427295306,-23.182662062368635,36.029574389529834,-3.739115039894095,78.22360247515691,30.419709940786184,-93.27385471480834,40.30532884166519,-227.5330348168462,93.08426578088836,-160.6495100435494,-107.41814014863168
2.72,81.10914567405328,-22.875719265667396,35.033967407254146,-3.357051550335278,74.67435361702286,30.367486629357376,-92.58522506226896,38.45125625462067,-275.29311871020917,60.548145340850056,-108.27614386730367,-135.30978347257982
2.73,81.80402105405857,-22.586627200216245,34.09596565669493,-3.007086725406906,70.97833611344552,30.095738937232788,-91.48282074932199,36.50098748760425,-316.9478517068042,29.7218029015797,-56.457682445234376,-159.69118726262306
2.74,82.43588675205555,-22.31821648615688,33.22375505022678,-2.6904380439196824,67.2418859318735,29.649487838088913,-90.04992055269696,34.515537665839425,-352.6975458267825,1.0255885740310846,-6.408159772447938,-180.69077975489628
2.75,83.0033223384655,-22.072616866845472,32.42372300957157,-2.407572095283273,63.56208201402288,29.07388772524159,-88.37450577094651,32.55039186801167,-382.8653433376555,-25.22939236379123,40.87108482372272,-198.4979437401593
2.76,83.50622119253434,-21.851247249124384,31.700336194782505,-2.158252813042197,60.024284572753004,28.412488991715847,-86.5448830070604,30.654209400456125,-407.87159532173484,-48.83853099523068,84.59917018971342,-213.35076634467885
2.77,83.94570994618128,-21.654827722572787,31.056087941835457,-1.941604320180222,56.700190307658644,27.705698181329783,-84.64562622249656,28.867811730729972,-428.207462474323,-69.69783289241718,124.21538162619754,-225.52319798618723
2.78,84.32403939381672,-21.483412440914172,30.491515833830476,-1.7561862501588952,53.64647155325048,26.989490288778764,-82.75400651359666,27.223489938794124,-444.40880596057923,-87.79531273167554,159.37136123006582,-235.31215866393163
